resolution_id,resolution_number,year,file_id,movie_id,pur_number,cpnd_number,incentive_article,resolution_type,investor_name,investor_rnc,local_company,producer_rnc,foreign_producer,film_title,request_date,resolution_date,validated_expenses_dop,tax_credit_dop,tax_credit_pct,total_budget_approved,total_budget_executed,extraction_confidence,needs_review,review_reasons,manually_reviewed,manual_note,source_file
1,CIPAC-2012-001,2012,,,002,,art_39,approved,,,"FILM001, INC",1-30-83426-1,,THE TRUTH,2012-02-29,2012-03-29,46168271.82,11542067.96,25.0,38432098.0,46168271.82,0.4,0,,1,"validated_amount_dop|set_manual|null|46168271.82|Converted from USD 1181628.78 using BCRD rate 39.0742 on 2012-03-29|Resolution PDF PRIMERO section|2026-08-13|JDP;;tax_credit_dop|set_manual|null|11542067.96|Converted from USD 295407.20 using BCRD rate 39.0742 on 2012-03-29|Resolution PDF SEGUNDO section|2026-08-13|JDP;;total_budget_executed|set_manual|null|46168271.82|Converted from USD 1181628.78 using BCRD rate 39.0742 on 2012-03-29|Resolution PDF budget section|2026-08-13|JDP;;total_budget_approved|set_manual|null|38432098.00|Sourced from PUR No. 002 Monto A Invertir En Rep Dom|PUR certificate No. 002|2026-08-13|JDP;;producer_rnc|set_manual|null|1-30-83426-1|OCR did not capture RNC in header|Resolution PDF header|2026-08-13|JDP;;request_date|set_manual|null|2012-02-29|Manually sourced from resolution document|Resolution PDF VISTOS section|2026-08-13|JDP;;production_company|correct_value|OCR_garbage|FILM001, INC.|OCR captured Considerando paragraph instead of company name|Resolution PDF header|2026-08-13|JDP",resolucion-cipac-no-2012-001_validacion-de-gastos-de-credito-fiscal-transferible_film001-the-truth.pdf
2,CIPAC-2012-002,2012,,,001,001,art_34,approved,"VIDEO UNIVERSAL, S.R.L.",1-22-00857-8,"ENTREPRENEUR FILMS, S.R.L.",1-30-82560-2,,EL REY DE NAJAYO,2012-03-23,2012-03-29,990000.0,990000.0,100.0,14240247.18,14240247.0,0.7,0,,1,producer_rnc|set_manual|null|1-30-82560-2|Azure read 130825602 missing hyphen in RNC format|Resolution PDF header p.1|2026-08-13|JDP;;investor_rnc|set_manual|null|1-22-00857-0|Azure read 1-2200857-0 missing hyphen in RNC format|Resolution PDF header p.1|2026-08-13|JDP;;total_budget_approved|set_manual|null|14240247.18|Amount sourced from CPND No. 001 El Rey De Najayo not present in resolution PDF|CPND certificate No. 001|2026-08-13|JDP,resolucion-cipac-no-2012-002_validacion-de-inversion-video-universal-el-rey-de-najayo.pdf
3,CIPAC-2012-003,2012,,,001,001,art_34,approved,"RSD REMANUFACTURE SOLUTIONS DOMINICANA, S.R.L.",1-30-23890-1,"ENTREPRENEUR FILMS, S.R.L.",1-30-82560-2,,EL REY DE NAJAYO,2012-03-23,2012-03-29,990000.0,990000.0,100.0,14240247.18,14240247.0,0.7,0,,1,producer_rnc|set_manual|null|1-30-82560-2|Azure read 130825602 missing hyphen in RNC format|Resolution PDF header p.1|2026-08-13|JDP;;investor_rnc|set_manual|null|1-30-23890-1|Azure read 1-3023890-1 missing hyphen in RNC format|Resolution PDF header p.1|2026-08-13|JDP;;total_budget_approved|set_manual|null|14240247.18|Amount sourced from CPND No. 001 El Rey De Najayo not present in resolution PDF|CPND certificate No. 001|2026-08-13|JDP,resolucion-cipac-no-2012-003_valicacion-de-inversion-remanufacture-solutions-dominicana-el-rey-de-najayo.pdf
4,CIPAC-2012-004,2012,,,001,001,art_34,approved,"SERVICIOS INFORMATIVOS NACIONALES NOTICIAS SIN, S.R.L.",1-30-17966-2,"ENTREPRENEUR FILMS, S.R.L.",1-30-82560-2,,EL REY DE NAJAYO,2012-03-23,2012-03-29,1073142.97,1073142.97,100.0,14240247.18,14240247.0,0.7,0,,1,producer_rnc|set_manual|null|1-30-82560-2|Azure read 130825602 missing hyphen in RNC format|Resolution PDF header p.1|2026-08-13|JDP;;investor_rnc|set_manual|null|1-30-17966-2|Azure read 1-3017966-2 missing hyphen in RNC format|Resolution PDF header p.1|2026-08-13|JDP;;total_budget_approved|set_manual|null|14240247.18|Amount sourced from CPND No. 001 El Rey De Najayo not present in resolution PDF|CPND certificate No. 001|2026-08-13|JDP,resolucion-cipac-no-2012-004_validacion-de-inversion-servicios-informativos-nacionales-el-rey-de-najayo.pdf
5,CIPAC-2012-005,2012,,,001,001,art_34,approved,"UNITED BRANDS, S.A.",1-24-01933-8,"ENTREPRENEUR FILMS, S.R.L.",1-30-82560-2,,EL REY DE NAJAYO,2012-03-23,2012-03-29,8257892.64,8257892.64,100.0,14240247.18,14240247.0,0.7,0,,1,producer_rnc|set_manual|null|1-30-82560-2|Azure read 130825602 missing hyphen in RNC format|Resolution PDF header p.1|2026-08-13|JDP;;investor_rnc|set_manual|null|1-24-01933-8|Azure read 1-3017966-2 missing hyphen in RNC format|Resolution PDF header p.1|2026-08-13|JDP;;total_budget_approved|set_manual|null|14240247.18|Amount sourced from CPND No. 001 El Rey De Najayo not present in resolution PDF|CPND certificate No. 001|2026-08-13|JDP,resolucion-cipac-no-2012-005_validacion-de-inversion-united-brands-el-rey-de-najayo.pdf
6,CIPAC-2012-010,2012,,,010,002,art_34,approved,"ALTICE DOMINICANA, S.A.",1-01-61878-7,"DRAGON FILMS, S.R.L.",1-30-84607-3,,LOTOMAN 2.0,2012-07-09,2012-07-19,20000000.0,20000000.0,100.0,46885882.5,51392492.71,0.8,0,,1,producer_rnc|set_manual|null|1-30-84607-3|Azure read 1-3084607-3 missing hyphen in RNC format|Resolution PDF header p.1|2026-08-13|JDP;;total_budget_approved|set_manual|null|46885882.50|Amount sourced from CPND No. 002 Lotoman 2 not present in resolution PDF|CPND certificate No. 002|2026-08-13|JDP,resolucion-cipac-no-2012-010_validacion-de-inversion-orange-dominicana-lotoman-2-0.pdf
7,CIPAC-2012-011,2012,,,010,002,art_34,approved,"AES ANDRES DR, S.A.",1-01-83722-5,"DRAGON FILMS, S.R.L.",1-30-84607-3,,LOTOMAN 2.0,2012-07-09,2012-07-19,25000000.0,25000000.0,100.0,46885882.5,51392492.71,0.8,0,,1,producer_rnc|set_manual|null|1-30-84607-3|Azure read 1-3084607-3 missing hyphen in RNC format|Resolution PDF header p.1|2026-08-13|JDP;;total_budget_approved|set_manual|null|46885882.50|Amount sourced from CPND No. 002 Lotoman 2 not present in resolution PDF|CPND certificate No. 002|2026-08-13|JDP,resolucion-cipac-no-2012-011_validacion-de-inversion-aes-andres-lotoman-2-0.pdf
8,CIPAC-2012-012,2012,,,007,004,art_34,approved,"BANCO MÚLTIPLE BDI, S.A.",1-01-04029-7,"CINDERELO, S.R.L.",1-30-86801-8,,"FEO DE DÍA, LINDO DE NOCHE",2012-07-09,2012-07-19,3504473.0,3504473.0,100.0,29736672.0,10284540.0,0.9,0,,1,"total_budget_approved|set_manual|null|29736672.00|Amount sourced from CPND No. 004 Feo De Dia, Lindo De Noche not present in resolution PDF|CPND certificate No. 004|2026-08-13|JDP",resolucion-cipac-no-2012-012_-validacion-de-inversion-banco-multiple-bdi-feo-de-dia-lindo-de-noche.pdf
9,CIPAC-2012-013,2012,,,007,004,art_34,approved,"CENTROS DEL CARIBE, S.A.S.",1-01-70451-9,"CINDERELO, S.R.L.",1-30-86801-8,,"FEO DE DÍA, LINDO DE NOCHE",2012-07-09,2012-07-19,3504473.0,3504473.0,100.0,29736672.0,10284540.0,0.8,0,,1,"investor_rnc|set_manual|null|1-01-70451-9|Azure did not read RNC format|Resolution PDF header p.1|2026-08-13|JDP;;total_budget_approved|set_manual|null|29736672.00|Amount sourced from CPND No. 004 Feo De Dia, Lindo De Noche not present in resolution PDF|CPND certificate No. 004|2026-08-13|JDP",resolucion-cipac-no-2012-013_validacion-de-inversion-centros-del-caribe-feo-de-dia-lindo-de-noche.pdf
10,CIPAC-2012-014,2012,,,007,004,art_34,approved,"ANTONIO CHAHAIN M, S.A.",1-01-08822-2,"CINDERELO, S.R.L.",1-30-86801-8,,"FEO DE DÍA, LINDO DE NOCHE",2012-07-09,2012-07-19,802405.51,802405.51,100.0,29736672.0,10284540.0,0.8,0,,1,"total_budget_executed|set_manual|null|10284540.0|Propagated from sibling resolution CIPAC-2012-012 with same film title|cipac_2012_results.json|2026-08-13|JDP;;total_budget_approved|set_manual|null|29736672.00|Amount sourced from CPND No. 004 Feo De Dia, Lindo De Noche not present in resolution PDF|CPND certificate No. 004|2026-08-13|JDP",resolucion-cipac-no-2012-014_validacion-de-inversion-anthonio-chahim-m-feo-de-dia-lindo-de-noche.pdf
11,CIPAC-2012-015,2012,,,007,004,art_34,approved,"CARIBBEAN FILMS DISTRIBUTION R&L, S.R.L.",1-30-34513-9,"CINDERELO, S.R.L.",1-30-86801-8,,"FEO DE DÍA, LINDO DE NOCHE",2012-07-09,2012-07-19,1700000.0,1700000.0,100.0,29736672.0,10284540.0,0.9,0,,1,"total_budget_executed|set_manual|null|10284540.0|Propagated from sibling resolution CIPAC-2012-012 with same film title|cipac_2012_results.json|2026-08-13|JDP;;total_budget_approved|set_manual|null|29736672.00|Amount sourced from CPND No. 004 Feo De Dia, Lindo De Noche not present in resolution PDF|CPND certificate No. 004|2026-08-13|JDP",resolucion-cipac-no-2012-015_validacion-de-inversion-caribbean-films-dstribution-feo-de-dia-lindo-de-noche.pdf
12,CIPAC-2012-016,2012,,,007,004,art_34,approved,"PARADIGM CARIBBEAN, S.R.L.",1-30-54712-2,"CINDERELO, S.R.L.",1-30-86801-8,,"FEO DE DÍA, LINDO DE NOCHE",2012-07-09,2012-07-19,300000.0,300000.0,100.0,29736672.0,10284540.0,0.8,0,,1,"total_budget_executed|set_manual|null|10284540.0|Propagated from sibling resolution CIPAC-2012-013 with same film title|cipac_2012_results.json|2026-08-13|JDP;;total_budget_approved|set_manual|null|29736672.00|Amount sourced from CPND No. 004 Feo De Dia, Lindo De Noche not present in resolution PDF|CPND certificate No. 004|2026-08-13|JDP",resolucion-cipac-no-2012-016_validacion-de-inversion-parandingm-caribbean-feo-de-dia-lindo-de-noche.pdf
13,CIPAC-2012-019,2012,,,007,004,art_34,approved,"CENTRO CUESTA NACIONAL, S.A.S.",1-01-01992-1,"CINDERELO, S.R.L.",1-30-86801-8,,"FEO DE DÍA, LINDO DE NOCHE",2012-10-24,2012-11-06,2002522.0,2002522.0,100.0,29736672.0,23454762.0,0.9,0,,1,"total_budget_approved|set_manual|null|29736672.00|Amount sourced from CPND No. 004 Feo De Dia, Lindo De Noche not present in resolution PDF|CPND certificate No. 004|2026-08-13|JDP",resolucion-cipac-no-2012-019_validacion-de-inversioncentro-cuesta-nacional-feo-de-dia-lindo-de-noche.pdf
14,CIPAC-2012-020,2012,,,007,004,art_34,approved,"SIGMA PETROLEUM CORP, S.R.L.",1-30-68916-4,"CINDERELO, S.R.L.",1-30-86801-8,,"FEO DE DÍA, LINDO DE NOCHE",2012-10-24,2012-11-06,7000000.0,7000000.0,100.0,29736672.0,23454762.0,0.7,0,,1,"producer_rnc|set_manual|null|1-30-88601-8|Azure read 1-30-886018 missing hyphen in RNC format|Resolution PDF header p.1|2026-08-13|JDP;;cpnd_number|set_manual|null|004|OCR noise around CPND number in resolution text|Resolution PDF VISTOS section|2026-08-13|JDP;;total_budget_approved|set_manual|null|29736672.00|Amount sourced from CPND No. 004 Feo De Dia, Lindo De Noche not present in resolution PDF|CPND certificate No. 004|2026-08-13|JDP",resolucion-cipac-no-2012-020_validacion-de-inversion-sigma-petroleum-corp-feo-de-dia-lindo-de-noche.pdf
15,CIPAC-2013-001,2013,,,025,014,art_34,approved,"CÉSAR IGLESIAS, S.A.",1-01-01938-7,"LARIMAR FILMS, S.R.L.",1-30-90748-1,,LOS SUPER,2012-12-31,2013-01-21,27947419.68,27947419.68,100.0,47735623.0,31948192.87,0.9,0,,1,total_budget_approved|set_manual|null|47735623.00|Amount sourced from CPND No. 014 Los Súper not present in resolution PDF|CPND certificate No. 014|2026-08-12|JDP,resolucion-cipac-no-2013-001_validacion-de-inversion-cesar-iglesias-larimas-films-los-super.pdf
16,CIPAC-2013-002,2013,,,025,014,art_34,approved,"PARALLAX VALORES PUESTO DE BOLSA, S.A.",1-01-56714-7,"LARIMAR FILMS, S.R.L.",1-30-90748-1,,LOS SÚPER,2012-12-31,2013-01-21,4000000.0,4000000.0,100.0,47735623.0,31948192.87,0.7,0,,1,investor_rnc|set_manual|null|1-01-56714-7|Azure read 1-01-567147 missing hyphen in RNC format|Resolution PDF header p.1|2026-08-12|JDP;;total_budget_executed|set_manual|null|31948192.87|OCR did not capture executed budget paragraph|Resolution PDF budget section|2026-08-12|JDP;;total_budget_approved|set_manual|null|47735623.00|Amount sourced from CPND No. 014 Los Súper not present in resolution PDF|CPND certificate No. 014|2026-08-12|JDP,resolucion-cipac-no-2013-002_validacion-de-inversion-parallax-valores-puesto-de-bolsa-larimar-films-los-super.pdf
17,CIPAC-2013-003,2013,,,020,010,art_34,approved,"COBINCA, S.A.",1-01-19447-2,"MAS FILMS, S.R.L.",1-30-89952-5,,PROFE POR ACCIDENTE,2012-12-10,2013-01-21,10000000.0,10000000.0,100.0,35849340.0,26013144.0,0.7,0,,1,investor_rnc|set_manual|null|1-01-19447-2|Azure did not find RNC|Resolution PDF header p.1|2026-08-12|JDP;;producer_rnc|set_manual|null|1-30-89952-5|Azure did not find RNC|Resolution PDF header p.1|2026-08-12|JDP;;total_budget_approved|set_manual|null|35849340.00|Amount sourced from CPND No. 010 Profe Por Accidente not present in resolution PDF|CPND certificate No. 010|2026-08-12|JDP,resolucion-cipac-no-2013-003_validacion-de-inversion-cobinca-mas-films-profe-por-accidente.pdf
18,CIPAC-2013-004,2013,,,020,010,art_34,approved,"ALTICE DOMINICANA, S.A.",1-01-61678-7,"MAS FILMS, S.R.L.",1-30-89952-5,,PROFE POR ACCIDENTE,2012-12-10,2013-01-21,7000000.0,7000000.0,100.0,35849340.0,26013144.0,0.9,0,,1,total_budget_approved|set_manual|null|35849340.00|Amount sourced from CPND No. 010 Profe Por Accidente not present in resolution PDF|CPND certificate No. 010|2026-08-12|JDP,resolucion-cipac-no-2013-004_validacion-de-inversion-orange-dominicana-mas-films-profe-por-accidente.pdf
19,CIPAC-2013-005,2013,,,020,010,art_34,approved,"DISASHOP DOMINICANA, S.R.L.",1-30-17301-1,"MAS FILMS, S.R.L.",1-30-89952-5,,PROFE POR ACCIDENTE,2012-12-10,2013-01-21,4500000.0,4500000.0,100.0,35849340.0,26013144.0,0.8,0,,1,investor_rnc|set_manual|null|1-30-17301-1|Azure did not find RNC|Resolution PDF header p.1|2026-08-12|JDP;;total_budget_approved|set_manual|null|35849340.00|Amount sourced from CPND No. 010 Profe Por Accidente not present in resolution PDF|CPND certificate No. 010|2026-08-12|JDP,resolucion-cipac-no-2013-005_validacion-de-inversion-disa-consulting-dominicana-mas-films-profe-por-accidente.pdf
20,CIPAC-2013-006,2013,,,020,010,art_34,approved,"CENTRO CUESTA NACIONAL, S.A.S.",1-01-01992-1,"MAS FILMS, S.R.L.",1-30-89952-5,,PROFE POR ACCIDENTE,2012-12-10,2013-01-21,3500000.0,3500000.0,100.0,35849340.0,26013144.0,0.8,0,,1,producer_rnc|set_manual|null|1-30-89952-5|Azure did not find RNC|Resolution PDF header p.1|2026-08-12|JDP;;total_budget_approved|set_manual|null|35849340.00|Amount sourced from CPND No. 010 Profe Por Accidente not present in resolution PDF|CPND certificate No. 010|2026-08-12|JDP,resolucion-cipac-no-2013-006_validacion-de-inversion-centro-cuesta-nacional-mas-films-profe-por-accidente.pdf
21,CIPAC-2013-007,2013,,,027,,art_39,approved,,,"FILM002, INC.",1-30-89380-2,,CABIN FEVER: PATIENT ZERO,2013-01-02,2013-02-01,51121010.75,12780252.69,25.0,56135105.82,51121010.75,1.0,0,,0,,resolucion-cipac-no-2013-007_validacion-de-gastos-credito-fiscal-transferible-films-cabin-fever-patient-zero.pdf
22,CIPAC-2013-009,2013,,,029,016,art_34,approved,"MERCASID, S.A.",1-01-80768-7,"INVESTCODE, S.R.L.","BONTER MEDIA, S.R.L.",,@ARROBÁ,2013-01-29,2013-02-21,18785275.0,18785275.0,100.0,37571540.34,37571540.34,0.8,0,,1,investor_rnc|set_manual|null|1-01-80768-7|Azure did not find RNC|Resolution PDF header p.1|2026-08-12|JDP;;total_budget_approved|set_manual|null|37571540.34|Amount sourced from CPND No. 016 @Arrobá not present in resolution PDF|CPND certificate No. 016|2026-08-12|JDP,resolucion-cipac-no-2013-009_validacion-de-inversion-mercasid-investicode-arroba.pdf
23,CIPAC-2013-010,2013,,,029,016,art_34,approved,"FERTILIZANTES QUÍMICOS DOMINICANOS, S.A.",1-01-00990-1,"INVESTCODE, S.R.L.","BONTER MEDIA, S.R.L.",,@ARROBÁ,2013-01-29,2013-02-21,18785275.0,18785275.0,100.0,37571540.34,37571540.34,0.8,0,,1,producer_rnc|set_manual|null|1-30-94031-2|Azure did not find RNC|Resolution PDF header p.1|2026-08-12|JDP;;total_budget_approved|set_manual|null|37571540.34|Amount sourced from CPND No. 016 @Arrobá not present in resolution PDF|CPND certificate No. 016|2026-08-12|JDP,resolucion-cipac-no-2013-010_validacion-de-inversion-fertilizantes-quimicos-dominicanos-investicode-arroba.pdf
24,CIPAC-2013-011,2013,,,036,020,art_34,approved,"BODY SHOP ATHLETIC CLUB, S.R.L.",1-01-63758-7,"SUJETO 10, S.R.L.",1-30-94395-8,,SUJETO NO. 10,2013-01-18,2013-02-21,5650849.85,5650849.85,100.0,23909050.0,5650849.85,0.8,0,,1,investor_rnc|set_manual|null|1-01-63758-7|Azure did not find RNC|Resolution PDF header p.1|2026-08-12|JDP;;total_budget_approved|set_manual|null|23909050.00|Amount sourced from CPND No. 020 Sujeto No. 10 not present in resolution PDF|CPND certificate No. 020|2026-08-12|JDP,resolucion-cipac-no-2013-011_validacion-de-inversion-body-shop-athetic-suejto-10-sujeto10.pdf
25,CIPAC-2013-012,2013,,,022,011,art_34,approved,"ALTICE DOMINICANA, S.A.",1-01-61678-7,"CELINES TORIBIO ENTERPRISES, S.R.L.",1-30-86198-6,,MARIA MONTEZ,2013-02-06,2013-02-21,10000000.0,10000000.0,100.0,63306571.0,17646444.0,0.8,0,,1,investor_rnc|set_manual|null|1-01-61678-7|Azure did not find RNC|Resolution PDF header p.1|2026-08-12|JDP;;total_budget_approved|set_manual|null|63306571.00|Amount sourced from CPND No. 011 Maria Montez not present in resolution PDF|CPND certificate No. 011|2026-08-12|JDP,resolucion-cipac-no-2013-012_validacion-de-inversion-orange-dominicana-celines-toribio-maria-montez.pdf
26,CIPAC-2013-014,2013,,,023,012,art_34,approved,"PLATER INVESTMENT, S.A.",1-30-53953-7,"AMADO PRODUCTIONS, S.R.L.",1-30-91349-8,,EL INFERNO Y LA GLORIA,2013-02-11,2013-02-21,6000000.0,6000000.0,100.0,64816109.0,60912761.62,0.8,0,,1,producer_rnc|set_manual|null|1-30-91349-8|OCR read 1-30-913498 missing hyphen in RNC format|Resolution PDF header p.1|2026-08-12|JDP;;total_budget_approved|set_manual|null|64816109.00|Amount sourced from CPND No. 012 El Infierno Y La Gloria not present in resolution PDF|CPND certificate No. 012|2026-08-12|JDP,resolucion-cipac-no-2013-014_validacion-de-inversion-planet-investment-amado-produccions-el-infierno-y-la-gloria.pdf
27,CIPAC-2013-015,2013,,,023,012,art_34,approved,"VIAMAR, S.A.",1-01-01114-9,"AMADO PRODUCTIONS, S.R.L.",1-30-91349-8,,EL INFIERNO Y LA GLORIA,2013-02-11,2013-02-21,21539800.0,21539800.0,100.0,64816109.0,60912761.62,0.8,0,,1,total_budget_approved|set_manual|null|64816109.00|Amount sourced from CPND No. 012 El Infierno Y La Gloria not present in resolution PDF|CPND certificate No. 012|2026-08-12|JDP;;producer_rnc|set_manual|null|1-30-91349-8|OCR read 1-30-913498 missing hyphen in RNC format|Resolution PDF header p.1|2026-08-12|JDP,resolucion-cipac-no-2013-015_validacion-de-inversion-viamar-amado-produccions-el-infierno-y-la-gloria.pdf
28,CIPAC-2013-016,2013,,,015,006,art_34,approved,"FERTILIZANTES QUÍMICOS DOMINICANOS, S.A.",1-01-00990-1,"PRODUCTORA OJODEPEZ, S.R.L.",1-30-83059-2,,UNA ROSA EN EL QUINTO INFIERNO (BIODEGRADABLE),2013-01-30,2013-02-21,1000000.0,1000000.0,100.0,71547324.03,71478030.0,0.9,0,,1,total_budget_approved|set_manual|null|71547324.03|Amount sourced from CPND No. 006 Una Rosa En El Quinto Infierno not present in resolution PDF|CPND certificate No. 006|2026-08-12|JDP,resolucion-cipac-no-2013-016_validacion-de-inversion-fertilizantes-quimicos-dominicanos-ojodepez-una-rosa-en-el-quinto-infiernobiodegradable.pdf
29,CIPAC-2013-017,2013,,,015,006,art_34,approved,"SANTO DOMINGO MOTORS COMPANY, S.A.",1-01-00806-7,"PRODUCTORA OJODEPEZ, S.R.L.",1-30-83059-2,,UNA ROSA EN EL QUINTO INFIERNO (BIODEGRADABLE),2013-01-30,2013-02-21,5000000.0,5000000.0,100.0,71547324.03,71478030.0,0.9,0,,1,total_budget_approved|set_manual|null|71547324.03|Amount sourced from CPND No. 006 Una Rosa En El Quinto Infierno not present in resolution PDF|CPND certificate No. 006|2026-08-12|JDP,resolucion-cipac-no-2013-017_validacion-de-inversion-santo-domingo-motors-company-ojodepez-una-rosa-en-el-quinto-infiernobiodegradable.pdf
30,CIPAC-2013-018,2013,,,015,006,art_34,approved,"PARALLAX VALORES PUESTO DE BOLSA, S.A.",1-01-56714-7,"PRODUCTORA OJODEPEZ, S.R.L.",1-30-83059-2,,UNA ROSA EN EL QUINTO INFIERNO,2013-01-30,2013-02-21,6000000.0,6000000.0,100.0,71547324.03,71478030.0,0.9,0,,1,total_budget_approved|set_manual|null|71547324.03|Amount sourced from CPND No. 006 Una Rosa En El Quinto Infierno not present in resolution PDF|CPND certificate No. 006|2026-08-12|JDP,resolucion-cipac-no-2013-018_validacion-de-inversion-parallax-valores-puesto-de-bolsa-ojodepez-una-rosa-en-el-quinto-infiernobiodegradable.pdf
31,CIPAC-2013-019,2013,,,015,006,art_34,approved,"LOTERÍA ELECTRÓNICA INTERNACIONAL DOMINICANA, S.A.",1-01-70527-2,"PRODUCTORA OJODEPEZ, S.R.L.",1-30-83059-2,,UNA ROSA EN EL QUINTO INFIERNO (BIODEGRADABLE),2013-01-30,2013-02-21,15000000.0,15000000.0,100.0,71547324.03,71478030.0,0.8,0,,1,total_budget_executed|set_manual|null|71478030.0|Propagated from sibling resolution CIPAC-2013-016 with same film title|cipac_2013_results.json|2026-08-12|JDP;;total_budget_approved|set_manual|null|71547324.03|Amount sourced from CPND No. 006 Una Rosa En El Quinto Infierno not present in resolution PDF|CPND certificate No. 006|2026-08-12|JDP,resolucion-cipac-no-2013-019_validacion-de-inversion-loteria-electronica-internacional-dominicana-ojodepez-una-rosa-en-el-quinto-infiernobiodegradable.pdf
32,CIPAC-2013-020,2013,,,015,006,art_34,approved,"MAGNA MOTORS, S.A.",1-01-05557-1,"PRODUCTORA OJODEPEZ, S.R.L.",1-30-83059-2,,UNA ROSA EN EL QUINTO INFERNO (BIODEGRADABLE),2013-01-30,2013-02-21,10000000.0,10000000.0,100.0,71547324.03,71478030.0,0.9,0,,1,total_budget_approved|set_manual|null|71547324.03|Amount sourced from CPND No. 006 Una Rosa En El Quinto Infierno not present in resolution PDF|CPND certificate No. 006|2026-08-12|JDP,resolucion-cipac-no-2013-020_validacion-de-inversion-magna-motors-ojodepez-una-rosa-en-el-quinto-infiernobiodegradable.pdf
33,CIPAC-2013-021,2013,,,015,006,art_34,approved,"COMPAÑÍA DOMINICANA DE MONTAJE CODEMON, S.A.",1-01-59341-5,"PRODUCTORA OJODEPEZ, S.R.L.",1-30-83059-2,,UNA ROSA EN EL QUINTO INFIERNO (BIODEGRADABLE),2013-01-30,2013-02-21,8000000.0,8000000.0,100.0,71547324.03,71478030.0,0.8,0,,1,investor_rnc|set_manual|null|1-01-59341-5|OCR read 1-01593415 missing hyphen in RNC format|Resolution PDF header p.1|2026-08-12|JDP;;total_budget_approved|set_manual|null|71547324.03|Amount sourced from CPND No. 006 Una Rosa En El Quinto Infierno not present in resolution PDF|CPND certificate No. 006|2026-08-12|JDP,resolucion-cipac-no-2013-021_validacion-de-inversion-compania-dominicana-de-montaje-ojodepez-una-rosa-en-el-quinto-infiernobiodegradable.pdf
34,CIPAC-2013-022,2013,,,015,006,art_34,approved,"GRUPO RAMOS, S.A.",1-01-79682-2,"PRODUCTORA OJODEPEZ, S.R.L.",1-30-83059-2,,UNA ROSA EN EL QUINTO INFIERNO (BIODEGRADABLE),2013-01-30,2013-02-21,15000000.0,15000000.0,100.0,71547324.03,71478030.0,0.8,0,,1,investor_rnc|set_manual|null|1-01-79682-2|OCR read 1--01-79682-2 missing hyphen in RNC format|Resolution PDF header p.1|2026-08-12|JDP;;total_budget_approved|set_manual|null|71547324.03|Amount sourced from CPND No. 006 Una Rosa En El Quinto Infierno not present in resolution PDF|CPND certificate No. 006|2026-08-12|JDP,resolucion-cipac-no-2013-022_validacion-de-inversion-grupo-ramos-ojodepez-una-rosa-en-el-quinto-infiernobiodegradable.pdf
35,CIPAC-2013-023,2013,,,015,006,art_34,approved,"INDUSPALMA DOMINICANA, S.A.",1-01-09980-1,"PRODUCTORA OJODEPEZ, S.R.L.",1-30-83059-2,,UNA ROSA EN EL QUINTO INFIERNO (BIODEGRADABLE),2013-01-30,2013-02-21,7000000.0,7000000.0,100.0,71547324.03,71478030.0,0.9,0,,1,total_budget_approved|set_manual|null|71547324.03|Amount sourced from CPND No. 006 Una Rosa En El Quinto Infierno not present in resolution PDF|CPND certificate No. 006|2026-08-12|JDP,resolucion-cipac-no-2013-023_validacion-de-inversion-induspalma-dominicana-ojodepez-una-rosa-en-el-quinto-infiernobiodegradable.pdf
36,CIPAC-2013-024,2013,,,015,006,art_34,approved,"CONTRATISTAS CIVILES Y MECÁNICOS, S.A.",1-01-67181-5,"PRODUCTORA OJODEPEZ, S.R.L.",1-30-83059-2,,UNA ROSA EN EL QUINTO INFIERNO (BIODEGRADABLE),2013-01-30,2013-02-21,4000000.0,4000000.0,100.0,71547324.03,71478030.0,0.9,0,,1,total_budget_approved|set_manual|null|71547324.03|Amount sourced from CPND No. 006 Una Rosa En El Quinto Infierno not present in resolution PDF|CPND certificate No. 006|2026-08-12|JDP,resolucion-cipac-no-2013-024_validacion-de-inversion-contratistas-civiles-y-mecanicos-ojodepez-una-rosa-en-el-quinto-infiernobiodegradable.pdf
37,CIPAC-2013-027-A,2013,,,006,,art_39,approved,,,"COMPAÑÍA INTERNACIONAL DOMINICANA CID, S.R.L.",1-30-67553-8,,ASUNTOS EXTRANJEROS EN CUBA,,2013-02-21,18154833.12,4538708.28,25.0,21384398.2,18154833.12,0.7,0,,1,producer_rnc|set_manual|null|1-30-67553-8|OCR read 1-30-675538 missing hyphen in RNC format|Resolution PDF header p.1|2026-08-12|JDP;;pur_number|set_manual|null|006|Dual project resolution manually split|Resolution PDF header|2026-08-12|JDP;;request_date|left_null|null|null|Request date not mentioned in resolution PDF|Resolution PDF|2026-08-12|JDP,resolucion-cipac-no-2013-027_validacion-de-gastos-credito-fiscal-transferible-compania-internacional-dominicana-asuntos-extranjeros-en-cuba-y-cristo-rey.pdf
38,CIPAC-2013-027-B,2013,,,018,,art_39,approved,,,"COMPAÑÍA INTERNACIONAL DOMINICANA CID, S.R.L.",1-30-67553-8,,CRISTO REY,,2013-02-21,22985376.7,5746344.18,25.0,30732000.0,22985376.7,0.7,0,,1,producer_rnc|set_manual|null|1-30-67553-8|OCR read 1-30-675538 missing hyphen in RNC format|Resolution PDF header p.1|2026-08-12|JDP;;pur_number|set_manual|null|018|Dual project resolution manually split|Resolution PDF header|2026-08-12|JDP;;request_date|left_null|null|null|Request date not mentioned in resolution PDF|Resolution PDF|2026-08-12|JDP,resolucion-cipac-no-2013-027_validacion-de-gastos-credito-fiscal-transferible-compania-internacional-dominicana-asuntos-extranjeros-en-cuba-y-cristo-rey.pdf
39,CIPAC-2013-030,2013,,,012,005,art_34,approved,"OPERADORA DE SERVICIOS ALIMENTICIOS LM, S.R.L.",1-24-00197-8,"PRODUCCIONES CIRCUS LIVE, E.I.R.L.",1-30-74484-1,,A RITMO DE FE,2013-02-11,2013-06-17,1500000.0,1500000.0,100.0,21993321.25,8508606.52,0.8,0,,1,total_budget_executed|set_manual|null|8508606.52|Propagated from sibling resolution CIPAC-2013-035 with same film title|cipac_2013_results.json|2026-08-12|JDP;;total_budget_approved|set_manual|null|21993321.25|Amount sourced from CPND No. 005 A Ritmo De Fe not present in resolution PDF|CPND certificate No. 005|2026-08-12|JDP,resolucion-cipac-no-2013-030_validacion-de-inversion-operadora-de-servicios-alimenticios-producciones-circus-live-a-ritmo-de-fe.pdf
40,CIPAC-2013-031,2013,,,012,005,art_34,approved,"EXCELENCIA EN DISTRIBUCIÓN EXHIBICIÓN Y SERVICIO, S.A.",1-01-81276-1,"PRODUCCIONES CIRCUS LIVE, E.I.R.L.",1-30-74484-1,,A RITMO DE FE,2013-02-11,2013-06-17,375000.0,375000.0,100.0,21993321.25,8508606.52,0.8,0,,1,total_budget_executed|set_manual|null|8508606.52|Propagated from sibling resolution CIPAC-2013-030 with same film title|cipac_2013_results.json|2026-08-12|JDP;;total_budget_approved|set_manual|null|21993321.25|Amount sourced from CPND No. 005 A Ritmo De Fe not present in resolution PDF|CPND certificate No. 005|2026-08-12|JDP,resolucion-cipac-no-2013-031_validacion-de-inversion-excelencia-en-el-distribucion-exhibicion-y-servicio-producciones-circus-live-a-ritmo-de-fe.pdf
41,CIPAC-2013-032,2013,,,012,005,art_34,approved,"GRUPO RAMOS, S.A.",1-01-79682-2,"PRODUCCIONES CIRCUS LIVE, E.I.R.L.",1-30-74484-1,,A RITMO DE FE,2013-02-11,2013-06-17,4500000.0,4500000.0,100.0,21993321.25,8508606.52,0.8,0,,1,total_budget_executed|set_manual|null|8508606.52|Propagated from sibling resolution CIPAC-2013-030 with same film title|cipac_2013_results.json|2026-08-12|JDP;;total_budget_approved|set_manual|null|21993321.25|Amount sourced from CPND No. 005 A Ritmo De Fe not present in resolution PDF|CPND certificate No. 005|2026-08-12|JDP,resolucion-cipac-no-2013-032_validacion-de-inversion-grupo-ramos-producciones-circus-live-a-ritmo-de-fe.pdf
42,CIPAC-2013-033,2013,,,012,005,art_34,approved,"CONSORCIO DE TARJETAS DOMINICANAS, S.A.",1-01-65432-5,"PRODUCCIONES CIRCUS LIVE, E.I.R.L.",1-30-74484-1,,A RITMO DE FE,2013-02-11,2013-06-17,1000000.0,1000000.0,100.0,21993321.25,8508606.52,0.8,0,,1,total_budget_executed|set_manual|null|8508606.52|Propagated from sibling resolution CIPAC-2013-030 with same film title|cipac_2013_results.json|2026-08-12|JDP;;total_budget_approved|set_manual|null|21993321.25|Amount sourced from CPND No. 005 A Ritmo De Fe not present in resolution PDF|CPND certificate No. 005|2026-08-12|JDP,resolucion-cipac-no-2013-033_validacion-de-inversion-consorcio-de-tarjetas-dominicanas-producciones-circus-live-a-ritmo-de-fe.pdf
43,CIPAC-2013-035,2013,,,012,005,art_34,approved,"PARALLAX VALORES PUESTO DE BOLSA, S.A.",1-01-56714-7,"PRODUCCIONES CIRCUS LIVE, E.I.R.L.",1-30-74484-1,,A RITMO DE FE,2013-02-11,2013-06-17,609204.81,609204.81,100.0,21993321.25,8508606.52,0.8,0,,1,total_budget_approved|set_manual|null|21993321.25|Amount sourced from CPND No. 005 A Ritmo De Fe not present in resolution PDF|CPND certificate No. 005|2026-08-12|JDP;;investor_rnc|set_manual|null|1-01-56714-7|OCR read (RNC) instead of R.N.C.|Resolution PDF header p.1|2026-08-12|JDP,resolucion-cipac-no-2013-035_validacion-de-inversion-parallax-valores-puesto-de-bolsa-producciones-circus-live-a-ritmo-de-fe.pdf
44,CIPAC-2013-036,2013,,,036,020,art_34,approved,"BODY SHOP ATHLETIC CLUB, S.R.L.",1-01-63758-7,"SUJETO 10, S.R.L.",1-30-94395-8,,SUJETO NO. 10,2013-08-09,2013-08-30,7677396.37,7677396.37,100.0,23909050.0,19828247.32,0.9,0,,1,producer_rnc|set_manual|null|1-30-94395-8|OCR read 1-30-943958 missing hyphen in RNC format|Resolution PDF header p.1|2026-08-12|JDP,resolucion-cipac-no-2013-036_validacion-de-inversion-body-shop-athletic-club-sujeto10-sujeto10nombre-provisional.pdf
45,CIPAC-2013-037,2013,,,036,020,art_34,approved,"BANCO MÚLTIPLE ADEMI, S.A.",1-01-74527-4,"SUJETO 10, S.R.L.",1-30-94395-8,,SUJETO NO. 10,2013-08-09,2013-08-30,6500000.0,6500000.0,100.0,23909050.0,19828247.32,0.8,0,,1,total_budget_executed|set_manual|null|19828247.32|Propagated from sibling resolution CIPAC-2013-036 with same film title|cipac_2013_results.json|2026-08-12|JDP;;producer_rnc|set_manual|null|1-30-94395-8|OCR read 1-30-943958 missing hyphen in RNC format|Resolution PDF header p.1|2026-08-12|JDP,resolucion-cipac-no-2013-037_validacion-de-inversion-banco-multiple-ademi-sujeto10-sujeto10nombre-provisional.pdf
46,CIPAC-2013-038,2013,,,042,,art_39,approved,,,"FILM 003, INC",1-30-98442-5,,WAY BACK HOME,2013-07-24,2013-09-16,35396199.04,8849049.76,25.0,42568660.0,35396199.04,1.0,0,,0,,resolucion-cipac-no-2013-038_validacion-de-inversion-credito-fiscal-transferible-film003-dasepoclub-way-back-home.pdf
47,CIPAC-2013-042,2013,,,012,005,art_34,approved,"PARALLAX VALORES PUESTO DE BOLSA, S.A.",1-01-56714-7,"PRODUCCIONES CIRCUS LIVE, E.I.R.L.",1-30-74484-1,,A RITMO DE FE,2013-10-22,2013-10-30,1890795.19,1890795.19,100.0,21993321.25,2500000.0,0.9,0,,1,total_budget_approved|set_manual|null|21993321.25.00|Amount sourced from CPND No. 005 A Ritmo De Fe not present in resolution PDF|CPND certificate No. 005|2026-08-12|JDP,resolucion-cipac-no-2013-042_validacion-de-inversion-parallax-valotes-puesto-de-bolsa-producciones-circus-live-a-ritmo-de-fe.pdf
48,CIPAC-2013-043,2013,,,059,034,art_34,approved,"BANCO MÚLTIPLE ADEMI, S.A.",1-01-74527-4,"VIEWFINDER, S.R.L.",1-30-94190-4,,ALGUN LUGAR,2013-10-17,2013-11-22,19000000.0,19000000.0,100.0,33850488.88,22100000.0,0.6,0,,1,investor_rnc|set_manual|null|1-01-74527-4|OCR read 1-0174527-4 missing hyphen in RNC format|Resolution PDF header p.1|2026-08-12|JDP;;producer_rnc|set_manual|null|1-30-94190-4|OCR read 1-30-941904 missing hyphen in RNC format|Resolution PDF header p.1|2026-08-12|JDP;;total_budget_executed|set_manual|null|22100000.00|OCR split ejecucion del presupuesto paragraph across pages|Resolution PDF budget section|2026-08-12|JDP;;total_budget_approved|set_manual|null|33850488.88|Amount sourced from CPND No. 034 Algún Lugar not present in resolution PDF|CPND certificate No. 034|2026-08-12|JDP,resolucion-cipac-no-2013-043_validacion-de-inversion-banco-multiple-ademi-viewfinder-algun-lugar.pdf
49,CIPAC-2013-044,2013,,,059,034,art_34,approved,"BANCO MÚLTIPLE BDI, S.A.",1-01-04029-7,"VIEWFINDER, S.R.L.",1-30-94190-4,,ALGUN LUGAR,2013-10-17,2013-11-22,3100000.0,3100000.0,100.0,33850488.88,22100000.0,0.6,0,,1,investor_rnc|set_manual|null|1-01-74527-4|OCR read 1-01-74527-4 missing hyphen in RNC format|Resolution PDF header p.1|2026-08-12|JDP;;producer_rnc|set_manual|null|1-30-94190-4|OCR read 1-30-94190-4 missing hyphen in RNC format|Resolution PDF header p.1|2026-08-12|JDP;;total_budget_executed|set_manual|null|22100000.00|OCR split ejecucion del presupuesto paragraph across pages|Resolution PDF budget section|2026-08-12|JDP;;total_budget_approved|set_manual|null|33850488.88|Amount sourced from CPND No. 034 Algún Lugar not present in resolution PDF|CPND certificate No. 034|2026-08-12|JDP,resolucion-cipac-no-2013-044_validacion-de-inversion-banco-multiple-ademi-viewfinder-algun-lugar.pdf
50,CIPAC-2013-045,2013,,,047,027,art_34,approved,"SUED & FARGESA, S.R.L.",1-01-02772-1,"SANKY PANKY LA PELÍCULA, S.R.L.",1-30-98195-7,,SANKY PANKY 2,2013-10-30,2013-11-22,15000000.0,15000000.0,100.0,52974695.0,53348288.0,0.7,0,,1,investor_rnc|set_manual|null|1-01-02772-1|OCR read 1-0102772-1 missing hyphen in RNC format|Resolution PDF header p.1|2026-08-12|JDP;;total_budget_executed|set_manual|null|52974695.00|OCR split ejecucion del presupuesto paragraph across pages|Resolution PDF budget section|2026-08-12|JDP;;total_budget_approved|set_manual|null|53348288.00|Amount sourced from CPND No. 027 Sanky Panky 2 not present in resolution PDF|CPND certificate No. 027|2026-08-12|JDP,resolucion-cipac-no-2013-045_validacion-de-inversion-sued-_-fargesa-sanky-panky2.pdf
51,CIPAC-2013-046,2013,,,047,027,art_34,approved,"CEMENTOS PROGRESO DOMINICANA, S.A.",1-11-00059-9,"SANKY PANKY LA PELÍCULA, S.R.L.",1-30-98195-7,,SANKY PANKY 2,2013-10-30,2013-11-22,20000000.0,20000000.0,100.0,52974695.0,53348288.0,0.7,0,,1,investor_rnc|set_manual|null|1-11-00059-9|Azure did not read RNC format|Resolution PDF header p.1|2026-08-12|JDP;;total_budget_executed|set_manual|null|52974695.00|OCR split ejecucion del presupuesto paragraph across pages|Resolution PDF budget section|2026-08-12|JDP;;total_budget_approved|set_manual|null|53348288.00|Amount sourced from CPND No. 027 Sanky Panky 2 not present in resolution PDF|CPND certificate No. 027|2026-08-12|JDP,resolucion-cipac-no-2013-046_validacion-de-inversion-cemex-dominicana-sanky-panky2.pdf
52,CIPAC-2013-047,2013,,,047,027,art_34,approved,"DISASHOP DOMINICANA, S.R.L.",1-30-17301-1,"SANKY PANKY LA PELÍCULA, S.R.L.",1-30-98195-7,,SANKY PANKY 2,2013-10-30,2013-11-22,4000000.0,4000000.0,100.0,52974695.0,53348288.0,0.8,0,,1,total_budget_executed|set_manual|null|52974695.00|OCR split ejecucion del presupuesto paragraph across pages|Resolution PDF budget section|2026-08-12|JDP;;total_budget_approved|set_manual|null|53348288.00|Amount sourced from CPND No. 027 Sanky Panky 2 not present in resolution PDF|CPND certificate No. 027|2026-08-12|JDP,resolucion-cipac-no-2013-047_validacion-de-inversion-disa-consulting-dominicana-sanky-panky2.pdf
53,CIPAC-2013-048,2013,,,047,027,art_34,approved,"GRUPO COMETA, S.A.S.",1-01-01943-3,"SANKY PANKY LA PELÍCULA, S.R.L.",1-30-98195-7,,SANKY PANKY 2,2013-10-30,2013-11-22,5000000.0,5000000.0,100.0,52974695.0,53348288.0,0.7,0,,1,producer_rnc|set_manual|null|1-30-98195-7|OCR read 1-3098195-7 missing hyphen in RNC format|Resolution PDF header p.1|2026-08-12|JDP;;total_budget_executed|set_manual|null|52974695.00|OCR split ejecucion del presupuesto paragraph across pages|Resolution PDF budget section|2026-08-12|JDP;;total_budget_approved|set_manual|null|53348288.00|Amount sourced from CPND No. 027 Sanky Panky 2 not present in resolution PDF|CPND certificate No. 027|2026-08-12|JDP,resolucion-cipac-no-2013-048_validacion-de-inversion-grupo-cometa-sanky-panky2.pdf
54,CIPAC-2013-049,2013,,,047,027,art_34,approved,"LOTERÍA ELECTRÓNICA INTERNACIONAL DOMINICANA, S.A.",1-01-70527-2,"SANKY PANKY LA PELÍCULA, S.R.L.",1-30-98195-7,,SANKY PANKY 2,2013-10-30,2013-11-22,9000000.0,9000000.0,100.0,52974695.0,53348288.0,0.8,0,,1,total_budget_executed|set_manual|null|52974695.00|OCR split ejecucion del presupuesto paragraph across pages|Resolution PDF budget section|2026-08-12|JDP;;total_budget_approved|set_manual|null|53348288.00|Amount sourced from CPND No. 027 Sanky Panky 2 not present in resolution PDF|CPND certificate No. 027|2026-08-12|JDP,resolucion-cipac-no-2013-049_validacion-de-inversion-loteria-electronica-internacional-dominicana-sanky-panky2.pdf
55,CIPAC-2013-050,2013,,,022,011,art_34,approved,"SEGUROS UNIVERSAL, S.A.",1-01-00194-1,"CELINES TORIBIO ENTERPRISES, S.R.L.",1-30-86198-6,,MARIA MONTEZ,2013-10-15,2013-12-22,12336000.0,12336000.0,100.0,63306571.0,22859227.0,0.8,0,,1,producer_rnc|set_manual|null|1-30-86198-6|OCR read 1-30-861986 missing hyphen in RNC format|Resolution PDF header p.1|2026-08-12|JDP;;total_budget_approved|set_manual|null|63306571.00|Amount sourced from CPND No. 011 María Montez not present in resolution PDF|CPND certificate No. 011|2026-08-12|JDP,resolucion-cipac-no-2013-050_validacion-de-inversion-seguros-universal-maria-montez.pdf
56,CIPAC-2013-051,2013,,,043,023,art_34,approved,"CENTROS DEL CARIBE, S.A.S.",1-01-70451-9,"EL CERO UNO, S.R.L.",1-30-91343-9,,MI ANGELITO FAVORITO,2013-10-15,2013-11-22,5000000.0,5000000.0,100.0,39944717.5,36000000.0,0.8,0,,1,total_budget_executed|set_manual|null|36000000.00|Azure split ejecucion del presupuesto paragraph across pages|Resolution PDF budget section|2026-08-12|JDP;;total_budget_approved|set_manual|null|39944717.50|Amount sourced from CPND No. 023 Mi Angelito Favorito not present in resolution PDF|CPND certificate No. 023|2026-08-12|JDP,resolucion-cipac-no-2013-051_validacion-de-inversion-centro-del-caribe-mi-angelito-favorito.pdf
57,CIPAC-2013-052,2013,,,043,023,art_34,approved,"SIGMA PETROLEUM CORP, S.R.L.",1-30-68916-4,"EL CERO UNO, S.R.L.",1-30-91343-9,,MI ANGELITO FAVORITO,2013-10-15,2013-11-22,4000000.0,4000000.0,100.0,39944717.5,36000000.0,0.8,0,,1,total_budget_executed|set_manual|null|36000000.00|Azure split ejecucion del presupuesto paragraph across pages|Resolution PDF budget section|2026-08-12|JDP;;total_budget_approved|set_manual|null|39944717.50|Amount sourced from CPND No. 023 Mi Angelito Favorito not present in resolution PDF|CPND certificate No. 023|2026-08-12|JDP,resolucion-cipac-no-2013-052_validacion-de-inversion-grupo-sigma-petroleum-mi-angelito-favorito.pdf
58,CIPAC-2013-053,2013,,,043,023,art_34,approved,"CALTEC SCORING TECHNOLOGIES, S.R.L.",1-30-52811-1,"EL CERO UNO, S.R.L.",1-30-91343-9,,MI ANGELITO FAVORITO,2013-10-15,2013-11-22,2000000.0,2000000.0,100.0,39944717.5,36000000.0,0.7,0,,1,investor_rnc|set_manual|null|1-30-52811-1|Azure did not read RNC format|Resolution PDF header p.1|2026-08-12|JDP;;total_budget_executed|set_manual|null|36000000.00|Azure split ejecucion del presupuesto paragraph across pages|Resolution PDF budget section|2026-08-12|JDP;;total_budget_approved|set_manual|null|39944717.50|Amount sourced from CPND No. 023 Mi Angelito Favorito not present in resolution PDF|CPND certificate No. 023|2026-08-12|JDP,resolucion-cipac-no-2013-053_validacion-de-inversion-caltec-scoring-technologies-mi-angelito-favorito.pdf
59,CIPAC-2013-054,2013,,,043,023,art_34,approved,"BANCO MÚLTIPLE BDI, S.A.",1-01-04029-7,"EL CERO UNO, S.R.L.",1-30-91343-9,,MI ANGELITO FAVORITO,2013-10-15,2013-11-22,3000000.0,3000000.0,100.0,39944717.5,36000000.0,0.8,0,,1,total_budget_executed|set_manual|null|36000000.00|Azure split ejecucion del presupuesto paragraph across pages|Resolution PDF budget section|2026-08-12|JDP;;total_budget_approved|set_manual|null|39944717.50|Amount sourced from CPND No. 023 Mi Angelito Favorito not present in resolution PDF|CPND certificate No. 023|2026-08-12|JDP,resolucion-cipac-no-2013-054_validacion-de-inversion-bamco-multiple-bdi-mi-angelito-favorito.pdf
60,CIPAC-2013-055,2013,,,043,023,art_34,approved,"EQUIFAX DOMINICANA, S.R.L.",1-01-19566-5,"EL CERO UNO, S.R.L.",1-30-91343-9,,MI ANGELITO FAVORITO,2013-10-15,2013-11-22,4000000.0,4000000.0,100.0,39944717.5,36000000.0,0.7,0,,1,investor_rnc|set_manual|null|1-01-19566-5|Azure did not read RNC format|Resolution PDF header p.1|2026-08-12|JDP;;total_budget_executed|set_manual|null|36000000.00|Azure split ejecucion del presupuesto paragraph across pages|Resolution PDF budget section|2026-08-12|JDP;;total_budget_approved|set_manual|null|39944717.50|Amount sourced from CPND No. 023 Mi Angelito Favorito not present in resolution PDF|CPND certificate No. 023|2026-08-12|JDP,resolucion-cipac-no-2013-055_validacion-de-inversion-consultores-de-datos-del-caribe-mi-angelito-favorito.pdf
61,CIPAC-2013-056,2013,,,043,023,art_34,approved,"INVERSIONES CUMANI, S.R.L.",1-30-44195-2,"EL CERO UNO, S.R.L.",1-30-91343-9,,MI ANGELITO FAVORITO,2013-10-15,2013-11-22,300000.0,300000.0,100.0,39944717.5,36000000.0,0.8,0,,1,total_budget_executed|set_manual|null|36000000.00|Azure split ejecucion del presupuesto paragraph across pages|Resolution PDF budget section|2026-08-12|JDP;;total_budget_approved|set_manual|null|39944717.50|Amount sourced from CPND No. 023 Mi Angelito Favorito not present in resolution PDF|CPND certificate No. 023|2026-08-12|JDP,resolucion-cipac-no-2013-056_validacion-de-inversion-inversores-cumani-mi-angelito-favorito.pdf
62,CIPAC-2013-057,2013,,,043,023,art_34,approved,"CELSO PÉREZ, S.A.S.",1-01-00115-1,"EL CERO UNO, S.R.L.",1-30-91343-9,,MI ANGELITO FAVORITO,2013-10-15,2013-11-22,1000000.0,1000000.0,100.0,39944717.5,36000000.0,0.8,0,,1,total_budget_executed|set_manual|null|36000000.00|Azure split ejecucion del presupuesto paragraph across pages|Resolution PDF budget section|2026-08-12|JDP;;total_budget_approved|set_manual|null|39944717.50|Amount sourced from CPND No. 023 Mi Angelito Favorito not present in resolution PDF|CPND certificate No. 023|2026-08-12|JDP,resolucion-cipac-no-2013-057_validacion-de-inversion-celso-perez-mi-angelito-favorito.pdf
63,CIPAC-2013-058,2013,,,043,023,art_34,approved,"INVERSIONES LUCAYAS, S.A.S.",1-01-87169-5,"EL CERO UNO, S.R.L.",1-30-91343-9,,MI ANGELITO FAVORITO,2013-10-15,2013-11-22,1700000.0,1700000.0,100.0,39944717.5,36000000.0,0.7,0,,1,producer_rnc|set_manual|null|1-30-91343-9|Azure did not read RNC format|Resolution PDF header p.1|2026-08-12|JDP;;total_budget_executed|set_manual|null|36000000.00|Azure split ejecucion del presupuesto paragraph across pages|Resolution PDF budget section|2026-08-12|JDP;;total_budget_approved|set_manual|null|39944717.50|Amount sourced from CPND No. 023 Mi Angelito Favorito not present in resolution PDF|CPND certificate No. 023|2026-08-12|JDP,resolucion-cipac-no-2013-058_validacion-de-inversion-inversiones-lucayas-mi-angelito-favorito.pdf
64,CIPAC-2013-059,2013,,,043,023,art_34,approved,"HIPERMERCADOS OLÉ, S.A.",1-01-53248-3,"EL CERO UNO, S.R.L.",1-30-91343-9,,MI ANGELITO FAVORITO,2013-10-15,2013-11-22,5000000.0,5000000.0,100.0,39944717.5,36000000.0,0.8,0,,1,total_budget_executed|set_manual|null|36000000.00|Azure split ejecucion del presupuesto paragraph across pages|Resolution PDF budget section|2026-08-12|JDP;;total_budget_approved|set_manual|null|39944717.50|Amount sourced from CPND No. 023 Mi Angelito Favorito not present in resolution PDF|CPND certificate No. 023|2026-08-12|JDP,resolucion-cipac-no-2013-059_validacion-de-inversion-hipermercados-ole-mi-angelito-favorito.pdf
65,CIPAC-2013-060,2013,,,043,023,art_34,approved,"BANCO MÚLTIPLE ADEMI, S.A.",1-01-74527-4,"EL CERO UNO, S.R.L.",1-30-91343-9,,MI ANGELITO FAVORITO,2013-10-15,2013-11-22,10000000.0,10000000.0,100.0,39944717.5,36000000.0,0.8,0,,1,total_budget_executed|set_manual|null|36000000.00|Azure split ejecucion del presupuesto paragraph across pages|Resolution PDF budget section|2026-08-12|JDP;;total_budget_approved|set_manual|null|39944717.50|Amount sourced from CPND No. 023 Mi Angelito Favorito not present in resolution PDF|CPND certificate No. 023|2026-08-12|JDP,resolucion-cipac-no-2013-060_validacion-de-inversion-banco-multiple-bdimi-angelito-favorito.pdf
66,CIPAC-2013-061,2013,,,063,038,art_34,approved,"ALTICE DOMINICANA, S.A.",1-01-61878-7,"LOTOMAN 3, S.R.L.",1-31-03733-1,,LOTOMAN 3,2013-12-02,2013-12-23,20000000.0,20000000.0,100.0,62588479.0,68498496.28,0.8,0,,1,investor_rnc|set_manual|null|1-01-61878-7|Azure did not read RNC format|Resolution PDF header p.1|2026-08-12|JDP;;total_budget_approved|set_manual|null|62588479.00|Amount sourced from CPND No. 038 Lotoman 3 not present in resolution PDF|CPND certificate No. 038|2026-08-12|JDP,resolucion-cipac-no-2013-061_validacion-de-inversion-orange-dominicana-lotoman3.pdf
67,CIPAC-2013-062,2013,,,063,038,art_34,approved,"CERVECERÍA NACIONAL DOMINICANA, S.A.",1-01-00372-3,"LOTOMAN 3, S.R.L.",1-31-03733-1,,LOTOMAN 3,2013-12-02,2013-12-23,20000000.0,20000000.0,100.0,62588479.0,68498496.28,0.9,0,,1,total_budget_approved|set_manual|null|62588479.00|Amount sourced from CPND No. 038 Lotoman 3 not present in resolution PDF|CPND certificate No. 038|2026-08-12|JDP,resolucion-cipac-no-2013-062_validacion-de-inversion-cerveseria-nacional-dominicana-lotoman3.pdf
68,CIPAC-2013-063,2013,,,063,038,art_34,approved,"QUALA DOMINICANA, S.A.",1-01-74167-8,"LOTOMAN 3, S.R.L.",1-31-03733-1,,LOTOMAN 3,2013-12-02,2013-12-23,10000000.0,10000000.0,100.0,62588479.0,68498496.28,0.9,0,,1,total_budget_approved|set_manual|null|62588479.00|Amount sourced from CPND No. 038 Lotoman 3 not present in resolution PDF|CPND certificate No. 038|2026-08-12|JDP,resolucion-cipac-no-2013-063_validacion-de-inversion-quala-dominicana-lotoman3.pdf
69,CIPAC-2013-064,2013,,,063,038,art_34,approved,"VIAMAR, S.A.",1-01-01114-9,"LOTOMAN 3, S.R.L.",1-31-03733-1,,LOTOMAN 3,2013-12-02,2013-12-23,5588479.0,5588479.0,100.0,62588479.0,68498496.28,0.9,0,,1,total_budget_approved|set_manual|null|62588479.00|Amount sourced from CPND No. 038 Lotoman 3 not present in resolution PDF|CPND certificate No. 038|2026-08-12|JDP,resolucion-cipac-no-2013-064_validacion-de-inversion-viamar-lotoman3.pdf
70,CIPAC-2013-065,2013,,,061,036,art_34,approved,"BANCO MÚLTIPLE BHD, S.A.",1-01-13679-2,"QUIET ISLAND, S.R.L.",1-31-02529-3,,DE PEZ EN CUANDO,2013-11-26,2013-12-23,22000000.0,22000000.0,100.0,38200225.0,31267064.0,0.8,0,,1,investor_rnc|set_manual|null|1-01-13679-2|Azure read 101-13679-2 missing hyphen in RNC format|Resolution PDF header p.1|2026-08-12|JDP;;total_budget_approved|set_manual|null|38200225.00|Amount sourced from CPND No. 036 Lotoman 3 not present in resolution PDF|CPND certificate No. 036|2026-08-12|JDP,resolucion-cipac-no-2013-065_validacion-de-inversion-banco-bhd-de-pez-en-cuando.pdf
71,CIPAC-2013-066,2013,,,061,036,art_34,approved,"CONSORCIO DE TARJETAS DOMINICANAS, S.A.",1-01-65432-5,"QUIET ISLAND, S.R.L.",1-31-02529-3,,DE PEZ EN CUANDO,2013-11-26,2013-12-23,4000000.0,4000000.0,100.0,38200225.0,31267604.0,0.8,0,,1,investor_rnc|set_manual|null|1-01-65432-5|Azure read 1-0165432-5 missing hyphen in RNC format|Resolution PDF header p.1|2026-08-12|JDP;;total_budget_approved|set_manual|null|38200225.00|Amount sourced from CPND No. 036 Lotoman 3 not present in resolution PDF|CPND certificate No. 036|2026-08-12|JDP,resolucion-cipac-no-2013-066_validacion-de-inversion-consorcio-de-tarjetas-dominicanas-de-pez-en-cuando.pdf
72,CIPAC-2013-067,2013,,,061,036,art_34,approved,"INVERSIONES & NEGOCIOS, S.A.",1-01-02386-4,"QUIET ISLAND, S.R.L.",1-31-02529-3,,DE PEZ EN CUANDO,2013-11-26,2013-12-23,2000000.0,2000000.0,100.0,38200225.0,31267064.0,0.8,0,,1,investor_rnc|set_manual|null|1-01-02386-4|Azure did not read RNC format|Resolution PDF header p.1|2026-08-12|JDP;;total_budget_approved|set_manual|null|38200225.00|Amount sourced from CPND No. 036 Lotoman 3 not present in resolution PDF|CPND certificate No. 036|2026-08-12|JDP,resolucion-cipac-no-2013-067_validacion-de-inversion-inversines-_-negocios-de-pez-en-cuando.pdf
73,CIPAC-2013-068,2013,,,046,026,art_34,approved,"RIZEK, S.A.S.",1-01-66275-1,"INGENIO LATERAL, S.R.L.",1-30-96216-2,,AL SUR DE LA INOCENCIA,2013-11-15,2013-12-23,9124946.0,9124946.0,100.0,44922488.0,41420413.0,0.9,0,,1,total_budget_approved|set_manual|null|44922488.00|Amount sourced from CPND No. 026 Al Sur De La Inocencia not present in resolution PDF|CPND certificate No. 026|2026-08-12|JDP,resolucion-cipac-no-2013-068_validacion-de-inversion-risek-al-sur-de-la-inocencia.pdf
74,CIPAC-2013-069,2013,,,046,026,art_34,approved,"PACIFIC ASSETS, CORP",1-22-01963-4,"INGENIO LATERAL, S.R.L.",1-30-96216-2,,AL SUR DE LA INOCENCIA,2013-11-15,2013-12-23,18473199.0,18473199.0,100.0,44922488.0,41420413.0,0.9,0,,1,total_budget_approved|set_manual|null|44922488.00|Amount sourced from CPND No. 026 Al Sur De La Inocencia not present in resolution PDF|CPND certificate No. 026|2026-08-12|JDP,resolucion-cipac-no-2013-069_validacion-de-inversion-pacifoc-assets-corp-al-sur-de-la-inocencia.pdf
75,CIPAC-2013-070,2013,,,046,026,art_34,approved,"GRUPO PARALLAX FINANZAS, S.A.S.",1-30-01912-6,"INGENIO LATERAL, S.R.L.",1-30-96216-2,,AL SUR DE LA INOCENCIA,2013-11-15,2013-12-23,10447214.0,10447214.0,100.0,44922488.0,41320413.0,0.9,0,,1,total_budget_approved|set_manual|null|44922488.00|Amount sourced from CPND No. 026 Al Sur De La Inocencia not present in resolution PDF|CPND certificate No. 026|2026-08-12|JDP,resolucion-cipac-no-2013-070_validacion-de-inversion-grupo-parallax-finanzas-al-sur-de-la-inocencia.pdf
76,CIPAC-2013-071,2013,,,046,026,art_34,approved,"PARALLAX VALORES PUESTO DE BOLSA, S.A.",1-01-56714-7,"INGENIO LATERAL, S.R.L.",1-30-96216-2,,AL SUR DE LA INOCENCIA,2013-11-15,2013-12-23,6000000.0,6000000.0,100.0,44922488.0,41420413.0,0.9,0,,1,total_budget_approved|set_manual|null|44922488.00|Amount sourced from CPND No. 026 Al Sur De La Inocencia not present in resolution PDF|CPND certificate No. 026|2026-08-12|JDP,resolucion-cipac-no-2013-071_validacion-de-inversion-parallax-valores-puesto-de-bolsa-al-sur-de-la-inocencia.pdf
77,CIPAC-2013-072,2013,,,039,022,art_34,approved,"CÉSAR IGLESIAS, S.A.",1-01-01938-7,"MARCO FILMS, S.R.L.",1-30-92247-2,,QUIEN MANDA (ANTERIORMENTE MIS ETERNOS TRES MESES),2013-11-15,2013-12-23,16535377.67,16535377.67,100.0,42058043.0,27535377.67,0.9,0,,1,total_budget_approved|set_manual|null|42058043.00|Amount sourced from CPND No. 022 Quien Manda (Anteriormente Mis Eternos Tres Meses) not present in resolution PDF|CPND certificate No. 022|2026-08-12|JDP,resolucion-cipac-no-2013-072_validacion-de-inversion-cesar-iglesias-quien-manda.pdf
78,CIPAC-2013-073,2013,,,039,022,art_34,approved,"BANCO MÚLTIPLE LÓPEZ DE HARO, S.A.",1-01-14588-9,"MARCO FILMS, S.R.L.",1-30-92247-2,,QUIEN MANDA (ANTERIORMENTE MIS ETERNOS TRES MESES),2013-11-15,2013-12-23,4000000.0,4000000.0,100.0,42058043.0,27535377.67,0.8,0,,1,total_budget_executed|set_manual|null|27535377.67|Propagated from sibling resolution CIPAC-2013-072 with same film title|cipac_2013_results.json|2026-08-12|JDP;;total_budget_approved|set_manual|null|42058043.00|Amount sourced from CPND No. 022 Quien Manda (Anteriormente Mis Eternos Tres Meses) not present in resolution PDF|CPND certificate No. 022|2026-08-12|JDP,resolucion-cipac-no-2013-073_validacion-de-inversion-banco-lopez-de-haro-quien-manda.pdf
79,CIPAC-2013-074,2013,,,039,022,art_34,approved,"ALTICE DOMINICANA, S.A.",1-01-61878-7,"MARCO FILMS, S.R.L.",1-30-92247-2,,QUIEN MANDA (ANTERIORMENTE MIS ETERNOS TRES MESES),2013-11-15,2013-12-23,5000000.0,5000000.0,100.0,42058043.0,27535377.67,0.9,0,,1,total_budget_approved|set_manual|null|42058043.00|Amount sourced from CPND No. 022 Quien Manda (Anteriormente Mis Eternos Tres Meses) not present in resolution PDF|CPND certificate No. 022|2026-08-12|JDP,resolucion-cipac-no-2013-074_validacion-de-inversion-orange-dominicana-quien-manda.pdf
80,CIPAC-2013-075,2013,,,039,022,art_34,approved,"VIAMAR, S.A.",1-01-01114-9,"MARCO FILMS, S.R.L.",1-30-92247-2,,QUIEN MANDA (ANTERIORMENTE MIS ETERNOS TRES MESES),2013-11-15,2013-12-23,2000000.0,2000000.0,100.0,42058043.0,27535377.67,0.8,0,,1,investor_rnc|set_manual|null|1-01-01114-9|Azure did not read RNC format|Resolution PDF header p.1|2026-08-12|JDP;;total_budget_approved|set_manual|null|42058043.00|Amount sourced from CPND No. 022 Quien Manda (Anteriormente Mis Eternos Tres Meses) not present in resolution PDF|CPND certificate No. 022|2026-08-12|JDP,resolucion-cipac-no-2013-075_validacion-de-inversion-viamar-quien-manda.pdf
81,CIPAC-2013-076,2013,,,022,011,art_34,approved,"BANCO MÚLTIPLE BHD, S.A.",1-01-13679-2,"CELINES TORIBIO ENTERPRISES, S.R.L.",1-30-86198-6,,MARIA MONTEZ,2013-12-03,2013-12-23,9000000.0,9000000.0,100.0,63306571.0,40505671.0,0.8,0,,1,producer_rnc|set_manual|null|1-30-86198-6|Azure read 1-30-861986 missing hyphen in RNC format|Resolution PDF header p.1|2026-08-12|JDP;;total_budget_approved|set_manual|null|63306571.00|Amount sourced from CPND No. 011 Maria Montez not present in resolution PDF|CPND certificate No. 011|2026-08-12|JDP,resolucion-cipac-no-2013-076_validacion-de-inversion-banco-bhd-maria-montez.pdf
82,CIPAC-2013-077,2013,,,060,035,art_34,approved,"INDUSPALMA DOMINICANA, S.A.",1-01-09980-1,"BONTER MEDIA, S.R.L.",1-30-94031-2,,PRIMERO DE ENERO,2013-10-30,2013-12-23,5530541.0,5530541.0,100.0,51264645.58,51301596.0,0.9,0,,1,total_budget_approved|set_manual|null|51264645.58|Amount sourced from CPND No. 035 Primero De Enero not present in resolution PDF|CPND certificate No. 035|2026-08-12|JDP,resolucion-cipac-no-2013-077_validacion-de-inversion-induspalma-dominicana-primero-de-enero.pdf
83,CIPAC-2013-078,2013,,,060,035,art_34,approved,"DELTA COMERCIAL, S.A.",1-01-01193-9,"BONTEM MEDIA, S.R.L.","BONTER MEDIA, S.R.L.",,PRIMERO DE ENERO,2013-10-30,2013-12-23,20000000.0,20000000.0,100.0,51264645.58,51301596.0,0.6,0,,1,total_budget_executed|set_manual|null|51301596.0|Propagated from sibling resolution CIPAC-2013-077 with same film title|cipac_2013_results.json|2026-08-12|JDP;;investor_rnc|set_manual|null|1-01-01193-9|Azure did not read RNC format|Resolution PDF header p.1|2026-08-12|JDP;;producer_rnc|set_manual|null|1-30-94031-2|Azure did not read RNC format|Resolution PDF header p.1|2026-08-12|JDP;;total_budget_approved|set_manual|null|51264645.58|Amount sourced from CPND No. 035 Primero De Enero not present in resolution PDF|CPND certificate No. 035|2026-08-12|JDP,resolucion-cipac-no-2013-078_validacion-de-inversion-delta-comercial-primero-de-enero.pdf
84,CIPAC-2013-079,2013,,,060,035,art_34,approved,"COMPAÑÍA DOMINICANA DE MONTAJE CODEMON, S.A.",1-01-59341-5,"BONTER MEDIA, S.R.L.",1-30-94031-2,,PRIMERO DE ENERO,2013-10-30,2013-12-23,7000000.0,7000000.0,100.0,51264645.58,51301596.0,0.9,0,,1,total_budget_approved|set_manual|null|51264645.58|Amount sourced from CPND No. 035 Primero De Enero not present in resolution PDF|CPND certificate No. 035|2026-08-12|JDP,resolucion-cipac-no-2013-079_validacion-de-inversion-compania-dominicana-de-montaje-primero-de-enero.pdf
85,CIPAC-2013-080,2013,,,060,035,art_34,approved,"INDUVECA, S.A.",1-22-01122-6,"BONTER MEDIA, S.R.L.",1-30-94031-2,,PRIMERO DE ENERO,2013-10-30,2013-12-23,8435708.0,8435708.0,100.0,51264645.58,51301596.0,0.8,0,,1,investor_rnc|set_manual|null|1-22-01122-6|Azure did not read RNC format|Resolution PDF header p.1|2026-08-12|JDP;;total_budget_approved|set_manual|null|51264645.58|Amount sourced from CPND No. 035 Primero De Enero not present in resolution PDF|CPND certificate No. 035|2026-08-12|JDP,resolucion-cipac-no-2013-080_validacion-de-inversion-induveca-primero-de-enero.pdf
86,CIPAC-2013-081,2013,,,060,035,art_34,approved,"FERTILIZANTES QUÍMICOS DOMINICANOS, S.A.",1-01-00990-1,"BONTER MEDIA, S.R.L.",1-30-94031-2,,PRIMERO DE ENERO,2013-10-30,2013-12-23,10129976.0,10129976.0,100.0,51264645.58,51301596.0,0.9,0,,1,total_budget_approved|set_manual|null|51264645.58|Amount sourced from CPND No. 035 Primero De Enero not present in resolution PDF|CPND certificate No. 035|2026-08-12|JDP,resolucion-cipac-no-2013-081_validacion-de-inversion-fertilizantes-quimicos-dominicanos-primero-de-eenero.pdf
87,CIPAC-2014-001,2014,,,045,024,art_34,approved,"CONSTRUCTORA ELÉCTRICA, S.R.L.",1-01-12087-8,"ENTREPRENEUR FILMS, S.R.L.",1-30-82560-2,,PONCHA'O,2014-01-02,2014-01-24,6000000.0,6000000.0,100.0,25000000.0,26279234.38,0.9,0,,1,total_budget_approved|set_manual|null|25000000.00|Amount not in resolution PDF sourced from original CPND certificate|CPND certificate|2026-08-07|JDP,resolucion-cipac-no-2014-001_validacion-de-inversion-consultora-electronica-ponchao.pdf
88,CIPAC-2014-002,2014,,,045,024,art_34,approved,"UNITED BRANDS, S.A.",1-24-01933-8,"ENTREPRENEUR FILMS, S.R.L.",1-30-82560-2,,PONCHA'O,2014-01-02,2014-07-29,6000000.0,6000000.0,100.0,25000000.0,26279234.38,0.9,0,,1,total_budget_approved|set_manual|null|25000000.00|Amount not in resolution PDF sourced from original CPND certificate|CPND certificate|2026-08-07|JDP,resolucion-cipac-no-2014-002_validacion-de-inversion-united-brands-ponchao.pdf
89,CIPAC-2014-003,2014,,,045,024,art_34,approved,"UC UNITED CAPITAL PUESTO DE BOLSA, S.A.",1-30-38912-8,"ENTREPRENEUR FILMS, S.R.L.",1-30-82560-2,,PONCHA'O,2014-01-02,2014-01-24,6000000.0,6000000.0,100.0,25000000.0,26279234.38,0.8,0,,1,investor_rnc|set_manual|null|1-30-38912-8|Vertical black stripe covers first letter of RNC label in header|Resolution PDF header p.1|2026-08-07|JDP;;total_budget_approved|set_manual|null|25000000.00|Amount not in resolution PDF sourced from original CPND certificate|CPND certificate|2026-08-07|JDP,resolucion-cipac-no-2014-003_validacion-de-inversion-united-capitals-puesto-de-bolsas-ponchao.pdf
90,CIPAC-2014-004,2014,,,045,024,art_34,approved,"ALTICE DOMINICANA, S.A.",1-01-61678-7,"ENTREPRENEUR FILMS, S.R.L.",1-30-82560-2,,PONCHA'O,2014-01-02,2014-01-29,7000000.0,7000000.0,100.0,25000000.0,26279234.38,0.6,0,,1,investor_rnc|set_manual|null|1-01-61878-1|Vertical black stripe covers first letter of RNC label in header|Resolution PDF header p.1|2026-08-07|JDP;;resolution_date|set_manual|null|2014-01-29|Vertical black stripe covers first letter of resolution date label in header|Resolution PDF header p.1|2026-08-07|JDP;;total_budget_approved|set_manual|null|25000000.00|Amount not in resolution PDF sourced from original CPND certificate|CPND certificate|2026-08-07|JDP;;budget_executed|set_manual|null|26279234.38|Vertical black stripe covers executed amount|Resolution PDF|2026-08-07|JDP,resolucion-cipac-no-2014-004_validacion-de-inversion-orange-dominicana-ponchao.pdf
91,CIPAC-2014-005,2014,,,022,011,art_34,approved,"BANCO BACC DE AHORRO Y CRÉDITO DEL CARIBE, S.A.",1-01-13879-3,"CELINES TORIBIO ENTERPRISES, S.R.L.",1-30-86198-6,,MARIA MONTEZ,2014-01-10,2014-01-24,4000000.0,4000000.0,100.0,63306571.0,48779100.0,1.0,0,,0,,resolucion-cipac-no-2014-005_validacion-de-inversion-banco-de-ahorros-y-credito-caribe-maria-montez.pdf
92,CIPAC-2014-006,2014,,,068,041,art_34,approved,"FERTILIZANTES QUÍMICOS DOMINICANOS, S.A.",1-01-00990-1,"BONTER MEDIA, S.R.L.",1-30-94031-2,,LOCAS Y ATRAPADAS,2014-01-02,2014-01-24,10000000.06,10000000.06,100.0,35133656.0,35133656.0,0.8,0,,1,total_budget_approved|set_manual|null|35133656.0|Propagated from sibling resolution CIPAC-2014-009 with same film title|cipac_2014_results.json|2026-08-07|JDP;;investor_rnc|set_manual|null|1-01-00990-1|Vertical black stripe covers first letter of RNC label in header|Resolution PDF header p.1|2026-08-07|JDP,resolucion-cipac-no-2014-006_validacion-de-inversion-fertilizantes-quimicos-dominicanos-locas-y-atrapadas.pdf
93,CIPAC-2014-007,2014,,,068,041,art_34,approved,"INDUVECA, S.A.",1-22-01122-6,"BONTER MEDIA, S.R.L.",1-30-94031-2,,LOCAS Y ATRAPADAS,2013-12-26,2014-01-24,7690045.0,7690045.0,100.0,35133656.0,35133656.0,0.8,0,,1,total_budget_approved|set_manual|null|35133656.0|Propagated from sibling resolution CIPAC-2014-006 with same film title|cipac_2014_results.json|2026-08-07|JDP;;investor_rnc|set_manual|null|1-22-01122-6|Vertical black stripe covers first letter of RNC label in header|Resolution PDF header p.1|2026-08-07|JDP,resolucion-cipac-no-2014-007_validacion-de-inversion-induveca-boter-media-locas-y-atrapadas.pdf
94,CIPAC-2014-008,2014,,,068,041,art_34,approved,"INDUSPALMA DOMINICANA, S.A.",1-01-09980-1,"BONTER MEDIA, S.R.L.",1-30-94031-2,,LOCAS Y ATRAPADAS,2013-12-26,2014-01-24,1969459.0,1969459.0,100.0,35133656.0,35133656.0,0.8,0,,1,total_budget_approved|set_manual|null|35133656.0|Propagated from sibling resolution CIPAC-2014-006 with same film title|cipac_2014_results.json|2026-08-07|JDP;;investor_rnc|set_manual|null|1-01-09980-1|Vertical black stripe covers first letter of RNC label in header|Resolution PDF header p.1|2026-08-07|JDP,resolucion-cipac-no-2014-008_validacion-de-inversion-induspalma-dominicana-locas-y-atrapadas.pdf
95,CIPAC-2014-009,2014,,,068,041,art_34,approved,"MERCASID, S.A.",1-01-80768-7,"BONTER MEDIA, S.R.L.",1-30-94031-2,,LOCAS Y ATRAPADAS,2013-12-26,2014-01-24,15474625.44,15474625.44,100.0,35133656.0,35133656.0,1.0,0,,0,,resolucion-cipac-no-2014-009_validacion-de-inversion-mercancid-locas-y-atrapadas.pdf
96,CIPAC-2014-010,2014,,,062,037,art_34,approved,"BANCO MÚLTIPLE BHD, S.A.",1-01-13679-2,"AURORA DOMINICANA, S.R.L.",1-31-02456-4,,DOLARES DE ARENA,2014-01-10,2014-01-24,8000000.0,8000000.0,100.0,42788675.69,20513798.0,0.9,0,,1,investor_rnc|set_manual|null|1-01-13679-2|Vertical black stripe covers first letter of RNC label in header|Resolution PDF header p.1|2026-08-07|JDP,resolucion-cipac-no-2014-010_validacion-de-inversion-banco-bhd-aurora-dominicana-dolares-de-arena.pdf
97,CIPAC-2014-011,2014,,,062,037,art_34,approved,"ADMINISTRADORA DE FONDOS DE PENSIONES SIEMBRA, S.A.",1-01-78432-6,"AURORA DOMINICANA, S.R.L.",1-31-02456-4,,DOLARES DE ARENA,2014-01-10,2014-01-20,2000000.0,2000000.0,100.0,42788675.69,20513798.0,0.9,0,,1,investor_rnc|set_manual|null|1-01-78432-6|Vertical black stripe covers first letter of RNC label in header|Resolution PDF header p.1|2026-08-07|JDP,resolucion-cipac-no-2014-011_validacion-de-inversion-afp-siembradolares-de-arena.pdf
98,CIPAC-2014-012,2014,,,062,037,art_34,approved,"BANCO BACC DE AHORRO Y CRÉDITO DEL CARIBE, S.A.",1-01-13879-3,"AURORA DOMINICANA, S.R.L.",1-31-02456-4,,DOLARES DE ARENA,2014-01-10,2014-01-29,2500000.0,2500000.0,100.0,42788675.69,20513798.0,0.8,0,,1,total_budget_approved|set_manual|null|42788675.69|Propagated from sibling resolution CIPAC-2014-010 with same film title|cipac_2014_results.json|2026-08-07|JDP;;investor_rnc|set_manual|null|1-01-13879-3|Vertical black stripe covers first letter of RNC label in header|Resolution PDF header p.1|2026-08-07|JDP,resolucion-cipac-no-2014-012_validacion-de-inversion-banco-ahorro-y-credito-del-caribe-dorales-de-arena.pdf
99,CIPAC-2014-013,2014,,,062,037,art_34,approved,"DISASHOP DOMINICANA, S.R.L.",1-30-17301-1,"AURORA DOMINICANA, S.R.L.",1-31-02456-4,,DOLARES DE ARENA,2014-01-10,2014-01-20,3000000.0,3000000.0,100.0,42788675.69,20513798.0,0.9,0,,1,investor_rnc|set_manual|null|1-30-17301-1|Vertical black stripe covers first letter of RNC label in header|Resolution PDF header p.1|2026-08-07|JDP,resolucion-cipac-no-2014-013_validacion-de-inversion-disa-consulting-dominicana-dolares-de-arena.pdf
100,CIPAC-2014-014,2014,,,044,025,art_34,approved,"LUBRICANTES DOMINICANOS, S.R.L.",1-01-05451-4,"PERSEO FILMS, S.R.L.",1-30-87441-7,,VOCES DE LA CALLE,2014-01-02,2014-01-04,9000000.0,9000000.0,100.0,54357360.59,9000000.0,0.8,0,,1,investor_rnc|set_manual|null|1-01-05451-4|Vertical black stripe covers first letter of RNC label in header|Resolution PDF header p.1|2026-08-07|JDP,resolucion-cipac-no-2014-014_validacion-de-inversion-lubricantes-dominicanos-perseo-films-voces-de-la-calle.pdf
101,CIPAC-2014-015,2014,,,070,043,art_34,approved,"CEMENTOS CIBAO, S.A.",1-02-00213-4,"PRODUCTORA FLOR DEL SOL, S.R.L.",1-31-04651-7,,GIRASOLES,2014-01-10,2014-01-29,10000000.0,10000000.0,100.0,89910874.0,10000000.0,0.8,0,,1,investor_rnc|set_manual|null|1-02-00213-4|Vertical black stripe covers first letter of RNC label in header|Resolution PDF header p.1|2026-08-07|JDP;;total_budget_approved|set_manual|null|89910874.00|Amount not in resolution PDF sourced from original CPND certificate|CPND certificate|2026-08-07|JDP,resolucion-cipac-no-2014-015_validacion-de-inversion-cementos-cibao-productora-flor-del-sol-girasoles.pdf
102,CIPAC-2014-016,2014,,,065,039,art_34,approved,"MAGNA MOTORS, S.A.",1-01-05557-1,"PRODUCTORA OJODEPEZ, S.R.L.",1-30-83059-2,,UNA DE CANALLAS,2014-01-02,2014-01-29,12600000.0,12600000.0,100.0,57877709.76,47601470.0,0.8,0,,1,total_budget_approved|set_manual|null|47601470.0|Propagated from sibling resolution CIPAC-2014-020 with same film title|cipac_2014_results.json|2026-08-07|JDP;;investor_rnc|set_manual|null|1-01-05557-1|Vertical black stripe covers first letter of RNC label in header|Resolution PDF header p.1|2026-08-07|JDP,resolucion-cipac-no-2014-016_validacion-de-inversion-magna-motors-ojo-de-pez-una-de-canallas.pdf
103,CIPAC-2014-017,2014,,,065,039,art_34,approved,"BANCO MÚLTIPLE BHD, S.A.",1-01-13679-2,"PRODUCTORA OJODEPEZ, S.R.L.",1-30-83059-2,,UNA DE CANALLAS,2014-01-02,2014-01-29,20000000.0,20000000.0,100.0,57877709.76,47601470.0,0.8,0,,1,total_budget_approved|set_manual|null|57877709.76|Propagated from sibling resolution CIPAC-2014-016 with same film title|cipac_2014_results.json|2026-08-07|JDP;;investor_rnc|set_manual|null|1-01-13679-2|Vertical black stripe covers first letter of RNC label in header|Resolution PDF header p.1|2026-08-07|JDP,resolucion-cipac-no-2014-017_validacion-de-inversion-banco-bhd-una-de-canallas.pdf
104,CIPAC-2014-018,2014,,,065,039,art_34,approved,"AMADOR PIMENTEL & CO, S.R.L.",1-01-01977-8,"PRODUCTORA OJODEPEZ, S.R.L.",1-30-83059-2,,UNA DE CANALLAS,2014-01-02,2014-01-29,1000000.0,1000000.0,100.0,57877709.76,47601470.0,0.7,0,,1,total_budget_executed|set_manual|null|47601470.00|Propagated from sibling resolution CIPAC-2014-016 with same film title|cipac_2014_results.json|2026-08-07|JDP;;total_budget_approved|set_manual|null|57877709.76|Propagated from sibling resolution CIPAC-2014-016 with same film title|cipac_2014_results.json|2026-08-07|JDP;;investor_rnc|set_manual|null|1-01-01977-8|Vertical black stripe covers first letter of RNC label in header|Resolution PDF header p.1|2026-08-07|JDP,resolucion-cipac-no-2014-018_validacion-de-inversion-amador-pimentel-_-co-una-de-canallas.pdf
105,CIPAC-2014-019,2014,,,065,039,art_34,approved,"COBINCA, S.A.",1-01-19447-2,"PRODUCTORA OJODEPEZ, S.R.L.",1-30-83059-2,,UNA DE CANALLAS,2014-01-02,2014-01-29,3000000.0,3000000.0,100.0,57877709.76,47601470.0,0.8,0,,1,total_budget_executed|set_manual|null|47601470.0|Propagated from sibling resolution CIPAC-2014-016 with same film title|cipac_2014_results.json|2026-08-07|JDP;;total_budget_approved|set_manual|null|57877709.76|Propagated from sibling resolution CIPAC-2014-016 with same film title|cipac_2014_results.json|2026-08-07|JDP,resolucion-cipac-no-2014-019_validacion-de-inversion-cobinca-una-de-canallas.pdf
106,CIPAC-2014-020,2014,,,065,039,art_34,approved,"P Y M INMOBILIARIA, S.R.L.",1-01-03855-1,"PRODUCTORA OJODEPEZ, S.R.L.",1-30-83059-2,,UNA DE CANALLAS,2014-01-02,2014-01-29,4000000.0,4000000.0,100.0,57877709.76,47601470.0,0.9,0,,1,investor_rnc|set_manual|null|1-01-03855-1|Vertical black stripe covers first letter of RNC label in header|Resolution PDF header p.1|2026-08-07|JDP,resolucion-cipac-no-2014-020_validacion-de-inversion-p_m-inmobiliaria-una-de-canallas.pdf
107,CIPAC-2014-021,2014,,,065,039,art_34,approved,"COSANCA, S.A.S.",1-01-02235-3,"PRODUCTORA OJODEPEZ, S.R.L.",1-30-83059-2,,UNA DE CANALLAS,2014-01-02,2014-01-29,7000000.0,7000000.0,100.0,57877709.76,47601470.0,0.8,0,,1,total_budget_approved|set_manual|null|57877709.76|Propagated from sibling resolution CIPAC-2014-016 with same film title|cipac_2014_results.json|2026-08-07|JDP;;investor_rnc|set_manual|null|1-01-02235-3|Vertical black stripe covers first letter of RNC label in header|Resolution PDF header p.1|2026-08-07|JDP,resolucion-cipac-no-2014-021_validacion-de-inversion-cosanca-una-de-canallas.pdf
108,CIPAC-2014-022,2014,,,057,033,art_34,approved,"ALTICE DOMINICANA, S.A.",1-01-61878-7,"SOFIA FILMS, S.R.L.",1-31-01482-8,,VAMOS DE ROBO,2013-12-02,2014-01-24,7000000.0,7000000.0,100.0,60000000.0,56509288.32,0.4,0,,1,investor_rnc|set_manual|null|1-01-61878-7|Vertical black stripe covers first letter of RNC label in header|Resolution PDF header p.1|2026-08-07|JDP;;film_title|set_manual|null|VAMOS DE ROBO|Vertical black stripe covers first letter of title label in header|Resolution PDF header p.1|2026-08-07|JDP;;validated_amount_dop|set_manual|null|7000000.00|Poor scan quality almost unreadable|Resolution PDF PRIMERO section|2026-08-07|JDP;;tax_credit_dop|set_manual|null|7000000.00|Poor scan quality almost unreadable|Resolution PDF SEGUNDO section|2026-08-07|JDP;;total_budget_approved|set_manual|null|60000000.00|Poor scan quality almost unreadable|Resolution PDF budget section|2026-08-07|JDP;;total_budget_executed|set_manual|null|56509288.32|Poor scan quality almost unreadable|Resolution PDF budget section|2026-08-07|JDP,resolucion-cipac-no-2014-022_validacion-de-inversion-orange-dominicana-sofia-films-vamos-de-robo.pdf
109,CIPAC-2014-023,2014,,,057,033,art_34,approved,"PARALLAX VALORES PUESTO DE BOLSA, S.A.",1-01-56714-7,"SOFIA FILMS, S.R.L.",1-31-01482-8,,VAMOS DE ROBO,2013-12-02,2014-01-03,2500000.0,2500000.0,100.0,60000000.0,56509288.32,0.7,0,,1,"investor_rnc|set_manual|null|1-01-56714-7|Vertical black stripe covers first letter of RNC label in header|Resolution PDF header p.1|2026-08-07|JDP;;investor_name|set_manual|null|PARALLAX VALORES PUESTO DE BOLSA, S.A.|Vertical black stripe covers first letter of investor name label in header|Resolution PDF header p.1|2026-08-07|JDP;;total_budget_approved|set_manual|null|60000000.00|Amount not in resolution PDF sourced from original CPND certificate|CPND certificate|2026-08-07|JDP",resolucion-cipac-no-2014-023_validacion-de-inversion-parallax-valores-puestos-de-bolsa-vamos-de-robo.pdf
110,CIPAC-2014-024,2014,,,057,033,art_34,approved,"LOTERÍA ELECTRÓNICA INTERNACIONAL DOMINICANA, S.A.",1-01-70527-2,"SOFIA FILMS, S.R.L.",1-31-01482-8,,VAMOS DE ROBO,2013-12-02,2014-01-24,10000000.0,10000000.0,100.0,60000000.0,56509288.32,0.8,0,,1,investor_rnc|set_manual|null|1-01-70527-2|Vertical black stripe covers first letter of RNC label in header|Resolution PDF header p.1|2026-08-07|JDP;;total_budget_approved|set_manual|null|60000000.00|Amount not in resolution PDF sourced from original CPND certificate|CPND certificate|2026-08-07|JDP,resolucion-cipac-no-2014-024_validacion-de-inversion-leidsa-vamonos-de-robo.pdf
111,CIPAC-2014-025,2014,,,057,033,art_34,approved,"GRUPO RAMOS, S.A.",1-01-79682-2,"SOFIA FILMS, S.R.L.",1-31-01482-8,,VAMOS DE ROBO,2013-12-02,2014-01-24,20000000.0,20000000.0,100.0,60000000.0,56509288.32,0.8,0,,1,investor_rnc|set_manual|null|1-01-79682-2|Vertical black stripe covers first letter of RNC label in header|Resolution PDF header p.1|2026-08-07|JDP;;total_budget_approved|set_manual|null|60000000.00|Amount not in resolution PDF sourced from original CPND certificate|CPND certificate|2026-08-07|JDP,resolucion-cipac-no-2014-025_validacion-de-inversion-grupo-ramos-vamos-de-robo.pdf
112,CIPAC-2014-026,2014,,,057,033,art_34,approved,"PERAVIA INDUSTRIAL, S.A.",1-15-00015-8,"SOFIA FILMS, S.R.L.",1-31-01482-8,,VAMOS DE ROBO,2013-12-02,2014-01-24,10000000.0,10000000.0,100.0,60000000.0,56509288.32,0.8,0,,1,investor_rnc|set_manual|null|1-15-00015-8|Vertical black stripe covers first letter of RNC label in header|Resolution PDF header p.1|2026-08-07|JDP;;total_budget_approved|set_manual|null|60000000.00|Amount not in resolution PDF sourced from original CPND certificate|CPND certificate|2026-08-07|JDP,resolucion-cipac-no-2014-026_validacion-de-inversion-peravia-industrial-vamonos-de-robo.pdf
113,CIPAC-2014-027,2014,,,057,033,art_34,approved,"COBINCA, S.A.",1-01-19447-2,"SOFIA FILMS, S.R.L.",1-31-01482-8,,VAMOS DE ROBO,2013-12-02,2014-01-24,7000000.0,7000000.0,100.0,60000000.0,56509288.32,0.8,0,,1,investor_rnc|set_manual|null|1-01-19447-2|Vertical black stripe covers first letter of RNC label in header|Resolution PDF header p.1|2026-08-07|JDP;;total_budget_approved|set_manual|null|60000000.00|Amount not in resolution PDF sourced from original CPND certificate|CPND certificate|2026-08-07|JDP,resolucion-cipac-no-2014-027_validacion-de-inversion-cobinca-vamonos-de-robo.pdf
114,CIPAC-2014-028,2014,,,049,029,art_34,approved,"BANCO MÚLTIPLE BHD, S.A.",1-01-13679-2,"IMAGINARIO FILMS AND THEATRE, S.R.L.",1-30-85979-5,,BESTIA DE CARDO,2014-01-14,2014-01-29,10000000.0,10000000.0,100.0,41521031.9,35549143.12,0.9,0,,1,investor_rnc|set_manual|null|1-01-13679-2|Vertical black stripe covers first letter of RNC label in header|Resolution PDF header p.1|2026-08-07|JDP,resolucion-cipac-no-2014-028_validacion-de-inversion-banco-bhd-imaginario-films-and-theatre-bestia-de-cardo.pdf
115,CIPAC-2014-029,2014,,,049,029,art_34,approved,"INGENIERIA ESTRELLA, S.A.",1-02-31881-6,"IMAGINARIO FILMS AND THEATRE, S.R.L.",1-30-85979-5,,BESTIA DE CARDO,2014-01-14,2014-01-29,10000000.0,10000000.0,100.0,41521031.9,35549143.12,0.6,0,,1,"total_budget_executed|set_manual|null|35549143.12|Propagated from sibling resolution CIPAC-2014-028 with same film title|cipac_2014_results.json|2026-08-07|JDP;;total_budget_approved|set_manual|null|41521031.9|Propagated from sibling resolution CIPAC-2014-028 with same film title|cipac_2014_results.json|2026-08-07|JDP;;investor_rnc|set_manual|null|1-02-31881-6|Vertical black stripe covers first letter of RNC label in header|Resolution PDF header p.1|2026-08-07|JDP;;investor_name|set_manual|null|INGENIERIA ESTRELLA, S.R.L.|Vertical black stripe covers first letter of investor name label in header|Resolution PDF header p.1|2026-08-07|JDP",resolucion-cipac-no-2014-029_validacion-de-inversion-ingenieria-estrella-bestia-de-cardo.pdf
116,CIPAC-2014-030,2014,,,022,011,art_34,approved,"ADMINISTRADORA DE FONDOS DE PENSIONES SIEMBRA, S.A.",1-01-78432-6,"CELINES TORIBIO ENTERPRISES, S.R.L.",1-30-86198-6,,MARIA MONTEZ,2014-01-10,2014-01-24,3000000.0,3000000.0,100.0,63306571.0,48779100.0,0.6,0,,1,total_budget_executed|set_manual|null|48779100.0|Propagated from sibling resolution CIPAC-2014-005 with same film title|cipac_2014_results.json|2026-08-07|JDP;;total_budget_approved|set_manual|null|63306571.0|Propagated from sibling resolution CIPAC-2014-005 with same film title|cipac_2014_results.json|2026-08-07|JDP;;investor_rnc|set_manual|null|1-01-78432-6|Vertical black stripe covers first letter of RNC label in header|Resolution PDF header p.1|2026-08-07|JDP;;resolution_date|set_manual|null|2014-01-24|Vertical black stripe covers first letter of resolution date label in header|Resolution PDF header p.1|2026-08-07|JDP,resolucion-cipac-no-2014-030_validacion-de-inversion-administradora-de-fondos-de-pensiones-siembra-maria-montez.pdf
117,CIPAC-2014-031,2014,,,032,019,art_34,approved,"BANCO MÚLTIPLE BHD, S.A.",1-01-13679-2,"ENTRE FILMS, S.R.L.",1-30-94595-2,,VICTIMA AISLADA,2014-01-20,2014-02-10,22000000.0,22000000.0,100.0,60262918.0,47517217.0,0.8,0,,1,total_budget_approved|set_manual|null|60262918.0|Propagated from sibling resolution CIPAC-2014-033 with same film title|cipac_2014_results.json|2026-08-07|JDP;;investor_rnc|set_manual|null|1-01-13679-2|Vertical black stripe covers first letter of RNC label in header|Resolution PDF header p.1|2026-08-07|JDP,resolucion-cipac-no-2014-031_validacion-de-inversion-banco-hbd-entre-films-victima-aislada.pdf
118,CIPAC-2014-032,2014,,,032,019,art_34,approved,"ADMINISTRADORA DE FONDOS DE PENSIONES SIEMBRA, S.A.",1-01-78432-6,"ENTRE FILMS, S.R.L.",1-30-94595-2,,VICTIMA AISLADA,2014-01-20,2014-01-29,3000000.0,3000000.0,100.0,60262918.0,47517217.0,0.9,0,,1,total_budget_approved|set_manual|null|60262918.0|Propagated from sibling resolution CIPAC-2014-031 with same film title|cipac_2014_results.json|2026-08-07|JDP,resolucion-cipac-no-2014-032_validacion-de-inversion-afp-siembra-victima-aislada.pdf
119,CIPAC-2014-033,2014,,,032,019,art_34,approved,"VIAMAR, S.A.",1-01-01114-9,"ENTRE FILMS, S.R.L.",1-30-94595-2,,VICTIMA AISLADA,2014-01-20,2014-01-29,18000000.0,18000000.0,100.0,60262918.0,47517217.0,0.8,0,,1,"investor_rnc|set_manual|null|1-01-01114-9|Vertical black stripe covers first letter of RNC label in header|Resolution PDF header p.1|2026-08-07|JDP;;production_company|set_manual|null|ENTRE FILMS, S.R.L.|Vertical black stripe covers first letter of the production company label in header|Resolution PDF header p.1|2026-08-07|JDP",resolucion-cipac-no-2014-033_validacion-de-inversion-viamar-victima-aislada.pdf
120,CIPAC-2014-034,2014,,,032,019,art_34,approved,"PLATER INVESTMENT, S.A.",1-30-53953-7,"ENTRE FILMS, S.R.L.",1-30-94595-2,,VICTIMA AISLADA,2014-01-20,2014-01-24,3300000.0,3300000.0,100.0,60262918.0,47517217.0,0.7,0,,1,total_budget_approved|set_manual|null|60262918.0|Propagated from sibling resolution CIPAC-2014-031 with same film title|cipac_2014_results.json|2026-08-07|JDP;;investor_rnc|set_manual|null|1-30-53953-7|Vertical black stripe covers first letter of RNC label in header|Resolution PDF header p.1|2026-08-07|JDP;;request_date|set_manual|null|2014-01-20|Vertical black stripe covers first letter of the request date label in header|Resolution PDF header p.1|2026-08-07|JDP,resolucion-cipac-no-2014-034_validacion-de-inversion-plater-investment-victima-aislada.pdf
121,CIPAC-2014-035,2014,,,032,019,art_34,approved,"SISPEN, S.R.L.",1-30-11029-8,"ENTRE FILMS, S.R.L.",1-30-94595-2,,VICTIMA AISLADA,2014-01-20,2014-01-24,1000000.0,1000000.0,100.0,60262918.0,47517217.0,0.8,0,,1,total_budget_approved|set_manual|null|60262918.0|Propagated from sibling resolution CIPAC-2014-031 with same film title|cipac_2014_results.json|2026-08-07|JDP;;investor_rnc|set_manual|null|1-30-11029-8|Vertical black stripe covers first letter of RNC label in header|Resolution PDF header p.1|2026-08-07|JDP,resolucion-cipac-no-2014-035_validacion-de-inversion-sispen-victima-aislada.pdf
122,CIPAC-2014-036,2014,,,063,038,art_34,approved,"CENTRO CUESTA NACIONAL, S.A.S.",1-01-01992-1,"LOTOMAN 3, S.R.L.",1-31-03733-1,,LOTOMAN 3,2014-01-20,2014-01-29,7000000.0,7000000.0,100.0,62588479.0,68498496.28,0.8,0,,1,investor_rnc|set_manual|null|1-01-13679-2|Vertical black stripe covers first letter of RNC label in header|Resolution PDF header p.1|2026-08-07|JDP;;total_budget_approved|set_manual|null|62588479.00|Amount not in resolution PDF sourced from original CPND certificate|CPND certificate|2026-08-07|JDP,resolucion-cipac-no-2014-036_validacion-de-inversion-centro-cuesta-nacional-lotoman3.pdf
123,CIPAC-2014-037,2014,,,057,033,art_34,approved,"AEROPUERTO INTERNACIONAL DEL CIBAO, S. A.",1-02-61324-9,"IMAGINARIO FILMS AND THEATRE, S.R.L.",1-30-85979-5,,BESTIA DE CARDO,2014-01-14,2014-01-29,15000000.0,15000000.0,100.0,41521031.9,35549143.12,0.8,0,,1,"investor_rnc|set_manual|null|1-02-61324-9|Vertical black stripe covers first letter of RNC label in header|Resolution PDF header p.1|2026-08-07|JDP;;investor_name|set_manual|null|AEROPUERTO INTERNACIONAL DEL CIBAO, S.R.L.|Vertical black stripe covers first letter of investor name label in header|Resolution PDF header p.1|2026-08-07|JDP",resolucion-cipac-no-2014-037_validacion-de-inversion-aeropuerto-internacional-del-cibao-imaginario-films-bestia-de-cardo.pdf
124,CIPAC-2014-038,2014,,,030,017,art_34,approved,"COMPANÍA DOMINICANA DE TELÉFONOS, S.A.",1-01-00157-7,"PRODUCCIONES PSEI, S.R.L.",1-30-89842-1,,QUIERO SER FIEL,2013-12-30,2014-02-19,72302826.32,72302826.32,100.0,77013183.8,72302826.32,0.8,0,,1,investor_rnc|set_manual|null|1-01-00157-7|Vertical black stripe covers first letter of RNC label in header|Resolution PDF header p.1|2026-08-07|JDP;;total_budget_approved|set_manual|null|77013183.80|Amount not in resolution PDF sourced from original CPND certificate|CPND certificate|2026-08-07|JDP,resolucion-cipac-no-2014-038_validacion-de-inversion-compania-dominicana-telefonos-producciones-psei-quiero-ser-fiel.pdf
125,CIPAC-2014-039,2014,,,,,art_34,rejected,"CONSTRUCTORA INMOBILIARIA CUESTA BRAVA, S.R.L. | GREEN CABLES AND SYSTEMS, S.A.",1-01-85438-3 | 1-30-47083-9,"BUSINESS SUPPORT BUCROT, S.R.L.",1-31-01178-2,,DUARTE,,2014-04-09,29664100.0,,100.0,,,0.0,0,,1,"investor_name|set_manual|null|CONSTRUCTORA INMOBILIARIA CUESTA BRAVA, S.R.L. | GREEN CABLES AND SYSTEMS, S.A.|Multiple investors in single rejection resolution|Resolution PDF PRIMERO section|2026-08-07|JDP;;investor_rnc|set_manual|null|1-01-85438-3 | 1-30-47083-9|Multiple investors in single rejection resolution|Resolution PDF header|2026-08-07|JDP",resolucion-cipac-no-2014-039_no-validacion-de-inversion-kamajanes-nocturnos-films-constructora-inmobiliaria-cuesta-brava-duarte.pdf
126,CIPAC-2014-041,2014,,,069,042,art_34,approved,"ALTICE DOMINICANA, S.A.",1-01-61878-7,"COMPAÑÍA INTERNACIONAL DOMINICANA CID, S.R.L.",1-30-67553-8,,LA EXTRAÑA,2014-03-24,2014-04-11,10000000.0,10000000.0,100.0,46693777.0,42056139.0,0.8,0,,1,total_budget_executed|set_manual|null|42056139.0|Propagated from sibling resolution CIPAC-2014-054 with same film title|cipac_2014_results.json|2026-08-07|JDP;;total_budget_approved|set_manual|null|46693777.0|Propagated from sibling resolution CIPAC-2014-054 with same film title|cipac_2014_results.json|2026-08-07|JDP,resolucion-cipac-no-2014-041_validacion-de-inversion-orange-dominicana-compania-internacional-dominicana-la-extrana.pdf
127,CIPAC-2014-042,2014,,,069,042,art_34,approved,"CONSORCIO AZUCARERO CENTRAL, S.A.",1-01-80930-2,"COMPAÑÍA INTERNACIONAL DOMINICANA CID, S.R.L.",1-30-67553-8,,LA EXTRAÑA,2014-03-24,2014-04-11,6000000.0,6000000.0,100.0,46693777.0,42056139.0,0.6,0,,1,total_budget_executed|set_manual|null|42056139.0|Propagated from sibling resolution CIPAC-2014-041 with same film title|cipac_2014_results.json|2026-08-07|JDP;;total_budget_approved|set_manual|null|46693777.0|Propagated from sibling resolution CIPAC-2014-041 with same film title|cipac_2014_results.json|2026-08-07|JDP;;investor_rnc|set_manual|null|1-01-80930-2|Vertical black stripe covers first letter of RNC label in header|Resolution PDF header p.1|2026-08-07|JDP;;request_date|set_manual|null|2014-03-24|Vertical black stripe covers first letter of request date label in header|Resolution PDF header p.1|2026-08-07|JDP,resolucion-cipac-no-2014-042_validacion-de-inversion-consorcio-azucarero-central-la-extrana.pdf
128,CIPAC-2014-043,2014,,,069,042,art_34,approved,"BANCO MÚLTIPLE BDI, S.A.",1-01-04029-7,"COMPAÑÍA INTERNACIONAL DOMINICANA CID, S.R.L.",1-30-67553-8,,LA EXTRAÑA,2014-03-24,2014-04-11,4260000.0,4260000.0,100.0,46693777.0,42056139.0,0.8,0,,1,total_budget_executed|set_manual|null|42056139.0|Propagated from sibling resolution CIPAC-2014-041 with same film title|cipac_2014_results.json|2026-08-07|JDP;;total_budget_approved|set_manual|null|46693777.0|Propagated from sibling resolution CIPAC-2014-041 with same film title|cipac_2014_results.json|2026-08-07|JDP,resolucion-cipac-no-2014-043_validacion-de-inversion-banco-multiple-bdi-la-extrana.pdf
129,CIPAC-2014-044,2014,,,069,042,art_34,rejected,"SERVINET, S.R.L. | KE KARIBE ENTERTAINMENT, S.R.L. | CONSULTORÍA INDUSTRIAL Y DE TRANSPORTE (CIT), S.R.L.",1-01-84800-6 | 1-30-90978-4 | 1-30-68900-8,"COMPAÑÍA INTERNACIONAL DOMINICANA CID, S.R.L.",1-30-67553-8,,LA EXTRAÑA,,2014-04-11,17072117.21,,100.0,46693777.0,42056139.0,0.0,0,,1,"investor_name|set_manual|null|SERVINET, S.R.L. | KE KARIBE ENTERTAINMENT, S.R.L. | CONSULTORÍA INDUSTRIAL Y DE TRANSPORTE (CIT), S.R.L.|Multiple investors in single rejection resolution|Resolution PDF PRIMERO section|2026-08-07|JDP;;investor_rnc|set_manual|null|1-01-84800-6 | 1-30-90978-4 | 1-30-68900-8|Multiple investors in single rejection resolution|Resolution PDF header|2026-08-07|JDP",resolucion-cipac-no-2014-044_no-validacion-de-inversion-servinet-ke-karibe-entretenimentconsultoria-de-transporte-industrial-la-extrana.pdf
130,CIPAC-2014-049,2014,,,059,034,art_34,approved,"BANCO MÚLTIPLE ADEMI, S.A.",1-01-74527-4,"VIEWFINDER, S.R.L.",1-30-94190-4,,ALGUN LUGAR,2014-05-06,2014-05-09,10963782.87,10963782.87,100.0,33850488.88,33064356.88,0.7,0,,1,investor_rnc|set_manual|null|1-01-74527-4|Vertical black stripe covers first letter of RNC label in header|Resolution PDF header p.1|2026-08-07|JDP;;total_budget_executed|set_manual|null|33064356.88|Stamp covers budget executed paragraph|Resolution PDF budget section|2026-08-07|JDP;;total_budget_approved|set_manual|null|33850488.88|Amount not in resolution PDF sourced from original CPND certificate|CPND certificate|2026-08-07|JDP,resolucion-cipac-no-2014-049_validacion-de-inversion-banco-multiple-ademi-viewfinder-algun-lugar.pdf
131,CIPAC-2014-050,2014,,,061,036,art_34,approved,"BANCO MÚLTIPLE LÓPEZ DE HARO, S.A.",1-01-14588-9,"QUIET ISLAND, S.R.L.",1-31-02529-3,,DE PEZ EN CUANDO,2014-05-06,2014-05-09,1500000.0,1500000.0,100.0,38200225.0,38368360.75,0.8,0,,1,total_budget_executed|set_manual|null|38368360.75|Stamp covers budget executed paragraph|Resolution PDF budget section|2026-08-07|JDP;;total_budget_approved|set_manual|null|38200225.0|Amount not in resolution PDF sourced from original CPND certificate|CPND certificate|2026-08-07|JDP,resolucion-cipac-no-2014-050_validacion-de-inversion-banco-multiple-lopez-de-haro-quiet-island-films-de-pez-en-cuando.pdf
132,CIPAC-2014-051,2014,,,061,036,art_34,approved,"BANCO MÚLTIPLE BDI, S.A.",1-01-04029-7,"QUIET ISLAND, S.R.L.",1-31-02529-3,,DE PEZ EN CUANDO,2014-05-06,2014-05-09,3800000.0,3800000.0,100.0,38200225.0,38368360.75,0.7,0,,1,total_budget_executed|set_manual|null|38368360.75|Stamp covers budget executed paragraph|Resolution PDF budget section|2026-08-07|JDP;;total_budget_approved|set_manual|null|38200225.0|Amount not in resolution PDF sourced from original CPND certificate|CPND certificate|2026-08-07|JDP;;investor_rnc|set_manual|null|1-01-04029-7|Vertical black stripe covers first letter of RNC label in header|Resolution PDF header p.1|2026-08-07|JDP,resolucion-cipac-no-2014-051_validacion-de-inversion-banco-multiple-bdi-de-pez-en-cuando.pdf
133,CIPAC-2014-053,2014,,,082,054,art_34,approved,"BRAVO, S.A.",1-01-60246-5,"ERIZO FILMS, S.R.L.",1-31-10479-7,,EL LAGO ENRIQUILLO,2014-05-16,2014-05-27,4131411.0,4131411.0,100.0,4152556.0,4131411.0,0.9,0,,1,total_budget_approved|set_manual|null|4152556.00|Amount not in resolution PDF sourced from original CPND certificate|CPND certificate|2026-08-07|JDP,resolucion-cipac-no-2014-053_validacion-de-inversion-bravo-erizo-films-el-lago-enriquillo.pdf
134,CIPAC-2014-054,2014,,,069,042,art_34,approved,"SERVINET, S.R.L.",1-01-84800-6,"COMPAÑÍA INTERNACIONAL DOMINICANA CID, S.R.L.",1-30-67553-8,,LA EXTRAÑA,2014-05-22,2014-06-12,1060500.0,1060500.0,100.0,46693777.0,42056139.0,1.0,0,,0,,resolucion-cipac-no-2014-054_validacion-de-inversion-servet-compania-internacional-dominicana-la-extrana.pdf
135,CIPAC-2014-056,2014,,,084,056,art_34,approved,"CASA PACO, S.A.",1-01-19151-1,"MS FILMS, S.R.L.",1-31-09104-2,,PAL CAMPAMENTO,2014-06-11,2014-07-17,1500000.0,1500000.0,100.0,48426569.0,48426569.0,0.8,0,,1,total_budget_approved|set_manual|null|48426569.0|Propagated from sibling resolution CIPAC-2014-069 with same film title|cipac_2014_results.json|2026-08-07|JDP;;investor_rnc|set_manual|null|1-01-19151-1|Vertical black stripe covers first letter of RNC label in header|Resolution PDF header p.1|2026-08-07|JDP,resolucion-cipac-no-2014-056_validacion-de-inversion-casa-paco-ms-films-pal-campamento.pdf
136,CIPAC-2014-058,2014,,,080,052,art_34,approved,"IMBERT DOMÍNGUEZ & ASOCIADOS, S.A.",1-01-14232-4,"GRUPO TRUKEMER, S.R.L.",1-31-08399-4,,MISIÓN 809,2014-07-18,2014-08-15,3032713.28,3032713.28,100.0,39297443.0,3032713.28,0.7,0,,0,investor_rnc|set_manual|null|1-31-08399-4|Vertical black stripe covers first letter of RNC label in header|Resolution PDF header p.1|2026-08-07|JDP;;request_date|set_manual|null|2014-07-18|Vertical black stripe covers first letter of request date label in header|Resolution PDF header p.1|2026-08-07|JDP,resolucion-cipac-no-2014-058_validacion-de-inversion-imbert-dominguez-_-asociados-grupo-trukemer-mision-809.pdf
137,CIPAC-2014-061,2014,,,072,045,art_34,approved,"BANCO MÚLTIPLE BHD, S.A.",1-01-13679-2,"ALDEA FILMS, S.R.L.",1-31-02474-2,,UN LÍO EN DÓLARES,2014-08-06,2014-08-29,21000000.0,21000000.0,100.0,39252001.0,29998773.35,1.0,0,,0,,resolucion-cipac-no-2014-061_validacion-de-inversion-banco-multiple-bhd-s-a-un-lio-en-dolares.pdf
138,CIPAC-2014-062,2014,,,072,045,art_34,approved,"CENTRO CUESTA NACIONAL, S.A.S.",1-01-01992-1,"ALDEA FILMS, S.R.L.",1-31-02474-2,,UN LÍO EN DÓLARES,2014-08-06,2014-08-29,4998773.35,4998773.35,100.0,39252001.0,29998773.35,1.0,0,,0,,resolucion-cipac-no-2014-062_validacion-de-inversion-centro-cuesta-nacional-s-a-s-un-lio-en-dolares.pdf
139,CIPAC-2014-063,2014,,,072,045,art_34,approved,"INDUSTRIAS NIGUA, S.A.",1-01-00485-1,"ALDEA FILMS, S.R.L.",1-31-02474-2,,UN LÍO EN DÓLARES,2014-08-06,2014-08-29,4000000.0,4000000.0,100.0,39252001.0,29998773.35,1.0,0,,0,,resolucion-cipac-no-2014-063_validacion-de-inversion-industrias-nigua-s-a-un-lio-en-dolares.pdf
140,CIPAC-2014-064,2014,,,072,045,art_34,approved,"PARTNERS OGILVY & MATHER MERCADO INTEGRADO, S.R.L.",1-01-63293-3,"ALDEA FILMS, S.R.L.",1-31-02474-2,,UN LÍO EN DÓLARES,2014-08-28,2014-09-26,1000000.0,1000000.0,100.0,39252001.0,34183750.86,0.9,0,,1,total_budget_approved|set_manual|null|39252001.0|Propagated from sibling resolution CIPAC-2014-061 with same film title|cipac_2014_results.json|2026-08-07|JDP,resolucion-cipac-no-2014-064_validacion-de-inversion-partners-ogilvy-_-mathers-r-l-un-lio-en-dolares.pdf
141,CIPAC-2014-065,2014,,,079,051,art_34,approved,"BANCO MÚLTIPLE BDI, S.A.",1-01-04029-7,"PILÓN PRODUCTIONS, S.R.L.",1-30-99100-6,,BECARIOS EN EL AMOR,2014-09-01,2014-09-26,4200000.0,4200000.0,100.0,37358860.33,26128499.82,1.0,0,,0,,resolucion-cipac-no-2014-065_validacion-de-inversion-banco-multiple-bdi-s-a-becarios-en-los-amor.pdf
142,CIPAC-2014-066,2014,,,079,051,art_34,approved,"BODY SHOP ATHLETIC CLUB, S.R.L.",1-01-63758-7,"PILÓN PRODUCTIONS, S.R.L.",1-30-99100-6,,BECARIOS EN EL AMOR,2014-09-01,2014-09-26,8000000.0,8000000.0,100.0,37358860.33,26128499.82,0.7,0,,1,total_budget_executed|set_manual|null|26128499.82|Propagated from sibling resolution CIPAC-2014-065 with same film title|cipac_2014_results.json|2026-08-07|JDP;;total_budget_approved|set_manual|null|37358860.33|Propagated from sibling resolution CIPAC-2014-065 with same film title|cipac_2014_results.json|2026-08-07|JDP;;cpnd_number|set_manual|null|051|OCR noise around CPND number in resolution text|Resolution PDF VISTOS section|2026-08-10|JDP,resolucion-cipac-no-2014-066_validacion-de-inversion-body-shop-athletic-club-s-r-l-becarios-en-el-amor.pdf
143,CIPAC-2014-067,2014,,,079,051,art_34,approved,"BANCO MÚLTIPLE ADEMI, S.A.",1-01-74527-4,"PILÓN PRODUCTIONS, S.R.L.",1-30-99100-6,,BECARIOS EN EL AMOR,2014-09-01,2014-09-26,3928564.0,3928564.0,100.0,37358860.33,26128499.82,1.0,0,,0,,resolucion-cipac-no-2014-067_validacion-de-inversion-banco-multiple-ademi-s-a-becarios-en-el-amor.pdf
144,CIPAC-2014-068,2014,,,079,051,art_34,approved,"BANCO MÚLTIPLE BHD, S.A.",1-01-13679-2,"PILÓN PRODUCTIONS, S.R.L.",1-30-99100-6,,BECARIOS EN EL AMOR,2014-09-01,2014-09-26,10000000.0,10000000.0,100.0,37358860.33,26128499.82,0.7,0,,1,total_budget_executed|set_manual|null|26128499.82|Propagated from sibling resolution CIPAC-2014-065 with same film title|cipac_2014_results.json|2026-08-07|JDP;;total_budget_approved|set_manual|null|37358860.33|Propagated from sibling resolution CIPAC-2014-065 with same film title|cipac_2014_results.json|2026-08-07|JDP;;cpnd_number|set_manual|null|051|OCR noise around CPND number in resolution text|Resolution PDF VISTOS section|2026-08-10|JDP,resolucion-cipac-no-2014-068_validacion-de-inversion-banco-multiple-bhd-leon-s-a-becarios-en-el-amor.pdf
145,CIPAC-2014-069,2014,,,084,056,art_34,approved,"CENTRO CUESTA NACIONAL, S.A.S.",1-01-01992-1,"MS FILMS, S.R.L.",1-31-09104-2,,PAL CAMPAMENTO,2014-09-12,2014-10-17,7000000.0,7000000.0,100.0,48426569.0,43923318.0,1.0,0,,0,,resolucion-cipac-no-2014-069_validacion-de-inversion-centro-cuesta-nacional-s-a-s-pal-campamento.pdf
146,CIPAC-2014-070,2014,,,084,056,art_34,approved,"PARALLAX VALORES PUESTO DE BOLSA, S.A.",1-01-56714-7,"MS FILMS, S.R.L.",1-31-09104-2,,PAL CAMPAMENTO,2014-09-12,2014-10-17,4000000.0,4000000.0,100.0,48426569.0,43923318.0,0.9,0,,1,total_budget_executed|set_manual|null|48426569.0|Propagated from sibling resolution CIPAC-2014-056 with same film title|cipac_2014_results.json|2026-08-07|JDP,resolucion-cipac-no-2014-070_validacion-de-inversion-parallax-valores-puesto-de-bolsa-pal-campamento.pdf
147,CIPAC-2014-071,2014,,,084,056,art_34,approved,"SIGMA PETROLEUM CORP, S.R.L.",1-30-68916-4,"MS FILMS, S.R.L.",1-31-09104-2,,PAL CAMPAMENTO,2014-09-12,2014-10-17,5000000.0,5000000.0,100.0,48426569.0,43923318.0,0.9,0,,1,total_budget_executed|set_manual|null|43923318.0|Propagated from sibling resolution CIPAC-2014-056 with same film title|cipac_2014_results.json|2026-08-07|JDP,resolucion-cipac-no-2014-071_validacion-de-inversion-grupo-sigma-petroleum-s-r-l-pal-campamento.pdf
148,CIPAC-2014-072,2014,,,084,056,art_34,approved,"NESTLÉ DOMINICANA, S.A.",1-01-82916-8,"MS FILMS, S.R.L.",1-31-09104-2,,PAL CAMPAMENTO,2014-09-12,2014-10-17,6000000.0,6000000.0,100.0,48426569.0,43923318.0,1.0,0,,0,,resolucion-cipac-no-2014-072_validacion-de-inversion-nestle-dominicana-s-a-pal-campamento.pdf
149,CIPAC-2014-073,2014,,,084,056,art_34,approved,"CEMENTOS PROGRESO DOMINICANA, S.A.",1-11-00059-9,MS FILMS S.R.L.,1-31-09104-2,,PAL CAMPAMENTO,2014-09-12,2014-10-17,20000000.0,20000000.0,100.0,48426569.0,43923318.0,0.8,0,,1,total_budget_executed|set_manual|null|48426569.0|Propagated from sibling resolution CIPAC-2014-056 with same film title|cipac_2014_results.json|2026-08-07|JDP;;investor_rnc|set_manual|null|1-11-00059-9|OCR read RENC instead of RNC|Resolution PDF header p.1|2026-08-10|JDP,resolucion-cipac-no-2014-073_validacion-de-inversion-cemex-dominicana-s-a-pal-campamento.pdf
150,CIPAC-2014-074,2014,,,089,061,art_34,approved,"GRUPO RAMOS, S.A.",1-01-79682-2,"LOS PARACAIDISTAS, S.R.L.",1-31-05569-9,,LOS PARACAIDISTAS,2014-09-12,2014-10-17,20000000.0,20000000.0,100.0,48426569.0,43923318.0,1.0,0,,0,,resolucion-cipac-no-2014-074_validacion-de-inversion-grupo-ramos-s-a-los-paracaidas.pdf
151,CIPAC-2014-075,2014,,,089,061,art_34,approved,"MEAD JOHNSON NUTRITION DOMINICANA, S.A.",1-01-02947-1,"LOS PARACAIDISTAS, S.R.L.",1-31-05569-9,,LOS PARACAIDISTAS,2014-09-12,2014-10-17,16000000.0,16000000.0,100.0,54296467.0,41170454.78,1.0,0,,0,,resolucion-cipac-no-2014-075_validacion-de-inversion-mead-johnson-nutrition-dominicano-los-paracaidas.pdf
152,CIPAC-2014-076,2014,,,089,061,art_34,approved,"CERVECERÍA NACIONAL DOMINICANA, S.A.",1-01-00372-3,"LOS PARACAIDISTAS, S.R.L.",1-31-05569-9,,LOS PARACAIDISTAS,2014-10-13,2014-11-13,17195784.76,17195784.76,100.0,54296467.0,53195784.76,1.0,0,,0,,resolucion-cipac-no-2014-076_validacion-de-inversion-cerveceria-nacional-dominicana-s-a-los-paracaidas.pdf
153,CIPAC-2014-077,2014,,,0104,076,art_34,approved,"TERMOPAC INDUSTRIAL, S.A.",1-01-06471-4,"CACIQUE FILMS, S.R.L.",1-31-09766-9,,REINBOU,2014-10-20,2014-11-13,6000000.0,6000000.0,100.0,68869609.91,6000000.0,1.0,0,,0,,resolucion-cipac-no-2014-077_validacion-de-inversion-termopac-industrial-s-a-reinbou.pdf
154,CIPAC-2014-078,2014,,,0104,076,art_34,approved,"CAMILO LABS, S.R.L.",1-01-07531-7,"CACIQUE FILMS, S.R.L.",1-31-09766-9,,REINBOU,2014-10-20,2014-11-13,2000000.0,2000000.0,100.0,68869609.91,2000000.0,1.0,0,,0,,resolucion-cipac-no-2014-078_validacion-de-inversion-laboratorio-union-reinbou.pdf
155,CIPAC-2014-079,2014,,,0104,076,art_34,approved,"PROFARMA INTERNACIONAL, S.R.L.",1-01-80192-1,"CACIQUE FILMS, S.R.L.",1-31-09766-9,,REINBOU,2014-10-20,2014-11-13,1600000.0,1600000.0,100.0,68869609.91,1600000.0,0.9,0,,1,cpnd_number|set_manual|null|076|OCR noise around CPND number in resolution text|Resolution PDF VISTOS section|2026-08-10|JDP,resolucion-cipac-no-2014-079_validacion-de-inversion-profarma-internacional-s-r-l-reinbou.pdf
156,CIPAC-2014-080,2014,,,073,046,art_34,approved,"GRUPO RAMOS, S.A.",1-01-79682-2,"ONE ALLIANCE, S.R.L.",1-30-99221-5,,CÓDIGO PAZ,2014-10-06,2014-11-13,8000000.0,8000000.0,100.0,59009978.0,8000000.0,1.0,0,,0,,resolucion-cipac-no-2014-080_validacion-de-inversion-grupo-ramos-s-a-codigo-paz.pdf
157,CIPAC-2014-081,2014,,,073,076,art_34,approved,"LOTERÍA ELECTRÓNICA INTERNACIONAL DOMINICANA, S.A.",1-01-70527-2,"ONE ALLIANCE, S.R.L.",1-30-99221-5,,CÓDIGO PAZ,2014-11-06,2014-11-13,5000000.0,5000000.0,100.0,59009978.0,5000000.0,1.0,0,,0,,resolucion-cipac-no-2014-081_validacion-de-inversion-loteria-electronica-internacional-codigo-paz.pdf
158,CIPAC-2014-082,2014,,,073,046,art_34,approved,"BANCO MÚLTIPLE LÓPEZ DE HARO, S.A.",1-01-14588-9,"ONE ALLIANCE, S.R.L.",1-30-99221-5,,CÓDIGO PAZ,2014-11-06,2014-11-13,1235000.0,1235000.0,100.0,59009978.0,1235000.0,1.0,0,,0,,resolucion-cipac-no-2014-082_validacion-de-inversion-banco-multiple-lopez-de-haro-s-a-codigo-paz.pdf
159,CIPAC-2014-083,2014,,,073,046,art_34,approved,"BANCO BACC DE AHORRO Y CRÉDITO DEL CARIBE, S.A.",1-01-13879-3,"ONE ALLIANCE, S.R.L.",1-30-99221-5,,CÓDIGO PAZ,2014-11-06,2014-11-13,2000000.0,2000000.0,100.0,59009978.0,2000000.0,0.9,0,,1,investor_rnc|set_manual|null|1-01-13879-3|OCR read 1-0113879-3 missing hyphen in RNC format|Resolution PDF header p.1|2026-08-10|JDP,resolucion-cipac-no-2014-083_validacion-de-inversion-banco-de-ahorro-y-credito-del-caribe-s-a-codigo-paz.pdf
160,CIPAC-2014-084,2014,,,073,046,art_34,approved,"INVERPLATA, S.A.",1-01-10852-5,"ONE ALLIANCE, S.R.L.",1-30-99221-5,,CÓDIGO PAZ,2014-11-06,2014-11-13,2600000.0,2600000.0,100.0,59009978.0,2600000.0,1.0,0,,0,,resolucion-cipac-no-2014-084_validacion-de-inversion-inverplata-s-a-codigo-paz.pdf
161,CIPAC-2014-085,2014,,,073,046,art_34,approved,"INEXPRESS DOMINICANA, S.A.",1-30-52864-2,"ONE ALLIANCE, S.R.L.",1-30-99221-5,,CÓDIGO PAZ,2014-11-06,2014-11-13,2300000.0,2300000.0,100.0,59009978.0,2300000.0,1.0,0,,0,,resolucion-cipac-no-2014-085_validacion-de-inversion-inexpress-dominicana-s-a-codigo-paz.pdf
162,CIPAC-2014-086,2014,,,091,063,art_34,approved,"BANCO MÚLTIPLE BHD, S.A.",1-01-13679-2,"REMEDIO FILMS, S.R.L.",1-31-12165-9,,NO HAY MÁS REMEDIO,2014-10-22,2014-12-02,9923958.57,9923958.57,100.0,51950527.96,9923958.57,1.0,0,,0,,resolucion-cipac-no-2014-086_validacion-de-inversion-banco-multiple-bhd-leon-s-a-no-hay-mas-remedio.pdf
163,CIPAC-2014-087,2014,,,091,063,art_34,approved,"BANCO MÚLTIPLE ADEMI, S.A.",1-01-74527-4,"REMEDIO FILMS, S.R.L.",1-31-12165-9,,NO HAY MÁS REMEDIO,2014-10-22,2014-12-02,12423320.0,12423320.0,100.0,51950527.96,9923958.57,0.9,0,,1,total_budget_executed|set_manual|null|9923958.57|Propagated from sibling resolution CIPAC-2014-086 with same film title|cipac_2014_results.json|2026-08-07|JDP,resolucion-cipac-no-2014-087_validacion-de-inversion-banco-multiple-ademi-s-a-no-hay-mas-remedio.pdf
164,CIPAC-2014-088,2014,,,091,063,art_34,approved,"SUED & FARGESA, S.R.L.",1-01-02772-1,"REMEDIO FILMS, S.R.L.",1-31-12165-9,,NO HAY MÁS REMEDIO,2014-10-22,2014-12-02,11240131.93,11240131.93,100.0,51950527.96,11240131.93,1.0,0,,0,,resolucion-cipac-no-2014-088_validacion-de-inversion-sued-_-fargasa-s-r-l-no-hay-mas-remedio.pdf
165,CIPAC-2014-089,2014,,,091,063,art_34,approved,"CEMENTOS PROGRESO DOMINICANA, S.A.",1-11-00059-9,"REMEDIO FILMS, S.R.L.",1-31-12165-9,,NO HAY MÁS REMEDIO,2014-10-22,2014-12-02,14999547.88,14999547.88,100.0,51950527.96,14999547.88,1.0,0,,0,,resolucion-cipac-no-2014-089_validacion-de-inversion-cemex-dominicana-s-a-no-hay-mas-remedio.pdf
166,CIPAC-2014-090,2014,,,091,063,art_34,approved,"DISASHOP DOMINICANA, S.R.L.",1-30-17301-1,"REMEDIO FILMS, S.R.L.",1-31-12165-9,,NO HAY MÁS REMEDIO,2014-10-22,2014-12-02,2000000.0,2000000.0,100.0,51950527.96,2000000.0,1.0,0,,0,,resolucion-cipac-no-2014-090_validacion-de-inversion-disa-consulting-dominicana-s-r-l-no-hay-mas-remedio.pdf
167,CIPAC-2014-091,2014,,,091,063,art_34,approved,"DISASHOP DOMINICANA, S.R.L.",1-30-17301-1,"REMEDIO FILMS, S.R.L.",1-31-12165-9,,NO HAY MÁS REMEDIO,2014-11-26,2014-12-02,1277426.4,1277426.4,100.0,51950527.96,1277426.4,1.0,0,,0,,resolucion-cipac-no-2014-091_validacion-de-inversion-disa-consulting-dominicana-s-r-l-no-hay-mas-remedio.pdf
168,CIPAC-2014-092,2014,,,022,011,art_34,approved,"BANCO MÚLTIPLE SANTA CRUZ, S.A.",1-02-01292-1,"CELINES TORIBIO ENTERPRISES, S.R.L.",1-30-86198-6,,MARÍA MONTEZ,2014-11-07,2014-12-02,2000000.0,2000000.0,100.0,63306571.0,55624755.0,1.0,0,,0,,resolucion-cipac-no-2014-092_validacion-de-inversion-banco-multiple-santa-cruz-s-a-maria-montez.pdf
169,CIPAC-2014-093,2014,,,022,011,art_34,approved,"ALTICE DOMINICANA, S.A.",1-01-61878-7,"CELINES TORIBIO ENTERPRISES, S.R.L.",1-30-86198-6,,MARÍA MONTEZ,2014-11-07,2014-12-02,4000000.0,4000000.0,100.0,63306571.0,55624755.0,1.0,0,,0,,resolucion-cipac-no-2014-093_validacion-de-inversion-altice-hispaniola-s-a-maria-montez.pdf
170,CIPAC-2014-094,2014,,,066,040,art_34,approved,"INDUVECA, S.A.",1-22-01122-6,"BONTER MEDIA, S.R.L.",1-30-94031-2,,UN PASO INEVITABLEMENTE IMPREDECIBLE,2014-11-17,2014-12-16,16000000.0,16000000.0,100.0,65579393.0,65579393.0,1.0,0,,0,,resolucion-cipac-no-2014-094_validacion-de-inversion-induveca-s-a-un-paso-inevitablemente-impredecible.pdf
171,CIPAC-2014-095,2014,,,066,040,art_34,approved,"PROPANO Y DERIVADOS, S.A.",1-01-03373-8,"BONTER MEDIA, S.R.L.",1-30-94031-2,,UN PASO INEVITABLEMENTE IMPREDECIBLE,2014-11-17,2014-12-16,10000000.0,10000000.0,100.0,65579393.0,65579393.0,1.0,0,,0,,resolucion-cipac-no-2014-095_validacion-de-inversion-propano-y-derivadoss-a-propagas-un-paso-inevitablemente-impredecible.pdf
172,CIPAC-2014-096,2014,,,066,040,art_34,approved,"DELTA COMERCIAL, S.A.",1-01-01193-9,"BONTER MEDIA, S.R.L.",1-30-94031-2,,UN PASO INEVITABLEMENTE IMPREDECIBLE,2014-11-17,2014-12-16,16789697.0,16789697.0,100.0,65579393.0,65579393.0,0.9,0,,1,total_budget_executed|set_manual|null|65579393.0|Propagated from sibling resolution CIPAC-2014-094 with same film title|cipac_2014_results.json|2026-08-07|JDP,resolucion-cipac-no-2014-096_validacion-de-inversion-delta-comercial-s-a-un-paso-inevitablemente-impredecible.pdf
173,CIPAC-2014-097,2014,,,066,040,art_34,approved,"FERTILIZANTES QUÍMICOS DOMINICANOS, S.A.",1-01-00990-1,"BONTER MEDIA, S.R.L.",1-30-94031-2,,UN PASO INEVITABLEMENTE IMPREDECIBLE,2014-11-17,2014-12-16,16789697.0,16789697.0,100.0,65579393.0,65579393.0,0.9,0,,1,total_budget_executed|set_manual|null|65579393.0|Propagated from sibling resolution CIPAC-2014-094 with same film title|cipac_2014_results.json|2026-08-07|JDP,resolucion-cipac-no-2014-097_validacion-de-inversion-fertilizantes-quimicos-dominicanos-s-a-un-paso-inevitablemente-impredecible.pdf
174,CIPAC-2014-098,2014,,,066,040,art_34,approved,"MERCASID, S.A.",1-01-80768-7,"BONTER MEDIA, S.R.L.",1-30-94031-2,,UN PASO INEVITABLEMENTE IMPREDECIBLE,2014-11-17,2014-12-16,6000000.0,6000000.0,100.0,65579393.0,65579393.0,1.0,0,,0,,resolucion-cipac-no-2014-098_validacion-de-inversion-mercasid-s-a-un-paso-inevitablemente-impredecible.pdf
175,CIPAC-2014-099,2014,,,097,069,art_34,approved,"BANCO DE AHORRO Y CRÉDITO ADOPEM, S.A.",1-03-00310-9,"FABULOSOS FILMS, S.R.L.",1-31-12166-7,,LOS FABULOSOS MA MEJORES,2014-11-26,2014-12-16,10305000.0,10305000.0,100.0,44877899.11,38179919.19,0.9,0,,1,total_budget_executed|set_manual|null|38179919.19|Stamp covers word ascendente in budget executed paragraph|Resolution PDF budget section|2026-08-10|JDP,resolucion-cipac-no-2014-099_validacion-de-inversion-banco-de-ahorro-y-credito-adopem-s-a-los-fabulosos-ma-mejores.pdf
176,CIPAC-2014-100,2014,,,097,069,art_34,approved,"BANCO MÚLTIPLE LÓPEZ DE HARO, S.A.",1-01-14588-9,"FABULOSOS FILMS, S.R.L.",1-31-12166-7,,LOS FABULOSOS MA MEJORES,2014-11-26,2014-12-16,1235000.0,1235000.0,100.0,44877899.11,38179919.19,0.7,0,,1,total_budget_executed|set_manual|null|38179919.19|Propagated from sibling resolution CIPAC-2014-101 with same film title|cipac_2014_results.json|2026-08-07|JDP;;validated_amount_dop|set_manual|null|1235000.00|OCR split paragraph across pages losing amount|Resolution PDF PRIMERO section p.4-5|2026-08-10|JDP;;tax_credit_dop|set_manual|null|1235000.00|Art.34 tax credit equals validated amount|Resolution PDF SEGUNDO section|2026-08-10|JDP,resolucion-cipac-no-2014-100_validacion-de-inversion-banco-multiple-lopez-de-haro-s-a-los-fabulosos-ma-mejores.pdf
177,CIPAC-2014-101,2014,,,097,069,art_34,approved,"BANCO MÚLTIPLE SANTA CRUZ, S.A.",1-02-01292-1,"FABULOSOS FILMS, S.R.L.",1-31-12166-7,,LOS FABULOSOS MA MEJORES,2014-11-26,2014-12-16,5000000.0,5000000.0,100.0,44877899.11,38179919.19,1.0,0,,0,,resolucion-cipac-no-2014-101-validacion-de-inversion-banco-multiple-santa-cruz-s-a-los-fabulosos-ma-mejores.pdf
178,CIPAC-2014-102,2014,,,097,069,art_34,approved,"BANCO MÚLTIPLE BHD, S.A.",1-01-13679-2,"FABULOSOS FILMS, S.R.L.",1-31-12166-7,,LOS FABULOSOS MA MEJORES,2014-11-26,2014-12-16,16000000.0,16000000.0,100.0,44877899.11,38179919.19,1.0,0,,0,,resolucion-cipac-no-2014-102_validacion-de-inversion-banco-multiple-bhd-leon-s-a-los-fabulosos-ma-mejores.pdf
179,CIPAC-2014-103,2014,,,097,069,art_34,approved,"SUED & FARGESA, S.R.L.",1-01-02772-1,"FABULOSOS FILMS, S.R.L.",1-31-12166-7,,LOS FABULOSOS MA MEJORES,2014-11-26,2014-12-16,5000000.0,5000000.0,100.0,44877899.11,38179919.19,1.0,0,,0,,resolucion-cipac-no-2014-103_validacion-de-inversion-sued-_-fargesa-s-a-los-fabulosos-ma-mejores.pdf
180,CIPAC-2014-104,2014,,,079,051,art_34,approved,"VIAMAR, S.A.",1-01-01114-9,"PILÓN PRODUCTIONS, S.R.L.",1-30-99100-6,,BECARIOS EN EL AMOR,2014-12-04,2014-12-16,2000000.0,2000000.0,100.0,37358860.33,26128499.82,1.0,0,,0,,resolucion-cipac-no-2014-104_validacion-de-inversion-viamar-s-a-becarios-en-el-amor.pdf
181,CIPAC-2014-105,2014,,,079,051,art_34,approved,"SUIPHAR DOMINICANA, S.R.L.",1-01-56680-9,"PILÓN PRODUCTIONS, S.R.L.",1-30-99100-6,,BECARIOS EN EL AMOR,2014-12-04,2014-12-16,1000000.0,1000000.0,100.0,37358860.33,26128499.82,1.0,0,,0,,resolucion-cipac-no-2014-105_validacion-de-inversion-suiphar-s-r-l-becarios-en-el-amor.pdf
182,CIPAC-2014-106,2014,,,093,065,art_34,approved,"VIAMAR, S.A.",1-01-01114-9,"BATÚ FILMS, S.R.L.",1-31-11476-8,,SEPARANDO-NOS,2014-11-24,2014-12-16,4959444.7,4959444.7,100.0,48448056.0,35694030.3,1.0,0,,0,,resolucion-cipac-no-2014-106_validacion-de-inversion-viamar-s-a-separando-nos.pdf
183,CIPAC-2014-107,2014,,,093,065,art_34,approved,"BANCO MÚLTIPLE ADEMI, S.A.",1-01-74527-4,"BATÚ FILMS, S.R.L.",1-31-11476-8,,SEPARANDO-NOS,2014-11-24,2014-12-16,8000000.0,8000000.0,100.0,48448056.0,35694030.3,1.0,0,,0,,resolucion-cipac-no-2014-107_validacion-de-inversion-banco-multiple-ademi-s-a-separando-nos.pdf
184,CIPAC-2014-108,2014,,,093,065,art_34,approved,"BANCO DE AHORRO Y CRÉDITO ADOPEM, S.A.",1-03-00310-9,"BATÚ FILMS, S.R.L.",1-31-11476-8,,SEPARANDO-NOS,2014-11-24,2014-12-16,4695000.0,4695000.0,100.0,48448056.0,35694030.3,1.0,0,,0,,resolucion-cipac-no-2014-108_validacion-de-inversion-banco-de-ahorro-y-credito-adopem-s-a-separando-nos.pdf
185,CIPAC-2014-109,2014,,,093,065,art_34,approved,"BANCO MÚLTIPLE SANTA CRUZ, S.A.",1-02-01292-1,"BATÚ FILMS, S.R.L.",1-31-11476-8,,SEPARANDO-NOS,2014-11-24,2014-12-16,17984512.2,17984512.2,100.0,48448056.0,35694030.3,0.9,0,,1,total_budget_executed|set_manual|null|35694030.3|Propagated from sibling resolution CIPAC-2014-106 with same film title|cipac_2014_results.json|2026-08-07|JDP,resolucion-cipac-no-2014-109_validacion-de-inversion-banco-multiple-santa-cruz-s-a-separando-nos.pdf
186,CIPAC-2015-001,2015,,,73,046,art_34,approved,"MERCASID, S.A.",1-01-80768-7,"ONE ALLIANCE, S.R.L.",1-30-99221-5,,CÓDIGO PAZ,2014-12-12,2015-01-16,6000000.0,6000000.0,100.0,59009978.0,56972736.0,1.0,0,,0,,resolucion-cipac-no-2015-001_validacion-de-inversion-mercasid-s-a-codigo-paz.pdf
187,CIPAC-2015-002,2015,,,73,046,art_34,approved,"INDUVECA, S.A.",1-22-01122-6,"ONE ALLIANCE, S.R.L.",1-30-99221-5,,CÓDIGO PAZ,2014-12-12,2015-01-16,15000000.0,15000000.0,100.0,59009978.0,56972736.0,1.0,0,,0,,resolucion-cipac-no-2015-002_validacion-de-inversion-induveca-s-a-codigo-paz.pdf
188,CIPAC-2015-003,2015,,,73,046,art_34,approved,"INDUSPALMA DOMINICANA, S.A.",1-01-09980-1,"ONE ALLIANCE, S.R.L.",1-30-99221-5,,CÓDIGO PAZ,2014-12-12,2015-01-16,1500000.0,1500000.0,100.0,59009978.0,56972736.0,1.0,0,,0,,resolucion-cipac-no-2015-003_validacion-de-inversion-induspalma-dominicana-s-a-codigo-paz.pdf
189,CIPAC-2015-004,2015,,,077,049,art_34,approved,"FREDERIC SCHAD, S.A.S.",1-01-00456-8,"ATABEIRA FILMS, S.R.L.",1-30-93632-3,,LA FAMILIA REYNA,2015-01-08,2015-01-16,3500000.0,3500000.0,100.0,19611645.43,5609671.64,1.0,0,,0,,resolucion-cipac-no-2015-004_validacion-de-inversion-frederic-schad-sas-la-familia-reyna.pdf
190,CIPAC-2015-005,2015,,,077,049,art_34,approved,"7 LABS, S.R.L.",1-30-82698-6,"ATABEIRA FILMS, S.R.L.",1-30-93632-3,,LA FAMILIA REYNA,2015-01-08,2015-01-16,1800000.0,1800000.0,100.0,19611645.43,5609671.64,1.0,0,,0,,resolucion-cipac-no-2015-005_validacion-de-inversion-7-labs-s-r-l-la-familia-reyna.pdf
191,CIPAC-2015-006,2015,,,79,048,art_34,approved,"BACCESSORY IMPORT, S.R.L.",1-01-74796-1,"PILÓN PRODUCTIONS, S.R.L.",1-30-99100-6,,BECARIOS EN EL AMOR,2014-12-30,2015-01-16,3000000.0,3000000.0,100.0,37358860.33,32128499.82,1.0,0,,0,,resolucion-cipac-no-2015-006_validacion-de-inversion-baccessory-import-s-r-l-becarios-en-el-amor.pdf
192,CIPAC-2015-007,2015,,,62,037,art_34,approved,"CONSORCIO DE TARJETAS DOMINICANAS, S.A.",1-01-65432-5,"AURORA DOMINICANA, S.R.L.",1-31-02456-4,,DÓLARES DE ARENA,2014-01-06,2015-01-16,4000000.0,4000000.0,100.0,42788675.69,26544516.0,1.0,0,,0,,resolucion-cipac-no-2015-007_validacion-de-inversion-consorcio-de-tarjetas-dominicanas-s-a-dolares-de-arena.pdf
193,CIPAC-2015-008,2015,,,62,037,art_34,approved,"VIAMAR, S.A.",1-01-01114-9,"AURORA DOMINICANA, S.R.L.",1-31-02456-4,,DÓLARES DE ARENA,2014-01-06,2015-01-16,2000000.0,2000000.0,100.0,42788675.69,26544516.0,1.0,0,,0,,resolucion-cipac-no-2015-008_validacion-de-inversion-viamar-s-a-dolares-de-arena.pdf
194,CIPAC-2015-009,2015,,,87,059,art_34,approved,"BANCO MÚLTIPLE BHD, S.A.",1-01-13679-2,"CÓDIGO TRES FILMS, S.R.L.",1-31-04798-1,,A ORILLAS DEL MAR,2014-12-02,2015-01-16,14975196.72,14975196.72,100.0,29071434.83,14999999.72,1.0,0,,0,,resolucion-cipac-no-2015-009_validacion-de-inversion-banco-multiple-bhd-s-a-a-orillas-del-mar.pdf
195,CIPAC-2015-010,2015,,,87,059,art_34,approved,"PLASTIFAR, S.A.",1-01-59276-1,"CÓDIGO TRES FILMS, S.R.L.",1-31-04798-1,,A ORILLAS DEL MAR,2014-12-30,2015-01-16,2466674.12,2466674.12,100.0,29071434.83,17499999.72,1.0,0,,0,,resolucion-cipac-no-2015-010_validacion-de-inversion-plastificar-s-a-a-orillas-del-mar.pdf
196,CIPAC-2015-011,2015,,,107,079,art_34,approved,"CÉSAR IGLESIAS, S.A.",1-01-01938-7,"LARIMAR FILM HOUSE, S.R.L.",1-30-93429-2,,CAMINO A HIGUEY,2014-12-04,2015-01-16,14460551.96,14460551.96,100.0,24904194.0,14967980.42,1.0,0,,0,,resolucion-cipac-no-2015-011_validacion-de-inversion-cesar-iglesias-s-a-camino-a-higuey.pdf
197,CIPAC-2015-012,2015,,,76,048,art_34,approved,"UNITED BRANDS, S.A.",1-24-01933-8,"COLIBRÍ FILMS, S.R.L.",1-30-96269-3,,EL AMOR CAMBIA DE LUGAR,2014-12-05,2015-01-16,6286641.0,6286641.0,100.0,29158641.57,30360570.92,0.9,0,,1,total_budget_executed|set_manual|null|30360570.92|Propagated from sibling resolution CIPAC-2015-013 with same film title|cipac_2015_results.json|2026-08-06|JDP,resolucion-cipac-no-2015-012_validacion-de-inversion-united-brands-s-a-el-amor-cambia-de-lugar.pdf
198,CIPAC-2015-013,2015,,,76,048,art_34,approved,"PACIFIC ASSETS, CORP",1-22-01963-4,"COLIBRÍ FILMS, S.R.L.",1-30-96269-3,,EL AMOR CAMBIA DE LUGAR,2014-12-05,2015-01-16,6500000.0,6500000.0,100.0,29158641.57,30360570.92,1.0,0,,0,,resolucion-cipac-no-2015-013_validacion-de-inversion-pacific-assets-corp-el-amor-cambia-de-lugar.pdf
199,CIPAC-2015-014,2015,,,76,048,art_34,approved,"CONSTRUCTORA ELÉCTRICA, S.R.L.",1-01-12087-8,"COLIBRÍ FILMS, S.R.L.",1-30-96269-3,,EL AMOR CAMBIA DE LUGAR,2014-12-05,2015-01-16,6000000.0,6000000.0,100.0,29158641.57,30360570.92,1.0,0,,0,,resolucion-cipac-no-2015-014_validacion-de-inversion-constructora-electrica-s-r-l-el-amor-cambia-de-lugar.pdf
200,CIPAC-2015-015,2015,,,76,048,art_34,approved,"UC UNITED CAPITAL PUESTO DE BOLSA, S.A.",1-30-38912-8,"COLIBRÍ FILMS, S.R.L.",1-30-96269-3,,EL AMOR CAMBIA DE LUGAR,2014-12-05,2015-01-16,10059543.93,10059543.93,100.0,29158641.57,30360570.92,1.0,0,,0,,resolucion-cipac-no-2015-015_validacion-de-inversion-united-capital-puesto-de-bolsa-s-a-el-amor-cambia-de-lugar.pdf
201,CIPAC-2015-016,2015,,,102,061,art_34,approved,"BANCO MÚLTIPLE BHD, S.A.",1-01-13679-2,"HEPBURN INVERSIONES, S.R.L.",1-30-99825-6,,ESPERANZAS DE CARTÓN,2015-01-15,2015-01-29,8000000.0,8000000.0,100.0,8000000.0,8000000.0,1.0,0,,0,,resolucion-cipac-no-2015-016_validacion-de-inversion-banco-multiple-bhd-leon-s-a-esperanzas-de-carton.pdf
202,CIPAC-2015-017,2015,,,032,019,art_34,approved,"VIAMAR, S.A.",1-01-01114-9,"ENTRE FILMS, S.R.L.",1-30-94595-2,,VÍCTIMA AISLADA,2015-01-16,2015-01-29,12745701.0,12745701.0,100.0,60262918.0,60263536.53,1.0,0,,0,,resolucion-cipac-no-2015-017_validacion-de-inversion-viamar-s-a-victima-aislada.pdf
203,CIPAC-2015-018,2015,,,78,050,art_34,approved,"CERVECERÍA NACIONAL DOMINICANA, S.A.",1-01-00372-3,"CHARANGA FILMS, S.R.L.",1-31-09155-5,,EL MAESTRO,2014-01-08,2015-01-29,20000000.0,20000000.0,100.0,30033217.62,25382915.52,1.0,0,,0,,resolucion-cipac-no-2015-018_validacion-de-inversion-cerveceria-nacional-dominicana-s-a-el-maestro.pdf
204,CIPAC-2015-019,2015,,,78,050,art_34,approved,"HOYO CLARO DEVELOPING GROUP, INC",1-30-58771-1,"CHARANGA FILMS, S.R.L.",1-31-09155-5,,EL MAESTRO,2014-01-08,2015-01-29,2400000.0,2400000.0,100.0,30033217.62,25382915.52,1.0,0,,0,,resolucion-cipac-no-2015-019_validacion-de-inversion-hoyo-claro-developing-group-inc-el-maestro.pdf
205,CIPAC-2015-020,2015,,,78,050,art_34,approved,"INMOBILIARIA SOL PUNTA CANA, S.R.L.",1-30-13202-1,"CHARANGA FILMS, S.R.L.",1-31-09155-5,,EL MAESTRO,2014-01-08,2015-01-29,700000.0,700000.0,100.0,30033217.62,25382915.52,1.0,0,,0,,resolucion-cipac-no-2015-020_validacion-de-inversion-inmobiliaria-sol-punta-cana-s-r-l-el-maestro.pdf
206,CIPAC-2015-021,2015,,,65,039,art_34,approved,"COPY SOLUTIONS INTERNATIONAL, S.A.",1-01-89885-2,"PRODUCTORA OJODEPEZ, S.R.L.",1-30-83059-2,,UNA DE CANALLAS,2014-01-11,2015-01-29,6000000.0,6000000.0,100.0,57877709.76,57877709.76,1.0,0,,0,,resolucion-cipac-no-2015-021_validacion-de-inversion-copy-solutions-international-s-r-l-una-de-canallas.pdf
207,CIPAC-2015-022,2015,,,65,039,art_34,approved,"INVERSIONES ISADHER,S.A.S.",1-01-08598-3,"PRODUCTORA OJODEPEZ, S.R.L.",1-30-83059-2,,UNA DE CANALLAS,2014-01-11,2015-01-29,2750000.0,2750000.0,100.0,57877709.76,57877709.76,1.0,0,,0,,resolucion-cipac-no-2015-022_validacion-de-inversion-inversiones-isadher-s-a-s-una-de-canallas.pdf
208,CIPAC-2015-024,2015,,,101,073,art_34,approved,"GRUPO RAMOS, S.A.",1-01-79682-2,"MS FILMS, S.R.L.",1-31-09104-2,,PUNTA CANA,2014-12-22,2015-01-29,20000000.0,20000000.0,100.0,54077915.0,39910514.0,1.0,0,,0,,resolucion-cipac-no-2015-024_validacion-de-inversion-grupo-ramos-s-a-punta-cana.pdf
209,CIPAC-2015-025,2015,,,101,073,art_34,approved,"PERAVIA INDUSTRIAL, S.A.",1-15-00015-8,"MS FILMS, S.R.L.",1-31-09104-2,,PUNTA CANA,2014-12-22,2015-01-29,3000000.0,3000000.0,100.0,54077915.0,39910514.0,1.0,0,,0,,resolucion-cipac-no-2015-025_validacion-de-inversion-peravia-industrial-s-a-punta-cana.pdf
210,CIPAC-2015-026,2015,,,101,073,art_34,approved,"COBINCA, S.A.",1-01-19447-2,"MS FILMS, S.R.L.",1-31-09104-2,,PUNTA CANA,2014-12-22,2015-01-29,11835252.0,11835252.0,100.0,54077915.0,39910514.0,1.0,0,,0,,resolucion-cipac-no-2015-026_validacion-de-inversion-cobinca-s-r-l-punta-cana.pdf
211,CIPAC-2015-027,2015,,,101,073,art_34,approved,"VIAMAR, S.A.",1-01-01114-9,"MS FILMS, S.R.L.",1-31-09104-2,,PUNTA CANA,2014-12-22,2015-01-29,4000000.0,4000000.0,100.0,54077915.0,39910514.0,1.0,0,,0,,resolucion-cipac-no-2015-027_validacion-de-inversion-viamar-s-a-punta-cana.pdf
212,CIPAC-2015-028,2015,,,100,047,art_34,approved,"RIVER CONSTRUCTION GROUP, LTD",1-30-21293-7,"ART3+4 PRODUCCIONES, S.R.L.",1-31-17333-2,,CÓMPLICES,2014-01-22,2015-01-29,2500000.0,2500000.0,100.0,136425499.0,73776504.0,1.0,0,,0,,resolucion-cipac-no-2015-028_validacion-de-inversion-river-construction-group-ltd-complices.pdf
213,CIPAC-2015-029,2015,,,100,047,art_34,approved,ALPHA SOCIEDAD DE VALORES S.A. PUESTO DE BOLSA,1-30-53836-2,"ART3+4 PRODUCCIONES, S.R.L.",1-31-17333-2,,CÓMPLICES,2014-01-22,2015-01-29,10000000.0,10000000.0,100.0,136425499.0,73776504.0,1.0,0,,0,,resolucion-cipac-no-2015-029_validacion-de-inversion-alpha-sociedad-de-valores-puesto-de-bolsa-s-a-complices.pdf
214,CIPAC-2015-030,2015,,,100,047,art_34,approved,"ADMINISTRACIÓN DE ESTACIONES DE SERVICIO, S.A.S.",1-01-52501-2,"ART3+4 PRODUCCIONES, S.R.L.",1-31-17333-2,,CÓMPLICES,2014-01-22,2015-01-29,21500000.0,21500000.0,100.0,136425499.0,73776504.0,1.0,0,,0,,resolucion-cipac-no-2015-030_validacion-de-inversion-administracion-de-estaciones-de-servicios-s-a-s-complices.pdf
215,CIPAC-2015-031,2015,,,100,047,art_34,approved,"GADONSO PROPERTIES, S.A.",1-30-33293-2,"ART3+4 PRODUCCIONES, S.R.L.",1-31-17333-2,,CÓMPLICES,2014-01-22,2015-01-29,10000000.0,10000000.0,100.0,136425499.0,73776504.0,1.0,0,,0,,resolucion-cipac-no-2015-031_validacion-de-inversion-gadonso-properties-s-a-complices.pdf
216,CIPAC-2015-032,2015,,,100,047,art_34,approved,"COMPLEJO METALÚRGICO DOMINICANO, S.A.",1-01-02053-9,"ART3+4 PRODUCCIONES, S.R.L.",1-31-17333-2,,CÓMPLICES,2014-01-22,2015-01-29,22000000.0,22000000.0,100.0,136425499.0,73776504.0,1.0,0,,0,,resolucion-cipac-no-2015-032_validacion-de-inversion-complejo-metalurgico-dominicano-s-a-complices.pdf
217,CIPAC-2015-033,2015,,,74,047,art_34,approved,"LOTERÍA ELECTRÓNICA INTERNACIONAL DOMINICANA, S.A.",1-01-70527-2,"SWALLOWTAIL PRODUCTIONS, S.R.L.",1-31-07487-1,,EL PELOTERO,2014-12-07,2015-01-29,25000000.0,25000000.0,100.0,64237374.77,64422128.0,0.9,0,,1,total_budget_executed|set_manual|null|64422128.0|Propagated from sibling resolution CIPAC-2015-036 with same film title|cipac_2015_results.json|2026-08-06|JDP,resolucion-cipac-no-2015-033_validacion-de-inversion-loteria-electronica-internacional-dominicana-s-a-el-pelotero.pdf
218,CIPAC-2015-034,2015,,,74,047,art_34,approved,"CONSTRUCTORA RIZEK & ASOCIADOS, S.R.L.",1-01-57804-1,"SWALLOWTAIL PRODUCTIONS, S.R.L.",1-31-07487-1,,EL PELOTERO,2014-12-07,2015-01-29,14200000.0,13956821.0,100.0,64237374.77,64422128.0,0.8,0,,1,total_budget_executed|set_manual|null|64422128.0|Propagated from sibling resolution CIPAC-2015-033 with same film title|cipac_2015_results.json|2026-08-06|JDP;;total_budget_approved|set_manual|null|64237374.77|Stamp covers budget approval paragraph|Resolution PDF budget section|2026-08-06|JDP,resolucion-cipac-no-2015-034_validacion-de-inversion-constructora-rizek-_-asociados-s-r-l-el-pelotero.pdf
219,CIPAC-2015-035,2015,,,74,047,art_34,approved,"COSANCA, S.A.S.",1-01-02235-3,"SWALLOWTAIL PRODUCTIONS, S.R.L.",1-31-07487-1,,EL PELOTERO,2014-12-07,2015-01-29,11987415.0,11987415.0,100.0,64237374.77,64422128.0,0.9,0,,1,total_budget_executed|set_manual|null|64422128.0|Propagated from sibling resolution CIPAC-2015-033 with same film title|cipac_2015_results.json|2026-08-06|JDP,resolucion-cipac-no-2015-035_validacion-de-inversion-cosanca-s-r-l-el-pelotero.pdf
220,CIPAC-2015-036,2015,,,74,047,art_34,approved,"COMPRESORES EQUIPOS E INGENIERÍA, S.R.L.",1-01-53440-2,"SWALLOWTAIL PRODUCTIONS, S.R.L.",1-31-07487-1,,EL PELOTERO,2014-12-07,2015-01-29,5000000.0,5000000.0,100.0,64237374.77,64422128.0,1.0,0,,0,,resolucion-cipac-no-2015-036_validacion-de-inversion-compresores-equipos-_-ingenieria-s-r-l-el-pelotero.pdf
221,CIPAC-2015-037,2015,,,74,047,art_34,approved,"PARALLAX VALORES PUESTO DE BOLSA, S.A.",1-01-56714-7,"SWALLOWTAIL PRODUCTIONS, S.R.L.",1-31-07487-1,,EL PELOTERO,2014-12-07,2015-01-29,5000000.0,4964992.83,100.0,64237374.77,64422128.0,1.0,0,,0,,resolucion-cipac-no-2015-037_validacion-de-inversion-parallax-valores-puesto-de-bolsa-s-a-el-pelotero.pdf
222,CIPAC-2015-038,2015,,,74,047,art_34,approved,"GRUPO PARALLAX FINANZAS, S.A.S.",1-30-01912-6,"SWALLOWTAIL PRODUCTIONS, S.R.L.",1-31-07487-1,,EL PELOTERO,2014-12-07,2015-01-29,3000000.0,3000000.0,100.0,64237374.77,64422128.0,1.0,0,,0,,resolucion-cipac-no-2015-038_validacion-grupo-parallax-finanzas-s-a-s-el-pelotero.pdf
223,CIPAC-2015-039,2015,,,044,025,art_34,approved,"LUBRICANTES DOMINICANOS, S.R.L.",1-01-05451-4,"PERSEO FILMS, S.R.L.",1-30-87441-7,,VOCES DE LA CALLE,2014-01-16,2015-02-17,10000000.0,10000000.0,100.0,54357360.59,20665666.0,1.0,0,,0,,resolucion-cipac-no-2015-039_validacion-de-inversiones-lubricantes-dominicanos-s-r-l-voces-de-la-calle.pdf
224,CIPAC-2015-040,2015,,,112,085,art_34,approved,"ADMINISTRACIÓN DE ESTACIONES DE SERVICIO, S.A.S.",1-01-52501-2,"ART3+4 PRODUCCIONES, S.R.L.",1-31-17333-2,,LADRONES,2014-01-14,2015-02-17,9911250.0,9911250.0,100.0,133601005.0,58007266.0,1.0,0,,0,,resolucion-cipac-no-2015-040_validacion-de-inversion-administracion-de-estaciones-de-servicio-s-a-s-ladrones.pdf
225,CIPAC-2015-041,2015,,,112,085,art_34,approved,"TOTALENERGIES MARKETING DOMINICANA, S.A.",1-01-06874-4,"ART3+4 PRODUCCIONES, S.R.L.",1-31-17333-2,,LADRONES,2014-01-14,2015-02-17,12113780.0,12113780.0,100.0,133601005.0,58007266.0,1.0,0,,0,,resolucion-cipac-no-2015-041_validacion-de-inversion-v-energy-s-a-ladrones.pdf
226,CIPAC-2015-042,2015,,,94,066,art_34,approved,"BANCO MÚLTIPLE BHD, S.A.",1-01-13679-2,"LA BALA PRODUCTIONS, S.R.L.",1-31-03396-2,,DANNY LA BALA,2014-01-08,2015-02-17,20000000.0,20000000.0,100.0,115692500.0,74363022.64,1.0,0,,0,,resolucion-cipac-no-2015-042_validacion-de-inversion-banco-multiple-bhd-leon-s-a-danny-la-bala.pdf
227,CIPAC-2015-043,2015,,,94,066,art_34,approved,"CEMENTOS PROGRESO DOMINICANA, S.A.",1-11-00059-9,"LA BALA PRODUCTIONS, S.R.L.",1-31-03396-2,,DANNY LA BALA,2014-01-08,2015-02-17,13050000.0,13050000.0,100.0,115692500.0,74363022.64,1.0,0,,0,,resolucion-cipac-no-2015-043_validacion-de-inversion-cemex-dominicana-s-a-danny-la-bala.pdf
228,CIPAC-2015-044,2015,,,94,066,art_34,approved,"ADMINISTRADORA DE FONDOS DE PENSIONES SIEMBRA, S.A.",1-01-78432-6,"LA BALA PRODUCTIONS, S.R.L.",1-31-03396-2,,DANNY LA BALA,2014-01-08,2015-02-17,5000000.0,5000000.0,100.0,115692500.0,74363022.64,1.0,0,,0,,resolucion-cipac-no-2015-044_validacion-de-inversion-afp-siembra-s-a-danny-la-bala.pdf
229,CIPAC-2015-045,2015,,,94,066,art_34,approved,"AEROPUERTO INTERNACIONAL DEL CIBAO, S.A.",1-02-61324-9,"LA BALA PRODUCTIONS, S.R.L.",1-31-03396-2,,DANNY LA BALA,2014-01-08,2015-02-17,5000000.0,5000000.0,100.0,115692500.0,74363022.64,1.0,0,,0,,resolucion-cipac-no-2015-045_validacion-de-inversion-aeropuerto-internacional-del-cibao-s-a-danny-la-bala.pdf
230,CIPAC-2015-046,2015,,,94,066,art_34,approved,"DOPERCO, S.R.L.",1-01-61456-2,"LA BALA PRODUCTIONS, S.R.L.",1-31-03396-2,,DANNY LA BALA,2014-01-08,2015-02-17,4350000.0,4350000.0,100.0,115692500.0,74363022.64,1.0,0,,0,,resolucion-cipac-no-2015-046_validacion-de-inversion-doperco-s-a-danny-la-bala.pdf
231,CIPAC-2015-047,2015,,,94,066,art_34,approved,"BELLÓN, S.A.S.",1-02-00062-1,"LA BALA PRODUCTIONS, S.R.L.",1-31-03396-2,,DANNY LA BALA,2014-01-08,2015-02-17,4350000.0,4350000.0,100.0,115692500.0,74363022.64,1.0,0,,0,,resolucion-cipac-no-2015-047_validacion-de-inversion-bellon-s-a-danny-la-bala.pdf
232,CIPAC-2015-048,2015,,,94,066,art_34,approved,"CONSORCIO DE TARJETAS DOMINICANAS, S.A.",1-01-65432-5,"LA BALA PRODUCTIONS, S.R.L.",1-31-03396-2,,DANNY LA BALA,2014-01-08,2015-02-17,4350000.0,4350000.0,100.0,115692500.0,74363022.64,1.0,0,,0,,resolucion-cipac-no-2015-048_validacion-de-inversion-consorcio-de-tarjetas-dominicanas-s-a-danny-la-bala.pdf
233,CIPAC-2015-049,2015,,,94,066,art_34,approved,"CECOMSA, S.R.L.",1-02-31616-3,"LA BALA PRODUCTIONS, S.R.L.",1-31-03396-2,,DANNY LA BALA,2014-01-08,2015-02-17,4350000.0,4350000.0,100.0,115692500.0,74363022.64,1.0,0,,0,,resolucion-cipac-no-2015-049_validacion-de-inversion-centro-especializado-de-computacion-s-r-l-danny-la-bala.pdf
234,CIPAC-2015-050,2015,,,94,066,art_34,approved,"EQUIPOS & CONSTRUCCIONES DEL CIBAO, S.R.L.",1-02-33399-8,"LA BALA PRODUCTIONS, S.R.L.",1-31-03396-2,,DANNY LA BALA,2014-01-08,2015-02-17,4000000.0,4000000.0,100.0,115692500.0,74363022.64,1.0,0,,0,,resolucion-cipac-no-2015-050_validacion-la-inversion-equipo-_-construcciones-del-cibao-s-r-l-danny-la-bala.pdf
235,CIPAC-2015-051,2015,,,94,066,art_34,approved,"PLATER INVESTMENT, S.A.",1-30-53953-7,"LA BALA PRODUCTIONS, S.R.L.",1-31-03396-2,,DANNY LA BALA,2014-01-08,2015-02-17,282750000.0,282750000.0,100.0,115692500.0,74363022.64,1.0,0,,0,,resolucion-cipac-no-2015-051_validacion-de-inversion-plater-investment-s-a-danny-la-bala.pdf
236,CIPAC-2015-052,2015,,,94,066,art_34,approved,"E.T. HEINSEN, S.A.S.",1-05-00013-1,"LA BALA PRODUCTIONS, S.R.L.",1-31-03396-2,,DANNY LA BALA,2014-01-08,2015-02-17,1740000.0,1740000.0,100.0,115692500.0,74363022.64,1.0,0,,0,,resolucion-cipac-no-2015-052_validacion-de-inversion-e-t-heinsen-s-a-s-danny-la-bala.pdf
237,CIPAC-2015-053,2015,,,94,066,art_34,approved,"SISPEN, S.R.L.",1-30-11029-8,"LA BALA PRODUCTIONS, S.R.L.",1-31-03396-2,,DANNY LA BALA,2014-01-08,2015-02-17,1087500.0,1087500.0,100.0,115692500.0,74363022.64,1.0,0,,0,,resolucion-cipac-no-2015-053_validacion-de-inversion-sispen-s-r-l-danny-la-bala.pdf
238,CIPAC-2015-054,2015,,,94,066,art_34,approved,"COBB CARIBE, S.A.",1-09-02371-8,"LA BALA PRODUCTIONS, S.R.L.",1-31-03396-2,,DANNY LA BALA,2014-01-08,2015-02-17,750000.0,750000.0,100.0,115692500.0,74363022.64,1.0,0,,0,,resolucion-cipac-no-2015-054_validacion-de-inversion-cobb-caribe-s-a-danny-la-bala.pdf
239,CIPAC-2015-055,2015,,,94,066,art_34,approved,"DIVERSIFICACIÓN COMERCIAL, S.R.L.",1-02-00765-9,"LA BALA PRODUCTIONS, S.R.L.",1-31-03396-2,,DANNY LA BALA,2014-01-08,2015-02-17,600000.0,600000.0,100.0,115692500.0,74363022.64,1.0,0,,0,,resolucion-cipac-no-2015-055_validacion-de-inversion-diversificacion-comercial-s-r-l-danny-la-bala.pdf
240,CIPAC-2015-056,2015,,,94,066,art_34,approved,"GASEODUCTO VIRTUAL, S.R.L.",1-30-65883-8,"LA BALA PRODUCTIONS, S.R.L.",1-31-03396-2,,DANNY LA BALA,2014-01-08,2015-02-17,435000.0,435000.0,100.0,115692500.0,74363022.64,1.0,0,,0,,resolucion-cipac-no-2015-056_validacion-de-inversion-gaseoducto-virtual-s-r-l-danny-la-bala.pdf
241,CIPAC-2015-057,2015,,,94,066,art_34,approved,"PRADOS DEL CAMPO, S.R.L.",1-30-15118-2,"LA BALA PRODUCTIONS, S.R.L.",1-31-03396-2,,DANNY LA BALA,2014-01-08,2015-02-17,345000.0,345000.0,100.0,115692500.0,74363022.64,1.0,0,,0,,resolucion-cipac-no-2015-057_validacion-de-inversion-prados-del-campo-s-r-l-danny-la-bala.pdf
242,CIPAC-2015-058,2015,,,94,066,art_34,approved,"GARCÍA CASTELLANOS & ASOCIADOS, S.R.L.",1-02-30853-5,"LA BALA PRODUCTIONS, S.R.L.",1-31-03396-2,,DANNY LA BALA,2014-01-08,2015-02-17,300000.0,300000.0,100.0,115692500.0,74363022.64,1.0,0,,0,,resolucion-cipac-no-2015-058_validacion-garcia-castellanos-_-asociados-s-r-l-danny-la-bala.pdf
243,CIPAC-2015-059,2015,,,94,066,art_34,approved,"ECO PETRÓLEO DOMINICANA, S.A.",1-30-71483-5,"LA BALA PRODUCTIONS, S.R.L.",1-31-03396-2,,DANNY LA BALA,2014-01-08,2015-02-17,250000.0,250000.0,100.0,115692500.0,74363022.64,1.0,0,,0,,resolucion-cipac-no-2015-059_validacion-de-inversion-eco-petroleo-dominicano-s-r-l-danny-la-bala.pdf
244,CIPAC-2015-060,2015,,,70,043,art_34,approved,"PROTEÍNAS VEGETALES, S.R.L.",1-01-07290-3,"PRODUCTORA FLOR DEL SOL, S.R.L.",1-31-04651-7,,GIRASOL,2014-01-16,2015-02-17,1633800.0,1633800.0,100.0,52354582.0,34024877.0,1.0,0,,0,,resolucion-cipac-no-2015-060_validacion-proteinas-vegetales-s-r-l-girasol.pdf
245,CIPAC-2015-061,2015,,,70,043,art_34,approved,"AGENTE DE REMESAS Y CAMBIO VIMENCA, S.A.",1-01-08899-2,"PRODUCTORA FLOR DEL SOL, S.R.L.",1-31-04651-7,,GIRASOL,2014-01-16,2015-02-17,9343110.0,9343110.0,100.0,52354582.0,34024877.0,1.0,0,,0,,resolucion-cipac-no-2015-061_validacion-de-inversion-agente-de-remesas-y-cambio-vimenca-s-a-girasol.pdf
246,CIPAC-2015-062,2015,,,70,043,art_34,approved,"AGENTE DE CAMBIO VIMENCA, S.A.",1-01-72322-1,"PRODUCTORA FLOR DEL SOL, S.R.L.",1-31-04651-7,,GIRASOL,2014-01-16,2015-02-17,946036.0,946036.0,100.0,52354582.0,34024877.0,1.0,0,,0,,resolucion-cipac-no-2015-062_validacion-de-inversion-agente-de-cambio-vimenca-s-a-girasol.pdf
247,CIPAC-2015-063,2015,,,70,043,art_34,approved,"INMOBILIARIA VIMENCA, S.A.",1-01-04349-2,"PRODUCTORA FLOR DEL SOL, S.R.L.",1-31-04651-7,,GIRASOL,2014-01-16,2015-02-17,1695276.73,1695276.73,100.0,52354582.0,34024877.0,1.0,0,,0,,resolucion-cipac-no-2015-063_validacion-de-inversion-inmobiliaria-vimenca-s-a-girasol.pdf
248,CIPAC-2015-064,2015,,,70,043,art_34,approved,"VIMENCA, S.A.",1-01-60718-1,"PRODUCTORA FLOR DEL SOL, S.R.L.",1-31-04651-7,,GIRASOL,2014-01-16,2015-02-17,85619.0,85619.0,100.0,52354582.0,34024877.0,1.0,0,,0,,resolucion-cipac-no-2015-064_validacion-de-inversion-vimenca-s-a-girasol.pdf
249,CIPAC-2015-065,2015,,,70,043,art_34,approved,"CENTRO CUESTA NACIONAL, S.A.S.",1-01-01992-1,"PRODUCTORA FLOR DEL SOL, S.R.L.",1-31-04651-7,,GIRASOL,2014-01-16,2015-02-17,2250000.0,2250000.0,100.0,52354582.0,34024877.0,1.0,0,,0,,resolucion-cipac-no-2015-065_validacion-centro-cuesta-nacional-s-a-s-girasol.pdf
250,CIPAC-2015-066,2015,,,80,052,art_34,approved,"IMBERT DOMÍNGUEZ Y ASOC, S.A.S.",1-01-14232-4,"GRUPO TRUKEMER, S.R.L.",1-31-08399-4,,MISIÓN 809,2014-01-13,2015-02-17,96728672.0,96728672.0,100.0,39297443.0,31005305.0,1.0,0,,0,,resolucion-cipac-no-2015-066_validacion-de-inversion-imbert-dominguez-_-asociados-s-a-s-mision-809.pdf
251,CIPAC-2015-067,2015,,,80,052,art_34,approved,"LA ANTILLANA COMERCIAL, S.A.",1-01-00566-1,"GRUPO TRUKEMER, S.R.L.",1-31-08399-4,,MISIÓN 809,2014-01-13,2015-02-17,1000000.0,1000000.0,100.0,39297443.0,31005305.0,1.0,0,,0,,resolucion-cipac-no-2015-067_validacion-la-antillana-comercial-s-a-mision-809.pdf
252,CIPAC-2015-068,2015,,,80,052,art_34,approved,"TERMO ENVASES, S.A.",1-01-57338-4,"GRUPO TRUKEMER, S.R.L.",1-31-08399-4,,MISIÓN 809,2014-01-13,2015-02-17,1000000.0,1000000.0,100.0,39297443.0,31005305.0,0.9,0,,1,total_budget_executed|set_manual|null|31005305.0|Propagated from sibling resolution CIPAC-2015-066 with same film title|cipac_2015_results.json|2026-08-06|JDP,resolucion-cipac-no-2015-068_validacion-de-inversion-termo-envases-s-a-mision-809.pdf
253,CIPAC-2015-069,2015,,,80,052,art_34,approved,"LOS HIDALGOS, S.A.S.",1-01-05308-9,"GRUPO TRUKEMER, S.R.L.",1-31-08399-4,,MISIÓN 809,2014-01-13,2015-02-17,1000000.0,1000000.0,100.0,39297443.0,31005305.0,1.0,0,,0,,resolucion-cipac-no-2015-069_validacion-de-inversion-los-hidalgos-s-a-mision-809.pdf
254,CIPAC-2015-070,2015,,,80,052,art_34,approved,"INTERNATIONAL TRADING COMPANY, S.A.S.",1-01-02281-7,"GRUPO TRUKEMER, S.R.L.",1-31-08399-4,,MISIÓN 809,2014-01-13,2015-02-17,1200000.0,1200000.0,100.0,39297443.0,31005305.0,1.0,0,,0,,resolucion-cipac-no-2015-070_validacion-de-inversion-international-tranding-co-s-a-s-mision-809.pdf
255,CIPAC-2015-071,2015,,,80,052,art_34,approved,"GRUPO COMETA, S.A.S.",1-01-01943-3,"GRUPO TRUKEMER, S.R.L.",1-31-08399-4,,MISIÓN 809,2014-01-13,2015-02-17,1500000.0,1500000.0,100.0,39297443.0,31005305.0,1.0,0,,0,,resolucion-cipac-no-2015-071_validacion-de-inversion-grupo-cometa-s-a-s-mision-809.pdf
256,CIPAC-2015-072,2015,,,80,052,art_34,approved,"BANCO BACC DE AHORRO Y CRÉDITO DEL CARIBE, S.A.",1-01-13879-3,"GRUPO TRUKEMER, S.R.L.",1-31-08399-4,,MISIÓN 809,2014-01-13,2015-02-17,2000000.0,2000000.0,100.0,39297443.0,31005305.0,1.0,0,,0,,resolucion-cipac-no-2015-072_validacion-de-inversion-banco-de-ahorro-y-credito-del-caribe-s-a-mision-809.pdf
257,CIPAC-2015-073,2015,,,80,052,art_34,approved,"PARALLAX VALORES PUESTO DE BOLSA, S.A.",1-01-56714-7,"GRUPO TRUKEMER, S.R.L.",1-31-08399-4,,MISIÓN 809,2014-01-13,2015-02-17,3000000.0,3000000.0,100.0,39297443.0,31005305.0,1.0,0,,0,,resolucion-cipac-no-2015-073_validacion-de-inversion-parallax-valores-puesto-de-bolsa-s-a-mision-809.pdf
258,CIPAC-2015-074,2015,,,70,052,art_34,approved,"TERMINALES HAINA, S.A.S.",1-01-59209-5,"GRUPO TRUKEMER, S.R.L.",1-31-08399-4,,MISIÓN 809,2014-01-13,2015-02-17,3000000.0,3000000.0,100.0,39297443.0,31005305.0,1.0,0,,0,,resolucion-cipac-no-2015-074_validacion-de-inversion-terminales-haina-s-a-s-mision-809.pdf
259,CIPAC-2015-075,2015,,,80,052,art_34,approved,"VIAMAR, S.A.",1-01-01114-9,"GRUPO TRUKEMER, S.R.L.",1-31-08399-4,,MISIÓN 809,2014-01-13,2015-02-17,4000000.0,4000000.0,100.0,39297443.0,31005305.0,1.0,0,,0,,resolucion-cipac-no-2015-075_validacion-de-inversion-viamar-s-a-mision-809.pdf
260,CIPAC-2015-076,2015,,,80,052,art_34,approved,"A.V. BLANDINO & CIA, S.A.",1-01-00015-5,"GRUPO TRUKEMER, S.R.L.",1-31-08399-4,,MISIÓN 809,2014-01-13,2015-02-17,4300000.0,4300000.0,100.0,39297443.0,31005305.0,1.0,0,,0,,resolucion-cipac-no-2015-076_validacion-de-inversion-a-v-blandino-_-cia-s-a-mision-809.pdf
261,CIPAC-2015-077,2015,,,80,052,art_34,approved,"FERTILIZANTES QUÍMICOS DOMINICANOS, S.A.",1-01-00990-1,"GRUPO TRUKEMER, S.R.L.",1-31-08399-4,,MISIÓN 809,2014-01-13,2015-02-17,5000000.0,5000000.0,100.0,39297443.0,31005305.0,1.0,0,,0,,resolucion-cipac-no-2015-077_validacion-de-inversion-fertilizantes-quimicos-dominicanos-s-a-mision-809.pdf
262,CIPAC-2015-078,2015,,,79,051,art_34,approved,"BANCO AHORRO Y CRÉDITO PROVIDENCIAL, S.A.",1-30-21266-1,"PILÓN PRODUCTIONS, S.R.L.",1-30-99100-6,,BECARIOS EN EL AMOR,2015-04-13,2015-07-29,2300000.0,2300000.0,100.0,37358860.33,35587388.0,1.0,0,,1,,resolucion-cipac-no-2015-078_validacion-de-inversion-banco-de-ahorro-y-credito-providencial-s-a-becarios-en-el-amor.pdf
263,CIPAC-2015-079,2015,,,79,051,art_34,approved,"UNIQUE REPRESENTACIONES, S.R.L.",1-01-56244-7,"PILÓN PRODUCTIONS, S.R.L.",1-30-99100-6,,BECARIOS EN EL AMOR,2015-04-13,2015-04-30,1158888.89,1158888.89,100.0,37358860.33,35587388.0,1.0,0,,0,,resolucion-cipac-no-2015-079_validacion-de-inversion-unique-representaciones-s-r-l-becarios-en-el-amor.pdf
264,CIPAC-2015-080,2015,,,077,049,art_34,approved,"BRAVO, S.A.",1-01-60246-5,"ATABEIRA FILMS, S.R.L.",1-30-93632-3,,LA FAMILIA REYNA,2015-04-20,2015-04-30,8000000.0,8000000.0,100.0,19611645.43,13884784.78,1.0,0,,0,,resolucion-cipac-no-2015-080_validacion-de-inversion-bravo-s-a-la-familia-reyna.pdf
265,CIPAC-2015-081,2015,,,075,,art_39,approved,,,"ÚNICO FILMS, S.R.L.",1-30-92313-2,,SURVIVOR,2014-10-30,2015-07-29,116258696.59,29064674.15,25.0,155010971.92,116611403.55,1.0,0,,0,,resolucion-cipac-no-2015-081_validacion-de-inversion-unico-films-s-r-l-acun-medya-produksiyon.pdf
266,CIPAC-2015-084,2015,,,113,087,art_34,approved,"BRAVO, S.A.",1-01-60246-5,"ERIZO FILMS, S.R.L.",1-31-10479-7,,FLOR DE AZÚCAR,2015-05-25,2015-06-11,19988507.02,19988507.02,100.0,59068968.0,20797424.69,1.0,0,,0,,resolucion-cipac-no-2015-084_validacion-de-inversion-bravo-s-a-flor-de-azucar.pdf
267,CIPAC-2015-085,2015,,,80,052,art_34,approved,"CASA PACO, S.A.",1-01-19151-1,"GRUPO TRUKEMER, S.R.L.",1-31-08399-4,,MISIÓN 809,2015-07-03,2015-07-09,3500000.0,3500000.0,100.0,39297443.0,38602541.0,1.0,0,,0,,resolucion-cipac-no-2015-085_valiacion-de-inversion-casa-paco-s-a-mision-809.pdf
268,CIPAC-2015-086,2015,,,80,052,art_34,approved,"INTER-QUÍMICA, S.A.",1-01-05010-1,"GRUPO TRUKEMER, S.R.L.",1-31-08399-4,,MISIÓN 809,2015-07-03,2015-07-09,3400000.0,3400000.0,100.0,39297443.0,38602541.0,1.0,0,,0,,resolucion-cipac-no-2015-086_validacion-de-inversion-inter-quimica-s-a-mision-809.pdf
269,CIPAC-2015-087,2015,,,134,091,art_34,approved,"LABORATORIOS FELTREX, S.A.",1-01-05037-3,"LOS INMIGRANTES, S.R.L.",1-31-21588-2,,"ENTRAR NO ES FÁCIL, SALIR TAMPOCO",2015-07-07,2015-07-09,2000000.0,2000000.0,100.0,65475094.93,2000000.0,1.0,0,,0,,resolucion-cipac-no-2015-087_validacion-de-inversion-laboratorios-feltrex-s-a-entrar-no-es-facil-salir-tampoco.pdf
270,CIPAC-2015-088,2015,,,87,059,art_34,approved,"BANCO MÚLTIPLE ADEMI, S.A.",1-01-74527-4,"CÓDIGO TRES FILMS, S.R.L.",1-31-04798-1,,A ORILLAS DEL MAR,2015-07-09,2015-08-20,6144200.0,6144200.0,100.0,29071434.83,23644200.0,1.0,0,,1,,resolucion-cipac-no-2015-088_validacion-de-inversion-banco-multiple-ademi-s-a-a-orillas-del-mar.pdf
271,CIPAC-2015-089,2015,,,120,096,art_34,approved,"BANCO MÚLTIPLE BDI, S.A.",1-01-04029-7,"METRO FILMS, S.R.L.",1-30-97291-5,,EL CLOSET,2015-07-09,2015-08-20,5993235.0,5993235.0,100.0,35283808.35,16998281.85,0.7,0,,1,validated_amount_dop|set_manual|null|5993235.00|OCR split paragraph across pages losing amount|Resolution PDF PRIMERO section p.4-5|2026-08-06|JDP;;tax_credit_dop|set_manual|null|5993235.00|Art.34 tax credit equals validated amount|Resolution PDF SEGUNDO section|2026-08-06|JDP,resolucion-cipac-no-2015-089_validacion-de-inversion-banco-multiple-bdi-s-a-el-closet.pdf
272,CIPAC-2015-090,2015,,,120,096,art_34,approved,"BANCO MÚLTIPLE ADEMI, S.A.",1-01-74527-4,"METRO FILMS, S.R.L.",1-30-97291-5,,EL CLOSET,2015-07-09,2015-08-20,11000000.0,11000000.0,100.0,35283808.35,16998281.85,0.9,0,,1,total_budget_executed|set_manual|null|16998281.85|Propagated from sibling resolution CIPAC-2015-089 with same film title|cipac_2015_results.json|2026-08-06|JDP,resolucion-cipac-no-2015-090_validacion-de-inversion-banco-multiple-ademi-s-a-el-closet.pdf
273,CIPAC-2015-091,2015,,,122,101,art_34,approved,"BANCO MÚLTIPLE ADEMI, S.A.",1-01-74527-4,"OPERA PRIMA FILMS, S.R.L.",1-31-26115-9,,CUENTAS POR COBRAR,2015-07-21,2015-08-20,8940000.0,8940000.0,100.0,32182161.83,9270560.8,1.0,0,,1,,resolucion-cipac-no-2015-091_validacion-de-inversion-banco-multiple-ademi-s-a-cuentas-por-cobrar.pdf
274,CIPAC-2015-092,2015,,,122,101,art_34,approved,"BANCO DE AHORRO Y CRÉDITO ADOPEM, S.A.",1-03-00310-9,"OPERA PRIMA FILMS, S.R.L.",1-31-26115-9,,CUENTAS POR COBRAR,2015-08-04,2015-08-20,5000000.0,5000000.0,100.0,32182161.83,9270560.8,0.9,0,,1,total_budget_executed|set_manual|null|9270560.8|Propagated from sibling resolution CIPAC-2015-091 with same film title|cipac_2015_results.json|2026-08-06|JDP,resolucion-cipac-no-2015-092_validacion-de-inversion-banco-de-ahorro-y-credito-adopem-s-a-cuentas-por-cobrar.pdf
275,CIPAC-2015-093,2015,,,113,087,art_34,approved,"MEJÍA ARCALÁ, S.R.L.",1-01-00022-8,"ERIZO FILMS, S.R.L.",1-31-10479-7,,FLOR DE AZÚCAR,2015-07-28,2015-08-20,3000000.0,3000000.0,100.0,59068968.0,23798007.0,1.0,0,,0,,resolucion-cipac-no-2015-093_validacion-de-inversion-mejia-acala-s-a-flor-de-azucar.pdf
276,CIPAC-2015-094,2015,,,119,,art_39,approved,,,"ESENCIA FILMS, S.R.L.",1-31-15741-6,,EL REY DE LA HABANA,2015-07-30,2015-08-20,54973720.0,13743430.0,25.0,68428039.93,54973720.0,0.9,0,,1,request_date|set_manual|null|2015-07-30|OCR did not capture Solicitud de fecha line|Resolution PDF VISTOS section item 1|2026-08-06|JDP,resolucion-cipac-no-2015-094_validacion-de-inversion-esencia-films-s-r-l-el-rey-de-la-habana.pdf
277,CIPAC-2015-097,2015,,,87,059,art_34,approved,"ANTILLEAN CONSTRUCTION CORPORATION, S.R.L.",1-22-02167-1,"CÓDIGO TRES FILMS, S.R.L.",1-31-04798-1,,A ORILLAS DEL MAR,2015-08-25,2015-09-23,1000000.0,1000000.0,100.0,29071434.83,24644200.0,1.0,0,,0,,resolucion-cipac-no-2015-097_validacion-de-inversion-antillean-construction-corporation-s-r-l-a-orillas-del-mar.pdf
278,CIPAC-2015-098,2015,,,101,073,art_34,approved,"CEMENTOS PROGRESO DOMINICANA, S.A.",1-11-00059-9,"MS FILMS, S.R.L.",1-31-09104-2,,PUNTA CANA,2015-09-04,2015-09-23,7471380.0,7471380.0,100.0,54077915.0,48416089.0,1.0,0,,0,,resolucion-cipac-no-2015-098_validacion-de-inversion-cemex-dominicana-s-a-punta-cana.pdf
279,CIPAC-2015-099,2015,,,120,096,art_34,approved,"BANCO MÚLTIPLE BHD, S.A.",1-01-13679-2,"METRO FILMS, S.R.L.",1-30-97291-5,,EL CLOSET,2015-09-22,2015-10-29,9799999.57,9799999.57,100.0,35283808.35,28798281.42,0.9,0,,1,investor_rnc|set_manual|null|1-01-13679-2|OCR read 1-01-136079-2 with extra digit in RNC format|Resolution PDF header p.1|2026-08-06|JDP,resolucion-cipac-no-2015-099_validacion-de-inversion-banco-multiple-bhd-leon-s-a-el-closet.pdf
280,CIPAC-2015-100,2015,,,120,096,art_34,approved,"BANCO BACC DE AHORRO Y CRÉDITO DEL CARIBE, S.A.",1-01-13879-3,"METRO FILMS, S.R.L.",1-30-97291-5,,EL CLOSET,2015-09-22,2015-10-29,2000000.0,2000000.0,100.0,35283808.35,28798281.42,0.9,0,,1,total_budget_executed|set_manual|null|28798281.42|Stamp covers budget executed paragraph|Resolution PDF budget section|2026-08-06|JDP,resolucion-cipac-no-2015-100_validacion-de-inversion-banco-de-ahorro-y-credito-del-caribe-s-a-el-closet.pdf
281,CIPAC-2015-101,2015,,,107,079,art_34,approved,"CÉSAR IGLESIAS, S.A.",1-01-01938-7,"LARIMAR FILM HOUSE, S.R.L.",1-30-93429-2,,CAMINO A HIGUEY,2015-10-21,2015-10-29,6854022.13,6854022.13,100.0,24904194.0,23800202.69,0.8,0,,1,total_budget_executed|set_manual|null|23800202.69|Propagated from sibling resolution CIPAC-2015-102 with same film title|cipac_2015_results.json|2026-08-06|JDP;;total_budget_approved|set_manual|null|24904194.00|Stamp covers budget approval paragraph|Resolution PDF budget section|2026-08-06|JDP,resolucion-cipac-no-2015-101_validacion-de-inversion-cesar-iglesias-s-a-camino-a-higuey.pdf
282,CIPAC-2015-102,2015,,,107,079,art_34,approved,"BANCO MÚLTIPLE LÓPEZ DE HARO, S.A.",1-01-14588-9,"LARIMAR FILM HOUSE, S.R.L.",1-30-93429-2,,CAMINO A HIGUEY,2015-10-21,2015-10-29,2000000.0,1946180.56,100.0,24904194.0,23800202.69,1.0,0,,0,,resolucion-cipac-no-2015-102_validacion-de-inversion-banco-lopez-de-haro-s-a-camino-a-higuey.pdf
283,CIPAC-2015-103,2015,,,093,065,art_34,approved,"BANCO MÚLTIPLE ADEMI, S.A.",1-01-74527-4,"BATÚ FILMS, S.R.L.",1-31-11476-8,,SEPARANDO-NOS,2015-10-13,2015-10-29,998888.89,998888.89,100.0,48448056.0,36692919.19,1.0,0,,0,,resolucion-cipac-no-2015-103_validacion-de-inversion-banco-multiple-ademi-s-a-separandonos.pdf
284,CIPAC-2015-104,2015,,,117,,art_39,approved,,,"DENZET INTERNATIONAL, S.R.L.",1-31-23550-6,,SURVIVOR TURKEY 2015,2015-09-22,2015-10-29,112960541.87,28240135.47,25.0,126635259.94,118226111.0,1.0,0,,0,,resolucion-cipac-no-2015-104_validacion-de-inversion-acun-medya-produksiyon-ve-reklam-hizmetleri-a-s-survivor-turkey.pdf
285,CIPAC-2015-105,2015,,,104,076,art_34,approved,"INVERSIONES FACTOR RUCEIN, S.R.L.",1-31-13731-8,"CACIQUE FILMS, S.R.L.",1-31-09766-9,,REINBOU,2015-10-20,2015-10-29,1800000.0,1800000.0,100.0,84036127.17,11418000.0,1.0,0,,0,,resolucion-cipac-no-2015-105_validacion-de-inversion-inversiones-factor-rucein-s-r-l-reinbou.pdf
286,CIPAC-2015-106,2015,,,077,049,art_34,approved,"DOPERCO, S.R.L.",1-01-61456-2,"ATABEIRA FILMS, S.R.L.",1-30-93632-3,,LA FAMILIA REYNA,2015-10-28,2015-11-12,2000000.0,2000000.0,100.0,22224165.41,22366329.7,1.0,0,,1,,resolucion-cipac-no-2015-106_validacion-de-inversion-doperco-s-r-l-la-familia-reyna.pdf
287,CIPAC-2015-107,2015,,,077,049,art_34,approved,"IMPORTADORA K & G, S.A.S.",1-01-15738-2,"ATABEIRA FILMS, S.R.L.",1-30-93632-3,,LA FAMILIA REYNA,2015-10-28,2015-11-12,2000000.0,2000000.0,100.0,22224165.41,22366329.7,0.9,0,,1,total_budget_executed|set_manual|null|22366329.7|Propagated from sibling resolution CIPAC-2015-106 with same film title|cipac_2015_results.json|2026-08-06|JDP,resolucion-cipac-no-2015-107_validacion-de-inversion-imprtadora-k_g-s-a-s-la-familia-reyna.pdf
288,CIPAC-2015-108,2015,,,077,049,art_34,approved,"TERMOPAC INDUSTRIAL, S.A.",1-01-06471-4,"ATABEIRA FILMS, S.R.L.",1-30-93632-3,,LA FAMILIA REYNA,2015-10-28,2015-11-12,5000000.0,5000000.0,100.0,22224165.41,22366329.7,1.0,0,,0,,resolucion-cipac-no-2015-108_validacion-de-inversiontermo-industrial-s-a-la-familia-reyna.pdf
289,CIPAC-2015-109,2015,,,142,122,art_34,approved,"BANCO BACC DE AHORRO Y CRÉDITO DEL CARIBE, S.A.",1-01-13879-3,"PELÍCULAS HECHAS A MANO, S.R.L.",1-31-29543-6,,Y A DIOS QUE ME PERDONE,2015-10-29,2015-11-12,2079936.15,2079936.15,100.0,49161391.4,37299999.99,0.9,0,,1,total_budget_executed|set_manual|null|37299999.99|Stamp covers budget executed paragraph|Resolution PDF budget section|2026-08-06|JDP,resolucion-cipac-no-2015-109_validacion-de-inversion-banco-de-ahorro-y-credito-del-caribe-s-a-y-a-dios-que-me-perdone.pdf
290,CIPAC-2015-110,2015,,,142,122,art_34,approved,"BANCO DE AHORRO Y CRÉDITO ADOPEM, S.A.",1-03-00310-9,"PELÍCULAS HECHAS A MANO, S.R.L.",1-31-29543-6,,Y A DIOS QUE ME PERDONE,2015-10-29,2015-11-12,15000000.0,15000000.0,100.0,49161391.4,37299999.99,0.9,0,,1,total_budget_executed|set_manual|null|37299999.99|Stamp covers budget executed paragraph|Resolution PDF budget section|2026-08-06|JDP,resolucion-cipac-no-2015-110_validacion-de-inversion-banco-de-ahorro-y-credito-adopem-s-a-y-a-dios-que-me-perdone.pdf
291,CIPAC-2015-111,2015,,,142,122,art_34,approved,"BANCO MÚLTIPLE BHD, S.A.",1-01-13679-2,"PELÍCULAS HECHAS A MANO, S.R.L.",1-31-29543-6,,Y A DIOS QUE ME PERDONE,2015-10-29,2015-11-12,20220000.0,20219985.02,100.0,49161391.4,37299999.99,0.9,0,,1,total_budget_executed|set_manual|null|37299999.99|Stamp covers budget executed paragraph|Resolution PDF budget section|2026-08-06|JDP,resolucion-cipac-no-2015-111_validacion-de-inversion-banco-multiple-bhd-leon-s-a-y-a-dios-que-me-perdone.pdf
292,CIPAC-2015-112,2015,,,122,101,art_34,approved,"GRUPO BARLOVENTO, S.R.L.",1-22-02754-8,"OPERA PRIMA FILMS, S.R.L.",1-31-26115-9,,CUENTAS POR COBRAR,2015-10-03,2015-11-12,248417.05,248417.05,100.0,32182161.0,15823889.14,1.0,0,,0,,resolucion-cipac-no-2015-112_validacion-de-inversion-grupo-barlovento-s-r-l-cuentas-por-cobrar.pdf
293,CIPAC-2015-113,2015,,,122,101,art_34,approved,"INVERSIONES BONORINO, S.R.L.",1-30-06233-1,"OPERA PRIMA FILMS, S.R.L.",1-31-26115-9,,CUENTAS POR COBRAR,2015-10-03,2015-11-12,249911.29,249911.29,100.0,32182161.0,15823889.14,1.0,0,,0,,resolucion-cipac-no-2015-113_validacion-de-inversion-inversiones-bonorino-s-r-l-cuentas-por-cobrar.pdf
294,CIPAC-2015-114,2015,,,122,101,art_34,approved,"ECO MOTORS, S.A.S.",1-30-91075-8,"OPERA PRIMA FILMS, S.R.L.",1-31-26115-9,,CUENTAS POR COBRAR,2015-10-03,2015-11-12,1200000.0,1200000.0,100.0,32182161.0,15823889.14,1.0,0,,0,,resolucion-cipac-no-2015-114_validacion-de-inversion-eco-motors-s-a-s-cuentas-por-cobrar.pdf
295,CIPAC-2015-115,2015,,,126,110,art_34,approved,"NESTLÉ DOMINICANA, S.A.",1-01-82916-8,"MONTRO FILMS, S.R.L.",1-31-25947-2,,TUBÉRCULO GOURMET,2015-11-06,2015-11-25,10000000.0,10000000.0,100.0,64731835.0,60743674.91,1.0,0,,0,,resolucion-cipac-no-2015-115_validacion-de-inversion-nestle-dominicana-tuberculo-gourmet.pdf
296,CIPAC-2015-116,2015,,,126,110,art_34,approved,"LABORATORIOS KEY, S.R.L.",1-01-00132-1,"MONTRO FILMS, S.R.L.",1-31-25947-2,,TUBÉRCULO GOURMET,2015-11-06,2015-11-25,3000000.0,3000000.0,100.0,64731835.0,60743674.91,1.0,0,,0,,resolucion-cipac-no-2015-116_validacion-de-inversion-laboratorios-key-s-r-l-tuberculo-gourmet.pdf
297,CIPAC-2015-117,2015,,,126,110,art_34,approved,"GRUPO RAMOS, S.A.",1-01-79682-2,"MONTRO FILMS, S.R.L.",1-31-25947-2,,TUBÉRCULO GOURMET,2015-11-06,2015-11-25,20000000.0,20000000.0,100.0,64731835.0,60743674.91,1.0,0,,0,,resolucion-cipac-no-2015-117_validacion-de-inversion-grupo-ramos-s-a-tuberculo-gourmet.pdf
298,CIPAC-2015-118,2015,,,126,110,art_34,approved,"LOTERÍA ELECTRÓNICA INTERNACIONAL DOMINICANA, S.A.",1-01-70527-2,"MONTRO FILMS, S.R.L.",1-31-25947-2,,TUBÉRCULO GOURMET,2015-11-06,2015-11-25,4600000.0,4600000.0,100.0,64731835.0,60743674.91,1.0,0,,0,,resolucion-cipac-no-2015-118_validacion-de-inversion-loteria-electronica-internacional-dominicana-s-a-tuberculo-gourmet.pdf
299,CIPAC-2015-119,2015,,,126,110,art_34,approved,"POLLOS ENDY, S.R.L.",1-02-61533-2,"MONTRO FILMS, S.R.L.",1-31-25947-2,,TUBÉRCULO GOURMET,2015-11-06,2015-11-25,1000000.0,1000000.0,100.0,64731835.0,60743674.91,1.0,0,,0,,resolucion-cipac-no-2015-119_validacion-de-inversion-pollo-endy-s-r-l-tuberculo-gourmet.pdf
300,CIPAC-2015-120,2015,,,126,110,art_34,approved,"CEMENTOS PROGRESO DOMINICANA, S.A.",1-11-00059-9,"MONTRO FILMS, S.R.L.",1-31-25947-2,,TUBÉRCULO GOURMET,2015-11-06,2015-11-25,10000000.0,10000000.0,100.0,64731835.0,60743674.91,1.0,0,,0,,resolucion-cipac-no-2015-120_validacion-de-inversion-cemex-dominicana-s-a-tuberculo-gourmet.pdf
301,CIPAC-2015-121,2015,,,126,110,art_34,approved,"PROCESADORA DE ALIMENTOS PRODAL, S.A.",1-04-00027-7,"MONTRO FILMS, S.R.L.",1-31-25947-2,,TUBÉRCULO GOURMET,2015-11-06,2015-11-25,3661162.0,3661162.0,100.0,64731835.0,60743674.91,1.0,0,,0,,resolucion-cipac-no-2015-121_validacion-de-inversion-procesadora-de-alimentos-prodal-s-a-tuberculo-gourmet.pdf
302,CIPAC-2015-122,2015,,,126,110,art_34,approved,"ENDY AGROINDUSTRIAL, S.R.L.",1-02-01572-4,"MONTRO FILMS, S.R.L.",1-31-25947-2,,TUBÉRCULO GOURMET,2015-11-06,2015-11-25,5000000.0,5000000.0,100.0,64731835.0,60743674.91,1.0,0,,0,,resolucion-cipac-no-2015-122_validacion-de-inversion-endy-agroindustrial-s-r-l-tuberculo-gourmet.pdf
303,CIPAC-2015-124,2015,,,148,115,art_34,approved,"CÉSAR IGLESIAS, S.A.",1-01-01938-7,"AG FILMS, S.R.L.",1-31-17818-9,,FLOR,2015-11-18,2015-11-25,10900000.0,10900000.0,100.0,53154326.0,34669777.34,1.0,0,,0,,resolucion-cipac-no-2015-124_validacion-de-inversion-cesar-iglesias-s-a-flor.pdf
304,CIPAC-2015-125,2015,,,148,115,art_34,approved,"SANUT DOMINICANA, S.A.S.",1-02-33461-7,"AG FILMS, S.R.L.",1-31-17818-9,,FLOR,2015-11-18,2015-11-25,4999254.4,4999254.4,100.0,53154326.0,34669777.34,0.9,0,,1,total_budget_executed|set_manual|null|34669777.34|Propagated from sibling resolution CIPAC-2015-124 with same film title|cipac_2015_results.json|2026-08-06|JDP,resolucion-cipac-no-2015-125_validacion-de-inversion-sanut-dominicana-s-a-s-flor.pdf
305,CIPAC-2015-126,2015,,,148,115,art_34,approved,"BANCO MÚLTIPLE ADEMI, S.A.",1-01-74527-4,"AG FILMS, S.R.L.",1-31-17818-9,,FLOR,2015-11-18,2015-11-25,9800000.0,9800000.0,100.0,53154326.0,34669777.34,1.0,0,,0,,resolucion-cipac-no-2015-126_validacion-de-inversion-banco-multiple-ademi-s-a-flor.pdf
306,CIPAC-2015-127,2015,,,148,115,art_34,approved,"BANCO BACC DE AHORRO Y CRÉDITO DEL CARIBE, S.A.",1-01-13879-3,"AG FILMS, S.R.L.",1-31-17818-9,,FLOR,2015-11-18,2015-11-25,3920000.0,3920000.0,100.0,53154326.0,34669777.34,1.0,0,,0,,resolucion-cipac-no-2015-127_validacion-de-inversion-banco-de-ahorro-y-credito-del-caribe-s-a-flor.pdf
307,CIPAC-2015-128,2015,,,148,115,art_34,approved,"LA COLONIAL, S.A. - COMPANÍA DE SEGUROS",1-01-03122-2,"AG FILMS, S.R.L.",1-31-17818-9,,FLOR,2015-11-18,2015-11-25,5000000.0,5000000.0,100.0,53154326.0,34669777.34,1.0,0,,0,,resolucion-cipac-no-2015-128_validacion-de-inversion-la-colonial-s-a-flor.pdf
308,CIPAC-2015-129,2015,,,097,069,art_34,approved,"ADMINISTRADORA DE FONDOS DE PENSIONES SIEMBRA, S.A.",1-01-78432-6,"FABULOSOS FILMS, S.R.L.",1-31-12166-7,,LOS FABULOSOS MA MEJORES,2015-11-20,2015-11-25,2680000.0,2680000.0,100.0,44877899.11,45462650.0,1.0,0,,0,,resolucion-cipac-no-2015-129_validacion-de-inversion-afp-siembra-s-a-los-fabulosos-ma-mejores.pdf
309,CIPAC-2015-130,2015,,,097,069,art_34,approved,"BANCO MÚLTIPLE BDI, S.A.",1-01-04029-7,"FABULOSOS FILMS, S.R.L.",1-31-12166-7,,LOS FABULOSOS MA MEJORES,2015-11-20,2015-11-25,4000000.0,4000000.0,100.0,44877899.11,45462650.0,1.0,0,,0,,resolucion-cipac-no-2015-130_validacion-de-inversion-banco-multiple-bdi-s-a-los-fabulosos-ma-mejores.pdf
310,CIPAC-2015-131,2015,,,133,,art_39,approved,,,"INVERSIONES BASKIRIA, S.R.L.",1-31-12779-7,,EX ISLE ISLAND,2015-11-10,2015-11-25,61668917.62,15417229.4,25.0,81399780.0,61870714.0,1.0,0,,0,,resolucion-cipac-no-2015-131_validacion-de-inversion-inversiones-baskiria-s-r-l-ex-isle-island.pdf
311,CIPAC-2015-132,2015,,,121,103,art_34,approved,"NESTLÉ DOMINICANA, S.A.",1-01-82916-8,"PRODUCCIONES MANATÍ, S.R.L.",1-31-18942-3,,MI SUEGRA Y YO,2015-11-03,2015-12-09,9986100.0,9986100.0,100.0,59386388.0,52520947.0,0.6,0,,1,investor_rnc|set_manual|null|1-01-82916-8|Poor scan quality almost unreadable|Resolution PDF header p.1|2026-08-06|JDP;;request_date|set_manual|null|2015-11-03|Poor scan quality almost unreadable|Resolution PDF VISTOS section|2026-08-06|JDP;;total_budget_approved|set_manual|null|59386388.00|Poor scan quality almost unreadable|Resolution PDF budget section|2026-08-06|JDP;;total_budget_executed|set_manual|null|52520947.00|Poor scan quality almost unreadable|Resolution PDF budget section|2026-08-06|JDP,resolucion-cipac-no-2015-132_validacion-de-inversion-nestle-dominicana-s-a-mi-suegra-y-yo.pdf
312,CIPAC-2015-133,2015,,,121,103,art_34,approved,"CEMENTOS PROGRESO DOMINICANA, S.A.",1-11-00059-9,"PRODUCCIONES MANATÍ, S.R.L.",1-31-18942-3,,MI SUEGRA Y YO,2015-11-03,2015-12-09,12500000.0,12500000.0,100.0,59386388.0,52520947.0,0.8,0,,1,total_budget_approved|set_manual|null|59386388.00|Poor scan quality almost unreadable|Resolution PDF budget section|2026-08-06|JDP;;total_budget_executed|set_manual|null|52520947.00|Poor scan quality almost unreadable|Resolution PDF budget section|2026-08-06|JDP,resolucion-cipac-no-2015-133_validacion-de-inversion-cemex-dominicana-s-a-mi-suegra-y-yo.pdf
313,CIPAC-2015-134,2015,,,121,103,art_34,approved,"GRUPO RAMOS, S.A.",1-01-79682-2,"PRODUCCIONES MANATÍ, S.R.L.",1-31-18942-3,,MI SUEGRA Y YO,2015-11-03,2015-12-09,30000000.0,30000000.0,100.0,59386388.0,52520947.0,0.8,0,,1,total_budget_approved|set_manual|null|59386388.00|Poor scan quality almost unreadable|Resolution PDF budget section|2026-08-06|JDP;;total_budget_executed|set_manual|null|52520947.00|Poor scan quality almost unreadable|Resolution PDF budget section|2026-08-06|JDP,resolucion-cipac-no-2015-134_validacion-de-inversion-grupo-ramos-s-a-mi-suegra-y-yo.pdf
314,CIPAC-2015-135,2015,,,70,043,art_34,approved,"INMOBILIARIA VIMENCA, S.A.",1-01-04349-2,"PRODUCTORA FLOR DEL SOL, S.R.L.",1-31-04651-7,,GIRASOL,2015-11-10,2015-12-09,1695276.73,1695276.73,100.0,52354582.0,39657685.0,1.0,0,,0,,resolucion-cipac-no-2015-135_validacion-de-inversion-inmobiliaria-vimenca-s-a-girasol.pdf
315,CIPAC-2015-136,2015,,,70,043,art_34,approved,"PROTEÍNAS VEGETALES, S.R.L.",1-01-07290-3,"PRODUCTORA FLOR DEL SOL, S.R.L.",1-31-04651-7,,GIRASOL,2015-11-10,2015-12-09,1633800.0,1633800.0,100.0,52354582.0,39657685.0,1.0,0,,0,,resolucion-cipac-no-2015-136_validacion-de-inversion-proteinas-vegetales-s-r-l-girasol.pdf
316,CIPAC-2015-137,2015,,,70,043,art_34,approved,"AGENTE DE REMESAS Y CAMBIO VIMENCA, S.A.",1-01-08899-2,"PRODUCTORA FLOR DEL SOL, S.R.L.",1-31-04651-7,,GIRASOL,2015-11-10,2015-12-09,10289146.0,10289146.0,100.0,52354582.0,39657685.0,0.8,0,,1,total_budget_approved|set_manual|null|52354582.00|Poor scan quality almost unreadable|Resolution PDF budget section|2026-08-06|JDP;;total_budget_executed|set_manual|null|39657685.00|Poor scan quality almost unreadable|Resolution PDF budget section|2026-08-06|JDP,resolucion-cipac-no-2015-137_validacion-de-inversion-agente-de-remesas-y-cambio-vimenca-s-a-girasol.pdf
317,CIPAC-2015-138,2015,,,70,043,art_34,approved,"VIMENCA, S.A.",1-01-60718-1,"PRODUCTORA FLOR DEL SOL, S.R.L.",1-31-04651-7,,GIRASOL,2015-11-10,2015-12-09,85619.0,85619.0,100.0,52354582.0,39657685.0,1.0,0,,0,,resolucion-cipac-no-2015-138_validacion-de-inversion-vimenca-s-a-girasol.pdf
318,CIPAC-2015-139,2015,,,099,071,art_34,approved,"NESTLÉ DOMINICANA, S.A.",1-01-82916-8,"NU CINEMA, S.R.L.",1-31-13114-1,,LLUVIA EN PRIMAVERA,2015-11-19,2015-12-09,4000000.0,4000000.0,100.0,17336178.2,4149463.0,0.9,0,,1,total_budget_executed|set_manual|null|4149463.00|Stamp covers budget executed paragraph|Resolution PDF budget section|2026-08-06|JDP,resolucion-cipac-no-2015-139_validacion-de-inversion-nestle-dominicana-s-a-lluvia-en-primavera.pdf
319,CIPAC-2015-140,2015,,,126,110,art_34,approved,"BANCO MÚLTIPLE ADEMI, S.A.",1-01-74527-4,"MONTRO FILMS, S.R.L.",1-31-25947-2,,TUBÉRCULO GOURMET,2015-11-30,2015-12-09,6900000.0,6900000.0,100.0,64731835.0,64283675.0,1.0,0,,0,,resolucion-cipac-no-2015-140_validacion-de-inversion-banco-multiple-ademi-s-a-tuberculo-gurmet.pdf
320,CIPAC-2015-141,2015,,,137,107,art_34,approved,"PASTEURIZADORA RICA, S.A.",1-01-00441-1,"INGENIO LATERAL, S.R.L.",1-30-96216-2,,REPÚBLICA DE COLOR,2015-12-03,2015-12-09,3000000.0,3000000.0,100.0,14874901.81,14834713.2,1.0,0,,0,,resolucion-cipac-no-2015-141_validacion-de-inversion-pausterizadora-rica-s-a-republica-de-color.pdf
321,CIPAC-2015-142,2015,,,137,107,art_34,approved,"PARALLAX VALORES PUESTO DE BOLSA, S.A.",1-01-56714-7,"INGENIO LATERAL, S.R.L.",1-30-96216-2,,REPÚBLICA DE COLOR,2015-12-03,2015-12-09,6234964.0,6234964.0,100.0,14874901.81,14834713.2,1.0,0,,0,,resolucion-cipac-no-2015-142_validacion-de-inversion-paralax-valores-puesto-de-bolsas-a-republica-de-color.pdf
322,CIPAC-2015-143,2015,,,137,107,art_34,approved,"FERTILIZANTES QUÍMICOS DOMINICANOS, S.A.",1-01-00990-1,"INGENIO LATERAL, S.R.L.",1-30-96216-2,,REPÚBLICA DE COLOR,2015-12-03,2015-12-09,3000000.0,3000000.0,100.0,14874901.81,14834713.2,1.0,0,,0,,resolucion-cipac-no-2015-143_validacion-de-inversion-fertilizantes-quimicos-dominicanos-s-a-republica-de-color.pdf
323,CIPAC-2015-144,2015,,,137,107,art_34,approved,"CENTRO CUESTA NACIONAL, S.A.S.",1-01-01992-1,"INGENIO LATERAL, S.R.L.",1-30-96216-2,,REPÚBLICA DE COLOR,2015-12-03,2015-12-09,2639937.0,2639937.0,100.0,14874901.81,14834713.2,1.0,0,,0,,resolucion-cipac-no-2015-144_validacion-de-inversion-centro-cuesta-nacional-s-a-republica-de-color.pdf
324,CIPAC-2015-145,2015,,,131,,art_39,approved,,,"FILM 004, INC",1-31-28822-7,,47 METERS DOWN,2015-11-16,2015-12-09,31528762.0,7882190.5,25.0,32505505.0,31533262.0,0.8,0,,1,validated_amount_dop|set_manual|null|31528762.00|Stamps cover PRIMERO paragraph|Resolution PDF PRIMERO section|2026-08-06|JDP;;total_budget_approved|set_manual|null|32505505.00|Stamp covers budget approval paragraph|Resolution PDF budget section|2026-08-06|JDP,resolucion-cipac-no-2015-145_validacion-de-inversion-film-004-inc-47-meters-down.pdf
325,CIPAC-2015-146,2015,,,94,066,art_34,approved,"CEMEX DOMINICANA, S.A.",1-01-00059-9,"LA BALA PRODUCTIONS, S.R.L.",1-31-03396-2,,DANNY LA BALA,2015-12-02,2015-12-09,8099901.0,8099901.0,100.0,115692500.0,94214397.32,0.9,0,,1,total_budget_executed|set_manual|null|94214397.32|Propagated from sibling resolution CIPAC-2015-147 with same film title|cipac_2015_results.json|2026-08-06|JDP,resolucion-cipac-no-2015-146_validacion-de-inversion-cemex-dominicana-s-a-danny-la-bala.pdf
326,CIPAC-2015-147,2015,,,94,066,art_34,approved,"VIAMAR, S.A.",1-01-01114-9,"LA BALA PRODUCTIONS, S.R.L.",1-31-03396-2,,DANNY LA BALA,2015-12-02,2015-12-29,10875000.0,10875000.0,100.0,115692500.0,94214397.32,1.0,0,,0,,resolucion-cipac-no-2015-147_validacion-de-inversion-viamar-s-a-danny-la-bala.pdf
327,CIPAC-2015-148,2015,,,146,121,art_34,approved,"LOTERÍA ELECTRÓNICA INTERNACIONAL DOMINICANA, S.A.",1-01-70527-2,"LUIS LA PELÍCULA, S.R.L.",1-31-28717-4,,LUIS,2015-12-04,2015-12-29,10000000.0,10000000.0,100.0,68463012.0,55353856.13,1.0,0,,0,,resolucion-cipac-no-2015-148_validacion-de-inversion-loteria-electronica-internacional-dominicana-s-a-luis.pdf
328,CIPAC-2015-149,2015,,,146,121,art_34,approved,"MEAD JOHNSON NUTRITION DOMINICANA, S.A.",1-01-02947-1,"LUIS LA PELÍCULA, S.R.L.",1-31-28717-4,,LUIS,2015-12-04,2015-12-29,10000000.0,10000000.0,100.0,68463012.0,55353856.13,1.0,0,,0,,resolucion-cipac-no-2015-149_validacion-de-inversion-mead-jhonson-nutricion-dominicana-s-a-luis.pdf
329,CIPAC-2015-150,2015,,,146,121,art_34,approved,"BANCO MÚLTIPLE ADEMI, S.A.",1-01-74527-4,"LUIS LA PELÍCULA, S.R.L.",1-31-28717-4,,LUIS,2015-12-04,2015-12-29,10000000.0,10000000.0,100.0,68463012.0,55353856.13,1.0,0,,0,,resolucion-cipac-no-2015-150_validacion-de-inversion-banco-multiple-ademi-s-a-luis.pdf
330,CIPAC-2015-151,2015,,,146,121,art_34,approved,"AES ANDRES DR, S.A.",1-31-13781-4,"LUIS LA PELÍCULA, S.R.L.",1-31-28717-4,,LUIS,2015-12-04,2015-12-29,25000000.0,25000000.0,100.0,68463012.13,55353856.13,1.0,0,,0,,resolucion-cipac-no-2015-151_validacion-de-inversion-aes-andres-dr-s-a-luis.pdf
331,CIPAC-2016-001,2016,,,135,120,art_34,approved,"GRUPO RAMOS, S.A.",1-01-79682-2,"XS FILMS, S.R.L.",1-31-28718-2,,LOS DIVORCIADOS,2015-12-11,2016-01-14,30000000.0,30000000.0,100.0,56866945.0,44923480.0,1.0,0,,0,,resolucion-cipac-no-2016-001_validacion-de-inversion-grupo-ramos-s-a-los-divorciados.pdf
332,CIPAC-2016-002,2016,,,135,120,art_34,approved,"COBINCA, S.A.",1-01-19447-2,"XS FILMS, S.R.L.",1-31-28718-2,,LOS DIVORCIADOS,2015-12-11,2016-01-14,14000000.0,14000000.0,100.0,56866945.0,44923480.0,1.0,0,,0,,resolucion-cipac-no-2016-002_validacion-de-inversion-cobinca-s-r-l-los-divorciados.pdf
333,CIPAC-2016-003,2016,,,135,120,art_34,approved,"DISASHOP DOMINICANA, S.R.L.",1-30-17301-1,"XS FILMS, S.R.L.",1-31-28718-2,,LOS DIVORCIADOS,2015-12-11,2016-01-14,900000.0,900000.0,100.0,56866945.0,44923480.0,1.0,0,,0,,resolucion-cipac-no-2016-003_validacion-de-inversion-disa-consulting-dominicana-s-r-l-los-divorciados.pdf
334,CIPAC-2016-004,2016,,,151,125,art_34,approved,"A. ALBA SÁNCHEZ & ASOCIADOS, S.A.S.",1-01-13267-1,"BONTER MEDIA, S.R.L.",1-30-94031-2,,OVNT,2015-12-16,2016-01-14,6550000.0,6550000.0,100.0,99874385.0,93558020.0,1.0,0,,0,,resolucion-cipac-no-2016-004_validacion-de-inversion-a-alba-sanchez-_-asociados-s-a-s-ovni.pdf
335,CIPAC-2016-005,2016,,,151,125,art_34,approved,"EL CATADOR, S.A.",1-01-06070-2,"BONTER MEDIA, S.R.L.",1-30-94031-2,,OVNI,2015-12-16,2016-01-14,10000000.0,10000000.0,100.0,99874385.0,93558020.0,1.0,0,,0,,resolucion-cipac-no-2016-005_validacion-de-inversion-el-catador-s-a-ovni.pdf
336,CIPAC-2016-006,2016,,,151,125,art_34,approved,"FERTILIZANTES QUÍMICOS DOMINICANOS, S.A.",1-01-00990-1,"BONTER MEDIA, S.R.L.",1-30-94031-2,,OVNI,2015-12-16,2016-01-14,15000000.0,15000000.0,100.0,99874385.0,93558020.0,1.0,0,,0,,resolucion-cipac-no-2016-006_validacion-de-inversion-fertilizantes-quimicos-dominicanos-s-a-ovni.pdf
337,CIPAC-2016-007,2016,,,151,125,art_34,approved,"INDUVECA, S.A.",1-22-01122-6,"BONTER MEDIA, S.R.L.",1-30-94031-2,,OVNI,2015-12-16,2016-01-14,35000000.0,35000000.0,100.0,99874385.0,93558020.0,1.0,0,,0,,resolucion-cipac-no-2016-007_validacion-de-inversion-induveca-s-a-ovni.pdf
338,CIPAC-2016-008,2016,,,151,125,art_34,approved,"MERCASID, S.A.",1-01-80768-7,"BONTER MEDIA, S.R.L.",1-30-94031-2,,OVNI,2015-12-16,2016-01-14,15000000.0,15000000.0,100.0,99874385.0,93558020.0,1.0,0,,0,,resolucion-cipac-no-2016-008_validacion-de-inversion-mercasid-s-a-ovni.pdf
339,CIPAC-2016-009,2016,,,151,125,art_34,approved,"PROPANO Y DERIVADOS, S.A.",1-01-03373-8,"BONTER MEDIA, S.R.L.",1-30-94031-2,,OVNI,2015-12-16,2016-01-14,10000000.0,10000000.0,100.0,99874385.0,93558020.0,1.0,0,,0,,resolucion-cipac-no-2016-009_validacion-de-inversion-propano-y-derivados-s-a-ovni.pdf
340,CIPAC-2016-010,2016,,,151,125,art_34,approved,"INVERSIONES SINNON, S.R.L.",1-30-56965-7,"BONTER MEDIA, S.R.L.",1-30-94031-2,,OVNT,2015-12-16,2016-01-14,2000000.0,2000000.0,100.0,99874385.0,93558020.0,1.0,0,,0,,resolucion-cipac-no-2016-010_validacion-de-inversion-inversiones-sinnon-s-r-l-ovni.pdf
341,CIPAC-2016-011,2016,,,165,126,art_34,approved,"TRANSBEL, S.R.L.",1-01-89378-8,"EL PAQUETE FILMS, S.R.L.",1-31-26797-1,,EL PERRO DE LA SIBERIA,2015-12-18,2016-01-14,6774000.0,6774000.0,100.0,89126398.0,6826628.0,1.0,0,,0,,resolucion-cipac-no-2016-011_validacion-de-inversion-transbel-s-a-el-perro-de-la-siberia.pdf
342,CIPAC-2016-012,2016,,,165,126,art_34,approved,"BANCO MÚLTIPLE BHD, S.A.",1-01-13679-2,"EL PAQUETE FILMS, S.R.L.",1-31-26797-1,,EL PERRO DE LA SIBERIA,2015-12-18,2016-01-14,10000000.0,10000000.0,100.0,89126398.0,16953269.0,1.0,0,,0,,resolucion-cipac-no-2016-012_validacion-de-inversion-banco-multiple-bhd-leon-s-a-el-perro-de-la-siberia.pdf
343,CIPAC-2016-013,2016,,,111,084,art_34,approved,"ALMACENES AMERICA, S.R.L.",1-01-58123-9,"CINE CARMELITA, S.R.L.",1-31-04575-8,,NANA EL DOCUMENTAL,2015-12-29,2016-01-14,1169380.0,1169380.0,100.0,3160270.0,1169380.0,1.0,0,,0,,resolucion-cipac-no-2016-013_validacion-de-inversion-almacenes-america-s-r-l-nana-el-documental.pdf
344,CIPAC-2016-014,2016,,,78,050,art_34,approved,"INDUSTRIAS NIGUA, S.A.",1-01-00485-1,"CHARANGA FILMS, S.R.L.",1-31-09155-5,,EL MAESTRO,2015-12-28,2016-01-14,2600000.0,2600000.0,100.0,30033217.62,28301237.44,1.0,0,,0,,resolucion-cipac-no-2016-014_validacion-de-inversion-industria-nigua-s-a-el-maestro.pdf
345,CIPAC-2016-015,2016,,,098,070,art_34,approved,"LA MONUMENTAL DE SEGUROS, S.A.",1-02-30854-3,"ECAH FILM, S.R.L.",1-31-14052-1,,GOLDEN BOYS,2015-12-21,2016-01-14,2500000.0,2500000.0,100.0,67798145.0,12500000.0,1.0,0,,0,,resolucion-cipac-no-2016-015_validacion-de-inversion-la-monumental-de-seguros-s-r-l-golden-boys.pdf
346,CIPAC-2016-016,2016,,,098,070,art_34,approved,"SUED & FARGESA, S.R.L.",1-01-02772-1,"ECAH FILM, S.R.L.",1-31-14052-1,,GOLDEN BOYS,2015-12-21,2016-01-14,10000000.0,10000000.0,100.0,67798145.0,12500000.0,1.0,0,,0,,resolucion-cipac-no-2016-016_validacion-de-inversion-sued-_-fargesa-s-r-l-golden-boys.pdf
347,CIPAC-2016-017,2016,,,112,085,art_34,approved,"AES ANDRES DR, S.A.",1-31-13781-4,"ART3+4 PRODUCCIONES, S.R.L.",1-31-17333-2,,LADRONES,2015-12-14,2016-01-14,20000000.0,20000000.0,100.0,133601005.0,98760539.0,1.0,0,,0,,resolucion-cipac-no-2016-017_validacion-de-inversion-aes-andres-dr-s-a-ladrones.pdf
348,CIPAC-2016-018,2016,,,112,085,art_34,approved,"SCOTIABANK REPÚBLICA DOMINICANA, S.A. BANCO MÚLTIPLE",1-01-04359-8,"ART3+4 PRODUCCIONES, S.R.L.",1-31-17333-2,,LADRONES,2015-12-14,2016-01-14,9000000.0,9000000.0,100.0,133601005.0,98760539.0,1.0,0,,0,,resolucion-cipac-no-2016-018_validacion-de-inversion-banco-dominicano-del-progreso-s-a-ladrones.pdf
349,CIPAC-2016-019,2016,,,112,085,art_34,approved,"CRISFER INMOBILIARIA, S.A.",1-30-09990-1,"ART3+4 PRODUCCIONES, S.R.L.",1-31-17333-2,,LADRONES,2015-12-14,2016-01-14,1000000.0,1000000.0,100.0,133601005.0,98760539.0,1.0,0,,0,,resolucion-cipac-no-2016-019_validacion-de-inversion-crisfer-inmobiliaria-s-a-ladrones.pdf
350,CIPAC-2016-020,2016,,,112,085,art_34,approved,"MUEBLES OMAR, S.A.",1-01-04984-7,"ART3+4 PRODUCCIONES, S.R.L.",1-31-17333-2,,LADRONES,2015-12-14,2016-01-14,4000000.0,4000000.0,100.0,133601005.0,98760539.0,1.0,0,,0,,resolucion-cipac-no-2016-020_validacion-de-inversion-muebles-omar-s-a-ladrones.pdf
351,CIPAC-2016-021,2016,,,114,088,art_34,approved,"PROPANO Y DERIVADOS, S.A.",1-01-03373-8,"TARASIOS INVESTMENTS, S.R.L.",1-30-89431-2,,MIL CORTES,2015-12-29,2016-01-14,11000000.0,11000000.0,100.0,13996682.51,11006072.87,1.0,0,,0,,resolucion-cipac-no-2016-021_validacion-de-inversion-propano-y-derivados-s-a-mil-cortes.pdf
352,CIPAC-2016-022,2016,,,161,100,art_34,approved,"ALMACENES IBERIA, S.R.L.",1-11-00047-5,"CIELO FILMS, S.R.L.",1-31-09573-9,,DESDE EL CIELO,2015-12-21,2016-01-14,5000000.0,5000000.0,100.0,29759977.28,14971925.66,1.0,0,,0,,resolucion-cipac-no-2016-022_validacion-de-inversion-almacenes-iberia-s-r-l-desde-el-cielo.pdf
353,CIPAC-2016-023,2016,,,161,100,art_34,approved,"BANCO MÚLTIPLE BHD, S.A.",1-01-13679-2,"CIELO FILMS, S.R.L.",1-31-09573-9,,DESDE EL CIELO,2015-12-21,2016-01-14,8000000.0,8000000.0,100.0,29759977.28,14971925.66,1.0,0,,0,,resolucion-cipac-no-2016-023_validacion-de-inversion-banco-multiple-bhd-leon-s-a-desde-el-cielo.pdf
354,CIPAC-2016-024,2016,,,161,100,art_34,approved,"GRUPO COMETA, S.A.S.",1-01-01943-3,"CIELO FILMS, S.R.L.",1-31-09573-9,,DESDE EL CIELO,2015-12-21,2016-01-14,1971925.34,1971925.34,100.0,29759977.28,14971925.66,1.0,0,,0,,resolucion-cipac-no-2016-024_validacion-de-inversion-grupo-cometa-s-a-s-desde-el-cielo.pdf
355,CIPAC-2016-025,2016,,,122,101,art_34,approved,"ANTILLEAN CONSTRUCTION CORPORATION, S.R.L.",1-22-02167-1,"OPERA PRIMA FILMS, S.R.L.",1-31-26115-9,,CUENTAS POR COBRAR,2015-12-29,2016-01-14,1625000.0,1625000.0,100.0,32182161.0,17593889.14,0.9,0,,1,total_budget_executed|set_manual|null|17593889.14|Stamp covers budget executed paragraph|Resolution PDF budget section|2026-08-05|JDP,resolucion-cipac-no-2016-025_validacion-de-inversion-antillean-construction-corporation-s-r-l-cuentas-por-cobrar.pdf
356,CIPAC-2016-026,2016,,,177,113,art_34,approved,"BACCESSORY IMPORT, S.R.L.",1-01-74796-1,"PILÓN PRODUCTIONS, S.R.L.",1-30-99100-6,,LUNA NEGRA,2016-01-05,2016-01-14,2000000.0,2000000.0,100.0,40761399.9,3500000.0,1.0,0,,0,,resolucion-cipac-no-2016-026_validacion-de-invesion-baccessory-import-s-r-l-luna-negra.pdf
357,CIPAC-2016-027,2016,,,177,113,art_34,approved,"SOLUCIONES AGRÍCOLAS, S.R.L.",1-01-72012-3,"PILÓN PRODUCTIONS, S.R.L.",1-30-99100-6,,LUNA NEGRA,2016-01-05,2016-01-14,700000.0,700000.0,100.0,40761399.9,3500000.0,1.0,0,,0,,resolucion-cipac-no-2016-027_validacion-de-inversion-soluciones-agricolas-s-r-l-luna-negra.pdf
358,CIPAC-2016-028,2016,,,177,113,art_34,approved,"UNIQUE REPRESENTACIONES, S.R.L.",1-01-56244-7,"PILÓN PRODUCTIONS, S.R.L.",1-30-99100-6,,LUNA NEGRA,2016-01-05,2016-01-14,800000.0,800000.0,100.0,40761399.9,3500000.0,1.0,0,,0,,resolucion-cipac-no-2016-028_validacion-de-inversion-unique-representaciones-s-r-l-luna-negra.pdf
359,CIPAC-2016-029,2016,,,140,,art_39,approved,,,"CONCÓN FILMS, S.R.L.",1-31-30310-2,,NAVIDAD EN EL CARIBE,2015-12-18,2016-01-14,39695670.4,9923917.6,25.0,48727937.0,39760484.0,1.0,0,,0,,resolucion-cipac-no-2016-029_validacion-de-inversion-wildside-s-r-l-navidad-en-el-caribe.pdf
360,CIPAC-2016-030,2016,,,146,121,art_34,approved,"CENTRO CUESTA NACIONAL, S.A.S.",1-01-01992-1,"LUIS LA PELÍCULA, S.R.L.",1-31-28717-4,,LUIS,2016-01-14,2016-01-29,8000000.0,8000000.0,100.0,68463012.0,63422210.48,1.0,0,,0,,resolucion-cipac-no-2016-030_validacion-de-inversion-centro-cuesta-nacional-s-a-s-luis.pdf
361,CIPAC-2016-031,2016,,,174,119,art_34,approved,"GRUPO COMETA, S.A.S.",1-01-01943-3,"ROJO CHINO FILMS, S.R.L.",1-31-25641-4,,QUIEN MATÓ A MANUEL?,2015-01-11,2016-01-29,2000000.0,2000000.0,100.0,50841567.0,2000000.0,1.0,0,,0,,resolucion-cipac-no-2016-031_validacion-de-inversion-grupo-cometa-s-a-s-quien-mato-a-manuel.pdf
362,CIPAC-2016-032,2016,,,103,075,art_34,approved,"IMPORTADORA LA PLAZA, S.A.S.",1-02-31855-7,"GT FILMS, S.R.L.",1-31-13489-2,,LA DIABLA EN RUEDAS,2016-01-15,2016-01-29,5000000.0,5000000.0,100.0,61109671.22,5000844.0,1.0,0,,0,,resolucion-cipac-no-2016-032_validacion-de-inversion-importadora-la-plaza-s-r-l-la-diabla-e-en-ruedas.pdf
363,CIPAC-2016-033,2016,,,138,109,art_34,approved,"GRUPO PARALLAX FINANZAS, S.A.S.",1-30-01912-6,"BUITRAGO INVESTMENT, S.R.L.",1-31-15738-6,,TODOS LOS HOMBRES SON IGUALES,2015-12-21,2016-01-29,2000000.0,2000000.0,100.0,68667675.08,68721916.0,0.9,0,,1,total_budget_executed|set_manual|null|68721916.0|Propagated from sibling resolution CIPAC-2016-034 with same film title|cipac_2016_results.json|2026-08-03|JDP,resolucion-cipac-no-2016-033_validacion-de-inversion-grupo-parallax-finanzas-s-a-s-todos-los-hombres-son-iguales.pdf
364,CIPAC-2016-034,2016,,,138,109,art_34,approved,"PACIFIC ASSETS, CORP",1-22-01963-4,"BUITRAGO INVESTMENT, S.R.L.",1-31-15738-6,,TODOS LOS HOMBRES SON IGUALES,2015-12-21,2016-01-29,2167400.0,2167400.0,100.0,68667675.08,68721916.0,1.0,0,,0,,resolucion-cipac-no-2016-034_validacion-de-inversion-pacific-assets-corp-todos-los-hombres-son-iguales.pdf
365,CIPAC-2016-035,2016,,,138,109,art_34,approved,"ADMINISTRADORA DE FONDOS DE PENSIONES SIEMBRA, S.A.",1-01-78432-6,"BUITRAGO INVESTMENT, S.R.L.",1-31-15738-6,,TODOS LOS HOMBRES SON IGUALES,2015-12-21,2016-01-29,13500000.0,13500000.0,100.0,68667675.08,68721916.0,0.9,0,,1,total_budget_executed|set_manual|null|68721916.0|Propagated from sibling resolution CIPAC-2016-033 with same film title|cipac_2016_results.json|2026-08-03|JDP,resolucion-cipac-no-2016-035_validacion-de-inversion-administradora-de-fondos-de-pensiones-siembra-s-a-todo-los-hombres-son-iguales.pdf
366,CIPAC-2016-036,2016,,,138,109,art_34,approved,"CONSTRUCTORA RIZEK & ASOCIADOS, S.R.L.",1-01-57804-1,"BUITRAGO INVESTMENT, S.R.L.",1-31-15738-6,,TODOS LOS HOMBRES SON IGUALES,2015-12-21,2016-01-29,14000000.0,14000000.0,100.0,68667675.08,68721916.0,1.0,0,,0,,resolucion-cipac-no-2016-036_validacion-de-inversion-constructora-rizek-_-asociados-s-r-l-todos-los-hombres-son-iguales.pdf
367,CIPAC-2016-037,2016,,,138,109,art_34,approved,"MAGNA, S.R.L.",1-01-07254-7,"BUITRAGO INVESTMENT, S.R.L.",1-31-15738-6,,TODOS LOS HOMBRES SON IGUALES,2015-12-21,2016-01-29,14000000.0,14000000.0,100.0,68667675.08,68721916.0,1.0,0,,0,,resolucion-cipac-no-2016-037_validacion-de-inversion-magna-s-r-l-todos-los-hombres-son-iguales.pdf
368,CIPAC-2016-038,2016,,,138,109,art_34,approved,"BANCO MÚLTIPLE SANTA CRUZ, S.A.",1-02-01292-1,"BUITRAGO INVESTMENT, S.R.L.",1-31-15738-6,,TODOS LOS HOMBRES SON IGUALES,2015-12-21,2016-01-29,5000000.0,23000000.0,100.0,68667675.08,68721916.0,1.0,0,,0,,resolucion-cipac-no-2016-038_validacion-de-inversion-banco-multiple-santa-cruz-s-a-todos-los-hombres-son-iguales.pdf
369,CIPAC-2016-039,2016,,,044,025,art_34,approved,"SERVICIOS ÁLVAREZ DE ADMINISTRACIÓN TÉCNICA, S.R.L.",1-01-13714-2,"PERSEO FILMS, S.R.L.",1-30-87441-7,,VOCES DE LA CALLE,2016-01-05,2016-01-29,460000.0,460000.0,100.0,54357360.59,37102828.0,1.0,0,,0,,resolucion-cipac-no-2016-039_validacion-de-inversion-servicios-alvarez-de-administracion-tecnica-s-r-l-voces-de-la-calle.pdf
370,CIPAC-2016-040,2016,,,044,025,art_34,approved,"COMERCIALIZADORA NACIONAL Y DE EXPORTACIÓN, S.R.L.",1-02-00184-7,"PERSEO FILMS, S.R.L.",1-30-87441-7,,VOCES DE LA CALLE,2016-01-05,2016-01-29,1800000.0,1800000.0,100.0,54357360.59,37102828.0,1.0,0,,0,,resolucion-cipac-no-2016-040_validacion-de-inversion-comercializadora-nacional-y-de-exportacion-s-r-l-voces-de-la-calle.pdf
371,CIPAC-2016-041,2016,,,044,025,art_34,approved,"LUBRICANTES DOMINICANOS, S.R.L.",1-01-05451-4,"PERSEO FILMS, S.R.L.",1-30-87441-7,,VOCES DE LA CALLE,2016-01-05,2016-01-29,9600000.0,9600000.0,100.0,54357360.59,37102828.0,1.0,0,,0,,resolucion-cipac-no-2016-041_validacion-de-inversion-lubricantes-dominicanos-s-r-l-voces-de-la-calle.pdf
372,CIPAC-2016-042,2016,,,044,025,art_34,approved,"ENVASES MUNDIAL, S.R.L.",1-01-50276-2,"PERSEO FILMS, S.R.L.",1-30-87441-7,,VOCES DE LA CALLE,2016-01-05,2016-01-29,1830000.0,1830000.0,100.0,54357360.59,37102828.0,1.0,0,,0,,resolucion-cipac-no-2016-042_validacion-de-inversion-envases-mundial-s-r-l-voces-de-la-calle.pdf
373,CIPAC-2016-043,2016,,,044,025,art_34,approved,"RAFAEL ÁLVAREZ, S.R.L.",1-02-00040-9,"PERSEO FILMS, S.R.L.",1-30-87441-7,,VOCES DE LA CALLE,2016-01-05,2016-01-29,2560000.0,2560000.0,100.0,54357360.59,37102828.0,1.0,0,,0,,resolucion-cipac-no-2016-043_validacion-de-inversion-rafael-alvarez-s-r-l-voces-de-la-calle.pdf
374,CIPAC-2016-044,2016,,,095,067,art_34,approved,"GRUPO DIARIO LIBRE, S.A.",1-01-61926-2,"ALDEA FILMS, S.R.L.",1-31-02474-2,,AZUL MAGIA,2016-01-05,2016-01-29,2500000.0,2500000.0,100.0,5289800.0,2500000.0,1.0,0,,0,,resolucion-cipac-no-2016-044_validacion-de-inversion-grupo-diario-libre-s-a-azul-magia.pdf
375,CIPAC-2016-045,2016,,,104,076,art_34,approved,"C. C. CINEMAS DISTRIBUCIÓN, S.R.L.",1-30-24304-2,"CACIQUE FILMS, S.R.L.",1-31-09766-9,,REINBOU,2016-01-07,2016-01-29,500000.0,500000.0,100.0,84036127.17,78940037.0,1.0,0,,0,,resolucion-cipac-no-2016-045_validacion-de-inversion-c-c-cinemas-distribucion-reinbou.pdf
376,CIPAC-2016-046,2016,,,104,076,art_34,approved,"ABC DISTRIBUCIÓN, S.R.L.",1-30-75931-6,"CACIQUE FILMS, S.R.L.",1-31-09766-9,,REINBOU,2016-01-07,2016-01-29,1000000.0,1000000.0,100.0,84036127.17,78940037.0,1.0,0,,0,,resolucion-cipac-no-2016-046_validacion-de-inversion-abc-distribucion-s-r-l-reinbou.pdf
377,CIPAC-2016-047,2016,,,104,076,art_34,approved,"PLAZA CENTRAL CINEMAS, S.R.L.",1-01-65198-9,"CACIQUE FILMS, S.R.L.",1-31-09766-9,,REINBOU,2016-01-07,2016-01-29,1500000.0,1500000.0,100.0,84036127.17,78940037.0,1.0,0,,0,,resolucion-cipac-no-2016-047_validacion-de-inversion-plaza-central-cinemas-s-r-l-reinbou.pdf
378,CIPAC-2016-048,2016,,,104,076,art_34,approved,"CIELOS ACÚSTICOS, S.R.L.",1-01-75637-3,"CACIQUE FILMS, S.R.L.",1-31-09766-9,,REINBOU,2016-01-07,2016-01-29,1700000.0,1700000.0,100.0,84036127.17,78940037.0,1.0,0,,0,,resolucion-cipac-no-2016-048_validacion-de-inversion-cielo-acusticos-s-r-l-reinbou.pdf
379,CIPAC-2016-049,2016,,,104,076,art_34,approved,"PRODUCTIVA, S.R.L.",1-30-44821-3,"CACIQUE FILMS, S.R.L.",1-31-09766-9,,REINBOU,2016-01-07,2016-01-29,3000000.0,3000000.0,100.0,84036127.17,78940037.0,1.0,0,,0,,resolucion-cipac-no-2016-049_validacion-de-inversion-productiva-r-s-r-l-reinbou.pdf
380,CIPAC-2016-050,2016,,,104,076,art_34,approved,"AGENCIA BELLA, S.A.S.",1-01-00023-6,"CACIQUE FILMS, S.R.L.",1-31-09766-9,,REINBOU,2016-01-07,2016-01-29,3000000.0,3000000.0,100.0,84036127.17,78940037.0,1.0,0,,0,,resolucion-cipac-no-2016-050_validacion-de-inversion-agencia-bella-s-a-s-reinbou.pdf
381,CIPAC-2016-051,2016,,,104,076,art_34,approved,"NESTLÉ DOMINICANA, S.A.",1-01-82916-8,"CACIQUE FILMS, S.R.L.",1-31-09766-9,,REINBOU,2016-01-07,2016-01-29,6000000.0,6000000.0,100.0,84036127.17,78940037.0,1.0,0,,0,,resolucion-cipac-no-2016-051_validacion-de-inversion-nestle-dominicana-s-a-reinbou.pdf
382,CIPAC-2016-052,2016,,,104,076,art_34,approved,"CENTRO CUESTA NACIONAL, S.A.S.",1-01-01992-1,"CACIQUE FILMS, S.R.L.",1-31-09766-9,,REINBOU,2016-01-07,2016-01-29,8000000.0,8000000.0,100.0,84036127.17,78940037.0,1.0,0,,0,,resolucion-cipac-no-2016-052_validacion-de-inversion-centro-cuesta-nacional-s-a-s-reinbou.pdf
383,CIPAC-2016-053,2016,,,104,076,art_34,approved,"INDUVECA, S.A.",1-22-01122-6,"CACIQUE FILMS, S.R.L.",1-31-09766-9,,REINBOU,2016-01-07,2016-01-29,10000000.0,10000000.0,100.0,84036127.17,78940037.0,1.0,0,,0,,resolucion-cipac-no-2016-053_validacion-de-inversion-induveca-s-a-reinbou.pdf
384,CIPAC-2016-054,2016,,,104,076,art_34,approved,"SANTO DOMINGO MOTORS COMPANY, S.A.",1-01-00806-7,"CACIQUE FILMS, S.R.L.",1-31-09766-9,,REINBOU,2016-01-07,2016-01-29,10000000.0,10000000.0,100.0,84036127.17,78940037.0,1.0,0,,0,,resolucion-cipac-no-2016-054_validacion-de-inversion-santo-domingo-motors-company-s-a-reinbou.pdf
385,CIPAC-2016-055,2016,,,104,076,art_34,approved,"LETERAGO, S.R.L.",1-01-01357-5,"CACIQUE FILMS, S.R.L.",1-31-09766-9,,REINBOU,2016-01-07,2016-01-29,10000000.0,10000000.0,100.0,84036127.17,78940037.0,1.0,0,,0,,resolucion-cipac-no-2016-055_validacion-de-inversion-leterago-s-r-l-reinbou.pdf
386,CIPAC-2016-056,2016,,,104,076,art_34,approved,"COSANCA, S.A.S.",1-01-02235-3,"CACIQUE FILMS, S.R.L.",1-31-09766-9,,REINBOU,2016-01-07,2016-01-29,11000000.0,11000000.0,100.0,84036127.17,78940037.0,1.0,0,,0,,resolucion-cipac-no-2016-056_validacion-de-inversion-cosanca-s-a-s-reinbou.pdf
387,CIPAC-2016-057,2016,,,037,021,art_34,approved,"CORPORACIÓN ENERGÉTICA TURÍSTICA JUANILLO, S.A.",1-30-38577-7,"CATASTRÓPICO, S.R.L.",1-30-96403-3,,CATASTRÓPICO,2016-01-05,2016-01-29,2520000.0,2520000.0,100.0,98098454.5,59955954.0,1.0,0,,0,,resolucion-cipac-no-2016-057_validacion-de-inversion-cap-cana-caribe-s-a-catastropico.pdf
388,CIPAC-2016-058,2016,,,037,021,art_34,approved,"CONSORCIO REMIX, S.A.",1-01-59313-1,"CATASTRÓPICO, S.R.L.",1-30-96403-3,,CATASTRÓPICO,2016-01-05,2016-01-29,4525000.0,4525000.0,100.0,98098454.5,59955954.0,1.0,0,,0,,resolucion-cipac-no-2016-058_validacion-de-inversion-consorcio-remix-s-a-castatropico.pdf
389,CIPAC-2016-059,2016,,,037,021,art_34,approved,"H Y L, S.A.",1-01-14869-1,"CATASTRÓPICO, S.R.L.",1-30-96403-3,,CATASTRÓPICO,2016-01-05,2016-01-29,4560000.0,4560000.0,100.0,98098454.5,59955954.0,1.0,0,,0,,resolucion-cipac-no-2016-059_validacion-de-inversion-h-y-l-s-a-castatropico.pdf
390,CIPAC-2016-060,2016,,,037,021,art_34,approved,"DOMICEM, S.A.",1-01-81679-1,"CATASTRÓPICO, S.R.L.",1-30-96403-3,,CATASTRÓPICO,2016-01-05,2016-01-29,9084000.0,9084000.0,100.0,98098454.5,59955954.0,1.0,0,,0,,resolucion-cipac-no-2016-060_validacion-de-inversion-domicem-s-a-castatropico.pdf
391,CIPAC-2016-061,2016,,,037,021,art_34,approved,"PLAZA LAMA, S.A.",1-01-17111-1,"CATASTRÓPICO, S.R.L.",1-30-96403-3,,CATASTRÓPICO,2016-01-05,2016-01-29,10000000.0,10000000.0,100.0,98098454.5,59955954.0,1.0,0,,0,,resolucion-cipac-no-2016-061_validacion-de-inversion-plaza-lama-s-a-castatropico.pdf
392,CIPAC-2016-062,2016,,,037,021,art_34,approved,"BANCO MÚLTIPLE ADEMI, S.A.",1-01-74527-4,"CATASTRÓPICO, S.R.L.",1-30-96403-3,,CATASTRÓPICO,2016-01-05,2016-01-29,11325000.0,11325000.0,100.0,98098454.5,59955954.0,1.0,0,,0,,resolucion-cipac-no-2016-062_validacion-de-inversion-banco-multiple-ademi-s-a-castatropico.pdf
393,CIPAC-2016-063,2016,,,176,127,art_34,approved,"CEMENTOS PROGRESO DOMINICANA, S.A.",1-11-00059-9,"EZTIA BUSINESS CONNECTIONS, S.R.L.",1-31-23308-2,,EL PRESIDENTE Y LA CAMARERA,2016-01-08,2016-02-04,4911244.65,4911244.65,100.0,51869362.0,4911244.65,1.0,0,,0,,resolucion-cipac-no-2016-063_validacion-de-inversin-cemex-dominicana-s-a-el-presidente-y-la-camarera.pdf
394,CIPAC-2016-064,2016,,,147,116,art_34,approved,"DOPERCO, S.R.L.",1-01-61456-2,"EZARO FILMS, S.R.L.",1-31-13483-1,,SOL Y LUNA,2016-01-12,2016-02-04,953653.22,953653.22,100.0,78290431.68,20967408.22,1.0,0,,0,,resolucion-cipac-no-2016-064_validacion-de-inversion-doperco-s-r-l-sol-y-luna.pdf
395,CIPAC-2016-065,2016,,,147,116,art_34,approved,"LOTERÍA ELECTRÓNICA INTERNACIONAL DOMINICANA, S.A.",1-01-70527-2,"EZARO FILMS, S.R.L.",1-31-13483-1,,SOL Y LUNA,2016-01-12,2016-02-04,20000000.0,20000000.0,100.0,78290431.68,20967408.22,1.0,0,,0,,resolucion-cipac-no-2016-065_validacion-de-inversion-dominicana-s-a-sol-y-luna.pdf
396,CIPAC-2016-066,2016,,,113,087,art_34,approved,"BANCO MÚLTIPLE BHD, S.A.",1-01-13679-2,"ERIZO FILMS, S.R.L.",1-31-10479-7,,FLOR DE AZÚCAR,2016-01-08,2016-02-04,8000000.0,8000000.0,100.0,59068968.0,37510567.65,1.0,0,,0,,resolucion-cipac-no-2016-066_validacion-de-inversion-banco-multiple-bhd-leon-s-a-flor-de-azucar.pdf
397,CIPAC-2016-067,2016,,,113,087,art_34,approved,"GRUPO CAROL, S.A.S.",1-01-87186-5,"ERIZO FILMS, S.R.L.",1-31-10479-7,,FLOR DE AZÚCAR,2016-01-08,2016-02-04,4976258.0,4976258.0,100.0,59068968.0,37510567.65,1.0,0,,0,,resolucion-cipac-no-2016-067_validacion-de-inversion-grupo-carol-s-a-s-flor-de-azucar.pdf
398,CIPAC-2016-068,2016,,,78,050,art_34,approved,"HOYO CLARO DEVELOPING GROUP, INC",1-30-58771-1,"CHARANGA FILMS, S.R.L.",1-31-09155-5,,EL MAESTRO,2016-01-28,2016-02-04,2400000.0,2400000.0,100.0,30033217.62,30962818.8,1.0,0,,0,,resolucion-cipac-no-2016-068_validacion-de-inversion-hoyo-claro-developing-grup-inc-el-maestro.pdf
399,CIPAC-2016-069,2016,,,090,062,art_34,approved,"AEROPUERTO INTERNACIONAL DEL CIBAO, S.A.",1-02-61324-9,"TRES OJOS DE AGUA, S.R.L.",1-31-09910-6,,HISTORIA DE LOS 6 EQUIPOS DE BÉISBOL DE LA R.D.,2016-01-18,2016-02-10,6973899.74,6973899.74,100.0,31619265.3,7000000.0,1.0,0,,0,,resolucion-cipac-no-2016-069_validacion-de-inversion-aeropuerto-internacional-del-cibao-s-a-historia-de-los-6-equipos-de-beisbol-de-la-r-d.pdf
400,CIPAC-2016-070,2016,,,152,124,art_34,approved,"BIT DOMINICANA, S.R.L.",1-01-81302-4,"LILO PRODUCTIONS, S.R.L.",1-31-27882-5,,EL PODER DE LAS TINIEBLAS,2016-01-12,2016-02-10,200000.0,200000.0,100.0,92170361.0,60636324.93,1.0,0,,0,,resolucion-cipac-no-2016-070_validacion-de-inversion-bit-dominicana-s-r-l-el-poder-de-las-tinieblas.pdf
401,CIPAC-2016-071,2016,,,152,124,art_34,approved,"GASEODUCTO VIRTUAL, S.R.L.",1-30-65883-8,"LILO PRODUCTIONS, S.R.L.",1-31-27882-5,,EL PODER DE LAS TINIEBLAS,2016-01-12,2016-02-10,250000.0,250000.0,100.0,92170361.0,60636324.93,0.9,0,,1,total_budget_executed|set_manual|null|59765255.0|Propagated from sibling resolution CIPAC-2016-070 with same film title|cipac_2016_results.json|2026-08-03|JDP,resolucion-cipac-no-2016-071_validacion-de-inversion-gaseoducto-virtual-s-r-l-el-poder-de-las-tiniebla.pdf
402,CIPAC-2016-072,2016,,,152,124,art_34,approved,"TRANSPORTE RANNIK, S.A.S.",1-01-51078-1,"LILO PRODUCTIONS, S.R.L.",1-31-27882-5,,EL PODER DE LAS TINIEBLAS,2016-01-12,2016-02-10,300000.0,300000.0,100.0,92170361.0,60636324.93,1.0,0,,0,,resolucion-cipac-no-2016-072_validacion-de-inversion-transporte-b_r-s-a-s-el-poder-de-las-tinieblas.pdf
403,CIPAC-2016-073,2016,,,152,124,art_34,approved,"OPERACIONES PORTUARIAS, S.A.S.",1-01-06363-7,"LILO PRODUCTIONS, S.R.L.",1-31-27882-5,,EL PODER DE LAS TINIEBLAS,2016-01-12,2016-02-10,300000.0,300000.0,100.0,92170361.0,60636324.93,1.0,0,,0,,resolucion-cipac-no-2016-073_validacion-de-inversion-operaciones-portuaria-s-a-s-el-poder-de-las-tinieblas.pdf
404,CIPAC-2016-074,2016,,,152,124,art_34,approved,"PRADOS DEL CAMPO, S.R.L.",1-30-15118-2,"LILO PRODUCTIONS, S.R.L.",1-31-27882-5,,EL PODER DE LAS TINIEBLAS,2016-01-12,2016-02-10,345000.0,345000.0,100.0,92170361.0,60636324.93,1.0,0,,0,,resolucion-cipac-no-2016-074_validacion-de-inversion-prados-del-campo-s-a-l-el-poder-de-las-tinieblas.pdf
405,CIPAC-2016-075,2016,,,152,124,art_34,approved,"POINT TELEMATIC TRACKING SYSTEM, S.R.L.",1-30-19155-7,"LILO PRODUCTIONS, S.R.L.",1-31-27882-5,,EL PODER DE LAS TINIEBLAS,2016-01-12,2016-02-10,400000.0,400000.0,100.0,92170361.0,60636324.93,0.9,0,,1,total_budget_executed|set_manual|null|59765255.0|Propagated from sibling resolution CIPAC-2016-070 with same film title|cipac_2016_results.json|2026-08-03|JDP,resolucion-cipac-no-2016-075_validacion-de-inversion-point-telematic-tracking-system-s-a-el-poder-de-las-tinieblas.pdf
406,CIPAC-2016-076,2016,,,152,124,art_34,approved,"SECURITY FORCE, S.R.L.",1-24-00915-4,"LILO PRODUCTIONS, S.R.L.",1-31-27882-5,,EL PODER DE LAS TINIEBLAS,2016-01-12,2016-02-10,600000.0,600000.0,100.0,92170361.0,60636324.93,1.0,0,,0,,resolucion-cipac-no-2016-076_validacion-de-inversion-securiy-force-s-r-l-el-poder-de-las-tinieblas.pdf
407,CIPAC-2016-077,2016,,,152,124,art_34,approved,"COBB CARIBE, S.A.",1-09-02371-8,"LILO PRODUCTIONS, S.R.L.",1-31-27882-5,,EL PODER DE LAS TINIEBLAS,2016-01-12,2016-02-10,750000.0,750000.0,100.0,92170361.0,60636324.93,0.9,0,,1,total_budget_executed|set_manual|null|60636324.93|Propagated from sibling resolution CIPAC-2016-070 with same film title|cipac_2016_results.json|2026-08-03|JDP,resolucion-cipac-no-2016-077_validacion-de-inversion-cobb-caribe-s-a-el-poder-de-las-tinieblas.pdf
408,CIPAC-2016-078,2016,,,152,124,art_34,approved,"AGENCIAS NAVIERAS RANNIK, S.A.S.",1-01-01473-3,"LILO PRODUCTIONS, S.R.L.",1-31-27882-5,,EL PODER DE LAS TINIEBLAS,2016-01-12,2016-02-10,1000000.0,1000000.0,100.0,92170361.0,60636324.93,0.9,0,,1,total_budget_executed|set_manual|null|60636324.93|Propagated from sibling resolution CIPAC-2016-070 with same film title|cipac_2016_results.json|2026-08-03|JDP,resolucion-cipac-no-2016-078_validacion-de-inversion-agencias-navieras-b_r-s-a-s-el-poder-de-las-tinieblas.pdf
409,CIPAC-2016-079,2016,,,152,124,art_34,approved,"UNITRADE, S.R.L.",1-01-56691-4,"LILO PRODUCTIONS, S.R.L.",1-31-27882-5,,EL PODER DE LAS TINIEBLAS,2016-01-12,2016-02-10,1000000.0,1000000.0,100.0,92170361.0,60636324.93,1.0,0,,0,,resolucion-cipac-no-2016-079_validacion-de-inversion-unitrade-s-r-l-el-poder-de-las-tinieblas.pdf
410,CIPAC-2016-080,2016,,,152,124,art_34,approved,"ECO PETRÓLEO DOMINICANA, S.A.",1-30-71483-5,"LILO PRODUCTIONS, S.R.L.",1-31-27882-5,,EL PODER DE LAS TINIEBLAS,2016-01-12,2016-02-10,1500000.0,1500000.0,100.0,92170361.0,60636324.93,1.0,0,,0,,resolucion-cipac-no-2016-080_validacion-de-inversion-eco-petroleo-dominicana-s-a-el-poder-de-las-tinieblas.pdf
411,CIPAC-2016-081,2016,,,152,124,art_34,approved,"E.T. HEINSEN, S.A.S.",1-05-00013-1,"LILO PRODUCTIONS, S.R.L.",1-31-27882-5,,EL PODER DE LAS TINIEBLAS,2016-01-12,2016-02-10,1800000.0,1800000.0,100.0,92170361.0,60636324.93,0.9,0,,1,total_budget_executed|set_manual|null|60636324.93|Propagated from sibling resolution CIPAC-2016-070 with same film title|cipac_2016_results.json|2026-08-03|JDP,resolucion-cipac-no-2016-081_validacion-de-inversion-e-t-heinsen-s-a-s-el-poder-de-las-tinieblas.pdf
412,CIPAC-2016-082,2016,,,152,124,art_34,approved,"ARS MONUMENTAL, S.A.",1-30-05800-8,"LILO PRODUCTIONS, S.R.L.",1-31-27882-5,,EL PODER DE LAS TINIEBLAS,2016-01-12,2016-02-10,2500000.0,2500000.0,100.0,92170361.0,60636324.93,1.0,0,,0,,resolucion-cipac-no-2016-082_validacion-de-inversion-ars-monumental-s-a-el-poder-de-las-tinieblas.pdf
413,CIPAC-2016-083,2016,,,152,124,art_34,approved,"CECOMSA, S.R.L.",1-02-31616-3,"LILO PRODUCTIONS, S.R.L.",1-31-27882-5,,EL PODER DE LAS TINIEBLAS,2016-01-12,2016-02-10,1920255.0,1920255.0,100.0,92170361.0,60636324.93,0.9,0,,1,total_budget_executed|set_manual|null|60636324.93|Propagated from sibling resolution CIPAC-2016-070 with same film title|cipac_2016_results.json|2026-08-03|JDP,resolucion-cipac-no-2016-083_validacion-de-inversion-centro-especializado-de-computacion-s-r-l-el-poder-de-las-tinieblas.pdf
414,CIPAC-2016-084,2016,,,152,124,art_34,approved,"CEMENTOS PROGRESO DOMINICANA, S.A.",1-11-00059-9,"LILO PRODUCTIONS, S.R.L.",1-31-27882-5,,EL PODER DE LAS TINIEBLAS,2016-01-12,2016-02-10,4000000.0,4000000.0,100.0,92170361.0,60636324.93,0.9,0,,1,total_budget_executed|set_manual|null|60636324.93|Propagated from sibling resolution CIPAC-2016-070 with same film title|cipac_2016_results.json|2026-08-03|JDP,resolucion-cipac-no-2016-084_validacion-de-inversion-cemex-dominicana-s-a-el-poder-de-las-tinieblas.pdf
415,CIPAC-2016-085,2016,,,152,124,art_34,approved,"EQUIPOS & CONSTRUCCIONES DEL CIBAO, S.R.L.",1-02-33399-8,"LILO PRODUCTIONS, S.R.L.",1-31-27882-5,,EL PODER DE LAS TINIEBLAS,2016-01-12,2016-02-10,4000000.0,4000000.0,100.0,92170361.0,60636324.93,0.9,0,,1,total_budget_executed|set_manual|null|60636324.93|Propagated from sibling resolution CIPAC-2016-070 with same film title|cipac_2016_results.json|2026-08-03|JDP,resolucion-cipac-no-2016-085_validacion-inversion-equipo-y-construcciones-del-cibao-s-r-l-el-poder-de-las-tinieblas.pdf
416,CIPAC-2016-086,2016,,,152,124,art_34,approved,"CONSORCIO DE TARJETAS DOMINICANAS, S.A.",1-01-65432-5,"LILO PRODUCTIONS, S.R.L.",1-31-27882-5,,EL PODER DE LAS TINIEBLAS,2016-01-12,2016-02-10,4400000.0,4400000.0,100.0,92170361.0,60636324.93,0.9,0,,1,total_budget_executed|set_manual|null|60636324.93|Propagated from sibling resolution CIPAC-2016-070 with same film title|cipac_2016_results.json|2026-08-03|JDP,resolucion-cipac-no-2016-086_validacion-de-inversion-consorcio-de-tarjetas-dominicanas-s-a-el-poder-de-las-tinieblas.pdf
417,CIPAC-2016-087,2016,,,152,124,art_34,approved,"BELLÓN, S.A.S.",1-02-00062-1,"LILO PRODUCTIONS, S.R.L.",1-31-27882-5,,EL PODER DE LAS TINIEBLAS,2016-01-12,2016-02-10,4500000.0,4500000.0,100.0,92170361.0,60636324.93,0.9,0,,1,investor_rnc|set_manual|null|1-02-00062-1|OCR read — 1-02-00062-1 instead of RNC|Resolution PDF header p.1|2026-08-05|JDP,resolucion-cipac-no-2016-087_validacion-de-inversion-bellon-s-a-el-poder-de-las-tinieblas.pdf
418,CIPAC-2016-088,2016,,,152,124,art_34,approved,"AEROPUERTO INTERNACIONAL DEL CIBAO, S. A.",1-02-61324-9,"LILO PRODUCTIONS, S.R.L.",1-31-27882-5,,EL PODER DE LAS TINIEBLAS,2016-01-12,2016-02-10,5000000.09,5000000.0,100.0,92170361.0,60636324.93,0.8,0,,1,total_budget_executed|set_manual|null|60636324.93|Propagated from sibling resolution CIPAC-2016-070 with same film title|cipac_2016_results.json|2026-08-03|JDP;;request_date|set_manual|null|2016-01-12|OCR did not capture Solicitud de fecha line|Resolution PDF VISTOS section item 1|2026-08-05|JDP,resolucion-cipac-no-2016-088_validacion-de-inversion-aeropuerto-internacional-del-cibao-s-a-el-poder-de-las-tinieblas.pdf
419,CIPAC-2016-089,2016,,,152,124,art_34,approved,"LA ANTILLANA COMERCIAL, S.A.",1-01-00566-1,"LILO PRODUCTIONS, S.R.L.",1-31-27882-5,,EL PODER DE LAS TINIEBLAS,2016-01-12,2016-02-10,5000000.0,5000000.0,100.0,92170361.0,60636324.93,1.0,0,,0,,resolucion-cipac-no-2016-089_validacion-de-inversion-la-antillana-comercial-s-a-el-poder-de-las-tinieblas.pdf
420,CIPAC-2016-090,2016,,,152,124,art_34,approved,"BANCO MÚLTIPLE BHD, S.A.",1-01-13679-2,"LILO PRODUCTIONS, S.R.L.",1-31-27882-5,,EL PODER DE LAS TINIEBLAS,2016-01-12,2016-02-10,20000000.0,20000000.0,100.0,92170361.0,60636324.93,0.9,0,,1,total_budget_executed|set_manual|null|60636324.93|Propagated from sibling resolution CIPAC-2016-070 with same film title|cipac_2016_results.json|2026-08-03|JDP,resolucion-cipac-no-2016-090_validacion-de-inversion-banco-multiple-bhd-leon-s-a-el-podre-de-las-tinieblas.pdf
421,CIPAC-2016-091,2016,,,149,106,art_34,approved,"CENTRO CUESTA NACIONAL, S.A.S.",1-01-01992-1,"ALDEA FILMS, S.R.L.",1-31-02474-2,,DOS POLICIAS EN APUROS,2016-01-22,2016-02-10,5000000.0,5000000.0,100.0,61782674.78,54015895.31,1.0,0,,0,,resolucion-cipac-no-2016-091_validacion-de-inversion-centro-cuesta-nacional-s-a-s-dos-policias-en-apuros.pdf
422,CIPAC-2016-092,2016,,,149,106,art_34,approved,"CINEMA CENTRO DOMINICANO, S.R.L.",1-01-04088-2,"ALDEA FILMS, S.R.L.",1-31-02474-2,,DOS POLICIAS EN APUROS,2016-01-22,2016-02-10,1000000.0,1000000.0,100.0,61782674.78,54015895.31,1.0,0,,0,,resolucion-cipac-no-2016-092_validacion-de-inversion-cinema-centro-dominicano-s-r-l-dos-policias-en-apuros.pdf
423,CIPAC-2016-093,2016,,,149,106,art_34,approved,"CINEMA CENTRO DE SANTIAGO, S.R.L.",1-01-55942-1,"ALDEA FILMS, S.R.L.",1-31-02474-2,,DOS POLICIAS EN APUROS,2016-01-22,2016-02-10,1000000.0,1000000.0,100.0,61782674.78,54015895.31,1.0,0,,0,,resolucion-cipac-no-2016-093_validacion-de-inversion-cinema-centro-santiago-s-r-l-dos-policias-en-apuros.pdf
424,CIPAC-2016-094,2016,,,149,106,art_34,approved,"CONSORCIO ENERGÉTICO PUNTA CANA MACAO, S.A.",1-01-58340-1,"ALDEA FILMS, S.R.L.",1-31-02474-2,,DOS POLICIAS EN APUROS,2016-01-22,2016-02-10,13500000.0,13500000.0,100.0,61782674.78,54015895.31,1.0,0,,0,,resolucion-cipac-no-2016-094_validacion-de-inversion-consorcio-energetico-punta-cana-macao-s-a-dos-policias-en-apuros.pdf
425,CIPAC-2016-095,2016,,,149,106,art_34,approved,"CORPORACIÓN AEROPORTUARIA DEL ESTE, S.A.S.",1-01-09214-9,"ALDEA FILMS, S.R.L.",1-31-02474-2,,DOS POLICIAS EN APUROS,2016-01-22,2016-02-10,20000000.0,20000000.0,100.0,61782674.78,54015895.31,1.0,0,,0,,resolucion-cipac-no-2016-095_validacion-de-inversion-corporacion-aeroportuaria-del-este-s-a-s-dos-policias-en-apuros.pdf
426,CIPAC-2016-096,2016,,,149,106,art_34,approved,"FERRETERÍA Y MADERAS BEATO, S.A.",1-01-87406-6,"ALDEA FILMS, S.R.L.",1-31-02474-2,,DOS POLICIAS EN APUROS,2016-01-22,2016-02-10,500000.0,500000.0,100.0,61782674.78,54015895.31,1.0,0,,0,,resolucion-cipac-no-2016-096_validacion-de-inversion-ferreteria-_-maderas-beato-s-a-dos-policias-en-apuros.pdf
427,CIPAC-2016-097,2016,,,149,106,art_34,approved,"CINEMAS GALERÍA 360, S.R.L.",1-30-69967-4,"ALDEA FILMS, S.R.L.",1-31-02474-2,,DOS POLICIAS EN APUROS,2016-01-22,2016-02-10,500000.0,500000.0,100.0,61782674.78,54015895.31,1.0,0,,0,,resolucion-cipac-no-2016-097_validacion-de-inversion-cinema-galeria-360-s-r-l-dos-policias-en-apuros.pdf
428,CIPAC-2016-098,2016,,,149,106,art_34,approved,"GRUPO COMETA, S.A.S.",1-01-01943-3,"ALDEA FILMS, S.R.L.",1-31-02474-2,,DOS POLICIAS EN APUROS,2016-01-22,2016-02-10,1079895.11,1079895.11,100.0,61782674.78,54015895.31,1.0,0,,0,,resolucion-cipac-no-2016-098_validacion-de-inversion-grupo-cometa-s-a-s-dos-policias-en-apuros.pdf
429,CIPAC-2016-099,2016,,,149,106,art_34,approved,"INDUSTRIAS NIGUA, S.A.",1-01-00485-1,"ALDEA FILMS, S.R.L.",1-31-02474-2,,DOS POLICIAS EN APUROS,2016-01-22,2016-02-10,3000000.0,3000000.0,100.0,61782674.78,54015895.31,0.9,0,,1,cpnd_number|set_manual|null|106|OCR noise around CPND number in resolution text|Resolution PDF VISTOS section|2026-08-05|JDP,resolucion-cipac-no-2016-099_validacion-de-inversion-industrias-nigua-s-a-dos-policias-en-apuros.pdf
430,CIPAC-2016-100,2016,,,149,106,art_34,approved,"LEASING DE LA HISPANIOLA, S.A.",1-01-83973-2,"ALDEA FILMS, S.R.L.",1-31-02474-2,,DOS POLICIAS EN APUROS,2016-01-22,2016-02-10,1000000.0,1000000.0,100.0,61782674.78,54015895.31,1.0,0,,0,,resolucion-cipac-no-2016-100_validacion-de-inversion-leasing-de-la-hispaniola-s-r-l-dos-policias-en-apuros.pdf
431,CIPAC-2016-101,2016,,,149,106,art_34,approved,"PARTNERS OGILVY & MATHER MERCADO INTEGRADO, S.R.L.",1-01-63293-3,"ALDEA FILMS, S.R.L.",1-31-02474-2,,DOS POLICIAS EN APUROS,2016-01-22,2016-02-10,1500000.0,1500000.0,100.0,61782674.78,54015895.31,1.0,0,,0,,resolucion-cipac-no-2016-101_validacion-de-inversion-partners-ogilvy-_-mather-mercado-integrado-s-r-l-dos-policias-en-apuros.pdf
432,CIPAC-2016-102,2016,,,149,106,art_34,approved,"PLAZA CENTRAL CINEMAS, S.R.L.",1-01-65198-9,"ALDEA FILMS, S.R.L.",1-31-02474-2,,DOS POLICIAS EN APUROS,2016-01-22,2016-02-10,1000000.0,1000000.0,100.0,61782674.78,54015895.31,1.0,0,,0,,resolucion-cipac-no-2016-102_validacion-de-inversion-plaza-central-cinemas-s-r-l-dos-policias-en-apuros.pdf
433,CIPAC-2016-103,2016,,,149,106,art_34,approved,"CARIBBEAN FILMS DISTRIBUTION R&L, S.R.L.",1-30-34513-9,"ALDEA FILMS, S.R.L.",1-31-02474-2,,DOS POLICIAS EN APUROS,2016-01-22,2016-02-10,1500000.0,1500000.0,100.0,61782674.78,54015895.31,1.0,0,,0,,resolucion-cipac-no-2016-103_validacion-de-inversion-caribbean-films-distribucion-r_l-s-r-l-dos-policias-en-apuros.pdf
434,CIPAC-2016-104,2016,,,149,106,art_34,approved,"CONSORCIO DE TARJETAS DOMINICANAS, S.A.",1-01-65432-5,"ALDEA FILMS, S.R.L.",1-31-02474-2,,DOS POLICIAS EN APUROS,2016-01-22,2016-02-10,1500000.0,1500000.0,100.0,61782674.78,54015895.31,0.8,0,,1,total_budget_executed|set_manual|null|54015895.31|Propagated from sibling resolution CIPAC-2016-091 with same film title|cipac_2016_results.json|2026-08-03|JDP;;total_budget_approved|set_manual|null|61782674.78|Stamp covers budget approval paragraph|Resolution PDF budget section|2026-08-05|JDP,resolucion-cipac-no-2016-104_validacion-de-inversion-consorcio-de-tarjetas-dominicanas-s-a-dos-policias-en-apuros.pdf
435,CIPAC-2016-105,2016,,,149,106,art_34,approved,"LEASING AUTOMOTRIZ DEL SUR, S.R.L.",1-01-59128-5,"ALDEA FILMS, S.R.L.",1-31-02474-2,,DOS POLICIAS EN APUROS,2016-01-22,2016-02-10,1143000.0,1143000.0,100.0,61782674.78,54015895.31,1.0,0,,0,,resolucion-cipac-no-2016-105_validacion-de-inversion-leasing-automotriz-del-sur-s-r-l-dos-policias-en-apuros.pdf
436,CIPAC-2016-106,2016,,,104,076,art_34,approved,"AGENCIA BELLA, S.A.S.",1-01-00023-6,"CACIQUE FILMS, S.R.L.",1-31-09766-9,,REINBOU,2016-02-12,2016-03-02,1000000.0,1000000.0,100.0,84036127.17,79940037.0,1.0,0,,0,,resolucion-cipac-no-2016-106_validacion-de-inversion-agencia-bella-s-a-s-reinbou.pdf
437,CIPAC-2016-107,2016,,,118,094,art_34,approved,"ADMINISTRADORA DE FONDOS DE PENSIONES POPULAR, S.A.",1-01-76868-1,"URBANO FILMS, S.R.L.",1-31-20545-3,,GUERREROS DE LA VIDA,2016-01-12,2016-03-02,30000000.0,30000000.0,100.0,50187398.62,45717913.99,1.0,0,,0,,resolucion-cipac-no-2016-107_validacion-de-inversion-administradora-de-fondos-de-pensiones-popular-s-a-guerrero-de-vida.pdf
438,CIPAC-2016-108,2016,,,118,094,art_34,approved,"PARALLAX VALORES PUESTO DE BOLSA, S.A.",1-01-56714-7,"URBANO FILMS, S.R.L.",1-31-20545-3,,GUERREROS DE LA VIDA,2016-01-12,2016-03-02,3000000.0,3000000.0,100.0,50187398.62,45717913.99,1.0,0,,0,,resolucion-cipac-no-2016-108_validacion-de-inversion-paralax-valores-puesto-de-bolsa-s-a-guerreo-de-vida.pdf
439,CIPAC-2016-109,2016,,,118,094,art_34,approved,"PARALLAX FACTORING, S.A.",1-01-88881-4,"URBANO FILMS, S.R.L.",1-31-20545-3,,GUERREROS DE LA VIDA,2016-01-12,2016-03-02,4000000.0,4000000.0,100.0,50187398.62,45717913.99,1.0,0,,0,,resolucion-cipac-no-2016-109_validacion-de-inversion-parallax-factoring-s-a-guerrero-de-vida.pdf
440,CIPAC-2016-110,2016,,,118,094,art_34,approved,"CEVALDOM, S.A.",1-30-03478-8,"URBANO FILMS, S.R.L.",1-31-20545-3,,GUERREROS DE LA VIDA,2016-01-12,2016-03-04,5000000.0,5000000.0,100.0,50187398.62,45717913.99,1.0,0,,0,,resolucion-cipac-no-2016-110_validacion-de-inversion-cevaldom-deposito-centralizado-de-valores-s-a-guerrero-de-vida.pdf
441,CIPAC-2016-111,2016,,,118,094,art_34,approved,"STACKHOUSE INVESTMENTS, S.R.L.",1-31-27844-2,"URBANO FILMS, S.R.L.",1-31-20545-3,,GUERREROS DE LA VIDA,2016-01-12,2016-03-02,52855.77,52855.77,100.0,50187398.62,45717913.99,1.0,0,,0,,resolucion-cipac-no-2016-111_validacion-de-inversion-stackhouse-investments-s-r-l-guerreros-de-vida.pdf
442,CIPAC-2016-112,2016,,,118,094,art_34,approved,"GOLDUST INVESTMENTS, S.R.L.",1-31-26955-9,"URBANO FILMS, S.R.L.",1-31-20545-3,,GUERREROS DE LA VIDA,2016-01-12,2016-03-02,52855.77,52855.77,100.0,50187398.62,45717913.99,1.0,0,,0,,resolucion-cipac-no-2016-112_validacion-de-inversion-goldust-investiments-s-r-l-guerreros-de-vida.pdf
443,CIPAC-2016-113,2016,,,118,094,art_34,approved,"EDGEHILL CAPITAL, S.R.L.",1-31-27913-9,"URBANO FILMS, S.R.L.",1-31-20545-3,,GUERREROS DE LA VIDA,2016-01-12,2016-03-02,52855.77,52855.77,100.0,50187398.62,45717913.99,1.0,0,,0,,resolucion-cipac-no-2016-113_validacion-de-inversion-edgehill-capital-s-r-l-guerrero-de-vida.pdf
444,CIPAC-2016-114,2016,,,118,094,art_34,approved,"CENTRALIA CORPORATION, S.R.L.",1-31-26954-2,"URBANO FILMS, S.R.L.",1-31-20545-3,,GUERREROS DE LA VIDA,2016-01-12,2016-03-02,52855.77,52855.77,100.0,50187398.62,45717913.99,1.0,0,,0,,resolucion-cipac-no-2016-114_validacion-de-inversion-centralia-corporation-s-r-l-guerrero-de-vida.pdf
445,CIPAC-2016-115,2016,,,077,135,art_34,approved,"BRAVO, S.A.",1-01-60246-5,"LIBÉLULA FILMS, S.R.L.",1-31-28932-2,,TEO Y EL SOL,2016-02-15,2016-04-13,34469854.0,34469854.0,100.0,58118630.0,35052053.93,1.0,0,,0,,resolucion-cipac-no-2016-115_validacion-de-inversion-bravo-s-a-teo-y-el-sol.pdf
446,CIPAC-2016-116,2016,,,070,043,art_34,approved,"AGENTE DE REMESAS Y CAMBIO VIMENCA, S.A.",1-01-08899-2,"PRODUCTORA FLOR DEL SOL, S.R.L.",1-31-04651-7,,GIRASOL,2016-03-08,2016-05-05,7499420.0,7499420.0,100.0,52354582.0,49989673.0,1.0,0,,0,,resolucion-cipac-no-2016-116_validacion-de-inversion-agente-de-remesas-y-cambio-vimenca-s-a-girasol.pdf
447,CIPAC-2016-117,2016,,,070,043,art_34,approved,"INMOBILIARIA VIMENCA, S.A.",1-01-04349-2,"PRODUCTORA FLOR DEL SOL, S.R.L.",1-31-04651-7,,GIRASOL,2016-03-08,2016-05-05,2630070.0,2630070.0,100.0,52354582.0,49989673.0,1.0,0,,0,,resolucion-cipac-no-2016-117_validacion-de-inversion-inmobiliaria-vimenca-s-a-girasol.pdf
448,CIPAC-2016-118,2016,,,070,043,art_34,approved,"PROTEÍNAS VEGETALES, S.R.L.",1-01-07290-3,"PRODUCTORA FLOR DEL SOL, S.R.L.",1-31-04651-7,,GIRASOL,2016-03-08,2016-05-05,202500.0,202500.0,100.0,52354582.0,49989673.0,1.0,0,,0,,resolucion-cipac-no-2016-118_validacion-de-inversion-proteinas-vegetales-s-r-l-girasol.pdf
449,CIPAC-2016-119,2016,,,177,113,art_34,approved,"CONSTRUCTORA DEL PAÍS, S.R.L.",1-02-30847-2,"PILÓN PRODUCTIONS, S.R.L.",1-30-99100-6,,LUNA NEGRA,2016-03-31,2016-05-05,4745000.0,4745000.0,100.0,40761399.0,8500000.0,1.0,0,,0,,resolucion-cipac-no-2016-119_validacion-de-inversion-constructora-del-pais-s-r-l-luna-negra.pdf
450,CIPAC-2016-121,2016,,,142,122,art_34,approved,"BANCO MÚLTIPLE ADEMI, S.A.",1-01-74527-4,"PELÍCULAS HECHAS A MANO, S.R.L.",1-31-29543-6,,Y A DIOS QUE ME PERDONE,2016-06-08,2016-06-23,9744898.1,9744898.1,100.0,49161391.4,47044898.09,1.0,0,,0,,resolucion-cipac-no-2016-121_validacion-de-inversion-banco-multiple-ademi-s-a-y-a-dios-que-me-perdone.pdf
451,CIPAC-2016-122,2016,,,171,137,art_34,approved,"BANCO MÚLTIPLE BDI, S.A.",1-01-04029-7,"GUASÁBARA CINE, S.R.L.",1-31-00880-1,,COCOTE,2016-06-08,2016-06-23,5000000.0,5000000.0,100.0,25185569.0,12465464.36,1.0,0,,0,,resolucion-cipac-no-2016-122_validacion-de-inversion-banco-multiple-bdi-s-a-cocote.pdf
452,CIPAC-2016-123,2016,,,171,137,art_34,approved,"BANCO DE AHORRO Y CRÉDITO ADOPEM, S.A.",1-03-00310-9,"GUASÁBARA CINE, S.R.L.",1-31-00880-1,,COCOTE,2016-06-08,2016-06-23,2965000.0,2965000.0,100.0,25185569.0,12465464.36,1.0,0,,0,,resolucion-cipac-no-2016-123_validacion-de-inversion-banco-de-ahorro-y-credito-adopem-s-a-cocote.pdf
453,CIPAC-2016-125,2016,,,095,067,art_34,approved,"CASA PACO, S.A.",1-01-19151-1,"ALDEA FILMS, S.R.L.",1-31-02474-2,,AZUL MAGIA,2016-07-07,2016-07-28,2700000.0,2700000.0,100.0,5289800.0,19763718.0,0.9,0,,1,investor_rnc|set_manual|null|1-01-19151-1|OCR read 1-0-1-19151-1 instead of RNC|Resolution PDF header p.1|2026-07-16|JDP,resolucion-cipac-no-2016-125_validacion-de-inversion-casa-paco-s-a-azul-magia.pdf
454,CIPAC-2016-126,2016,,,192,063,art_34,approved,"CORPORACIÓN AEROPORTUARIA DEL ESTE, S.A.S.",1-01-09214-9,"XEPINON INVESTMENT, S.R.L.",1-31-38635-2,,EL ENCUENTRO,2016-06-27,2016-07-28,56508983.0,56508983.0,100.0,59728417.0,56538483.0,0.8,0,,1,investor_rnc|set_manual|null|1-01-09214-9|OCR read 1-0109214-9 instead of RNC|Resolution PDF header p.1|2026-08-05|JDP;;cpnd_number|set_manual|null|063|Stamp covers CPND number in document|Resolution PDF VISTOS section|2026-08-05|JDP,resolucion-cipac-no-2016-126_validacion-de-inversion-corporacion-aeroportuaria-del-este-s-a-s-el-encuentro.pdf
455,CIPAC-2016-127,2016,,,194,144,art_34,approved,"A.V. BLANDINO & CIA, S.A.",1-01-00015-5,"GRUPO TRUKEMER, S.R.L.",1-31-08399-4,,EL CARPINTERO,2016-06-13,2016-07-28,2000000.0,2000000.0,100.0,16652453.0,16652453.0,0.9,0,,1,total_budget_executed|set_manual|null|16652453.0|Propagated from sibling resolution CIPAC-2016-128 with same film title|cipac_2016_results.json|2026-08-03|JDP,resolucion-cipac-no-2016-127_validacion-de-inversion-a-v-blandino-_-cia-s-a-el-carpintero.pdf
456,CIPAC-2016-128,2016,,,194,144,art_34,approved,"CASA PACO, S.A.",1-01-19151-1,"GRUPO TRUKEMER, S.R.L.",1-31-08399-4,,EL CARPINTERO,2016-07-05,2016-07-28,2300000.0,2300000.0,100.0,16652453.0,16652453.0,1.0,0,,0,,resolucion-cipac-no-2016-128_validacion-de-inversion-casa-paco-s-a-el-carpintero.pdf
457,CIPAC-2016-129,2016,,,194,144,art_34,approved,"GRUPO COMETA, S.A.S.",1-01-01943-3,"GRUPO TRUKEMER, S.R.L.",1-31-08399-4,,EL CARPINTERO,2016-07-05,2016-07-28,2000000.0,2000000.0,100.0,16652453.0,16652453.0,1.0,0,,0,,resolucion-cipac-no-2016-129_validacion-de-inversion-grupo-cometa-s-a-s-el-carpintero.pdf
458,CIPAC-2016-130,2016,,,194,144,art_34,approved,"JARABA IMPORT, S.A.",1-01-64289-2,"GRUPO TRUKEMER, S.R.L.",1-31-08399-4,,EL CARPINTERO,2016-07-05,2016-07-28,2000000.0,2000000.0,100.0,16652453.0,16652453.0,1.0,0,,0,,resolucion-cipac-no-2016-130_validacion-de-inversion-jaraba-import-s-a-el-carpintero.pdf
459,CIPAC-2016-131,2016,,,194,144,art_34,approved,"LETERAGO, S.R.L.",1-01-01357-5,"GRUPO TRUKEMER, S.R.L.",1-31-08399-4,,EL CARPINTERO,2016-07-05,2016-07-28,4000000.0,4000000.0,100.0,16652453.0,16652453.0,1.0,0,,0,,resolucion-cipac-no-2016-131_validacion-de-inversion-leterago-s-r-l-el-carpintero.pdf
460,CIPAC-2016-132,2016,,,194,144,art_34,approved,"MELCON INVERSIONES & CONTRUCCIONES, S.R.L.",1-30-27527-2,"GRUPO TRUKEMER, S.R.L.",1-31-08399-4,,EL CARPINTERO,2016-07-05,2016-07-28,1500000.0,1500000.0,100.0,16652453.0,16652453.0,0.9,0,,1,total_budget_executed|set_manual|null|16652453.0|Propagated from sibling resolution CIPAC-2016-127 with same film title|cipac_2016_results.json|2026-08-03|JDP,resolucion-cipac-no-2016-132_validacion-de-inversion-melcon-inversiones-_-contrucciones-s-r-l-el-carpintero.pdf
461,CIPAC-2016-133,2016,,,204,130,art_34,approved,"MARÍTIMA DOMINICANA, S.A.S.",1-01-02960-9,"DUHO CINEMA, S.R.L.",1-31-29320-4,,UN 4TO. DE JOSUE,2016-08-03,2016-08-11,9908082.0,9908082.0,100.0,26408648.0,9908082.0,1.0,0,,0,,resolucion-cipac-no-2016-133_validacion-de-inversion-maritima-dominicana-s-a-s-un-4to-de-josue.pdf
462,CIPAC-2016-134,2016,,,165,126,art_34,approved,"CERVECERÍA NACIONAL DOMINICANA, S.A.",1-01-00372-3,"EL PAQUETE FILMS, S.R.L.",1-31-26797-1,,EL PERRO DE LA SIBERIA,2016-07-27,2016-11-03,38000000.0,38000000.0,100.0,89426398.0,80847516.0,1.0,0,,0,,resolucion-cipac-no-2016-134_validacion-de-inversion-cerveceria-nacional-dominicana-s-a-el-perro-de-la-siberia.pdf
463,CIPAC-2016-135,2016,,,165,126,art_34,approved,"CINEMAS GALERÍA 360, S.R.L.",1-30-69967-4,"EL PAQUETE FILMS, S.R.L.",1-31-26797-1,,EL PERRO DE LA SIBERIA,2016-07-25,2016-11-03,500000.0,500000.0,100.0,89426398.0,80847516.0,1.0,0,,0,,resolucion-cipac-no-2016-135_validacion-de-inversion-cinemas-galeria-360-s-r-l-el-perro-de-la-siberia.pdf
464,CIPAC-2016-136,2016,,,165,126,art_34,approved,"GERDAU METALDOM, S.A.",1-01-00484-3,"EL PAQUETE FILMS, S.R.L.",1-31-26797-1,,EL PERRO DE LA SIBERIA,2016-07-25,2016-11-03,13500000.0,13500000.0,100.0,89426398.0,80847516.0,1.0,0,,0,,resolucion-cipac-no-2016-136_validacion-de-inversion-gerdau-metaldom-s-a-el-perro-de-la-siberia.pdf
465,CIPAC-2016-137,2016,,,165,126,art_34,approved,"PLAZA CENTRAL CINEMAS, S.R.L.",1-01-65198-9,"EL PAQUETE FILMS, S.R.L.",1-31-26797-1,,EL PERRO DE LA SIBERIA,2016-07-25,2016-11-03,2000000.0,2000000.0,100.0,89426398.0,80847516.0,1.0,0,,0,,resolucion-cipac-no-2016-137_validacion-de-inversion-plaza-central-cinemas-s-r-l-el-perro-de-la-siberia.pdf
466,CIPAC-2016-138,2016,,,165,126,art_34,approved,"VIAMAR, S.A.",1-01-01114-9,"EL PAQUETE FILMS, S.R.L.",1-31-26797-1,,EL PERRO DE LA SIBERIA,2016-08-26,2016-11-03,7800000.0,7800000.0,100.0,89426398.0,80847516.0,1.0,0,,0,,resolucion-cipac-no-2016-138_validacion-de-inversion-viamar-s-a-el-perro-de-la-siberia.pdf
467,CIPAC-2016-139,2016,,,165,126,art_34,approved,"CINEMA CENTRO DOMINICANO, S.R.L.",1-01-04088-2,"EL PAQUETE FILMS, S.R.L.",1-31-26797-1,,EL PERRO DE LA SIBERIA,2016-07-25,2016-11-03,500000.0,500000.0,100.0,89426398.0,80847516.0,1.0,0,,0,,resolucion-cipac-no-2016-139_validacion-de-inversion-cinema-centro-dominicano-s-r-l-el-perro-de-la-siberia.pdf
468,CIPAC-2016-140,2016,,,165,126,art_34,approved,"CINEMA CENTRO DE SANTIAGO, S.R.L.",1-01-55942-1,"EL PAQUETE FILMS, S.R.L.",1-31-26797-1,,EL PERRO DE LA SIBERIA,2016-07-25,2016-11-03,1000000.0,1000000.0,100.0,89426398.0,80847516.0,1.0,0,,0,,resolucion-cipac-no-2016-140_validacion-de-inversion-cinema-centro-de-santiago-s-r-l-el-perro-de-la-siberia.pdf
469,CIPAC-2016-141,2016,,,098,070,art_34,approved,"BANCO BACC DE AHORRO Y CRÉDITO DEL CARIBE, S.A.",1-01-13879-3,"ECAH FILM, S.R.L.",1-31-14052-1,,GOLDEN BOYS,2016-08-11,2016-11-03,8215000.0,8215000.0,100.0,67798145.0,55767550.0,0.8,0,,1,"validated_amount_dop|set_manual|null|8215000.00|OCR read FD$8,215,000.00|Resolution PDF PRIMERO section|2026-08-05|JDP;;tax_credit_dop|set_manual|null|8215000.00|Art.34 tax credit equals validated amount|Resolution PDF SEGUNDO section|2026-08-05|JDP",resolucion-cipac-no-2016-141_validacion-de-inversion-banco-de-ahorro-y-credito-del-caribe-s-a-golden-boys.pdf
470,CIPAC-2016-142,2016,,,098,070,art_34,approved,"CERVECERÍA NACIONAL DOMINICANA, S.A.",1-01-00372-3,"ECAH FILM, S.R.L.",1-31-14052-1,,GOLDEN BOYS,2016-08-11,2016-11-03,30000000.0,30000000.0,100.0,67798145.0,55767550.0,1.0,0,,1,,resolucion-cipac-no-2016-142_validacion-de-inversion-cerveceria-nacional-dominicana-s-a-golden-boys.pdf
471,CIPAC-2016-143,2016,,,098,070,art_34,approved,"CONSORCIO ENERGÉTICO PUNTA CANA MACAO, S.A.",1-01-58340-1,"ECAH FILM, S.R.L.",1-31-14052-1,,GOLDEN BOYS,2016-08-11,2016-11-03,5000000.0,5000000.0,100.0,67798145.0,55767550.0,0.9,0,,1,request_date|set_manual|null|2016-08-11|OCR did not capture Solicitud de fecha line|Resolution PDF VISTOS section item 1|2026-08-05|JDP,resolucion-cipac-no-2016-143_validacion-de-inversion-consorcio-energetico-punta-cana-macao-s-a-golden-boys.pdf
472,CIPAC-2016-144,2016,,,135,120,art_34,approved,"GRUPO RAMOS, S.A.",1-01-79682-2,"XS FILMS, S.R.L.",1-31-28718-2,,LOS DIVORCIADOS (PA' QUE ME CASE?),2016-08-26,2016-11-03,5000000.0,5000000.0,100.0,56866945.0,50092874.0,0.8,0,,1,total_budget_approved|set_manual|null|56866945.00|Poor scan quality almost unreadable|Resolution PDF budget section|2026-08-05|JDP;;total_budget_executed|set_manual|null|50092874.00|Poor scan quality almost unreadable|Resolution PDF budget section|2026-08-05|JDP,resolucion-cipac-no-2016-144_validacion-de-inversion-grupo-ramos-s-a-los-divorciados-pa-que-me-case.pdf
473,CIPAC-2016-145,2016,,,215,155,art_34,approved,"QUALA DOMINICANA, S.A.",1-01-74167-8,"LA CHIVA FILMS, S.R.L.",1-31-42299-3,,TUBÉRCULO PRESIDENTE,2016-08-16,2016-11-03,7000000.0,7000000.0,100.0,89201075.0,10312171.0,1.0,0,,0,,resolucion-cipac-no-2016-145_validacion-de-inversion-quala-dominicana-s-a-tuberculo-presidente.pdf
474,CIPAC-2016-146,2016,,,215,155,art_34,approved,"LABORATORIOS KEY, S.R.L.",1-01-00132-1,"LA CHIVA FILMS, S.R.L.",1-31-42299-3,,TUBÉRCULO PRESIDENTE,2016-08-16,2016-11-03,3000000.0,3000000.0,100.0,89201075.0,10312171.0,1.0,0,,0,,resolucion-cipac-no-2016-146_validacion-de-inversion-laboratorios-key-s-r-l-tuberculo-presidente.pdf
475,CIPAC-2016-147,2016,,,218,139,art_34,approved,"BANCO MÚLTIPLE ADEMI, S.A.",1-01-74527-4,"METRO FILMS, S.R.L.",1-30-97291-5,,LA TRAGEDIA DE RIO VERDE,2016-10-05,2016-11-03,7000000.0,7000000.0,100.0,49554153.0,31999465.02,1.0,0,,0,,resolucion-cipac-no-2016-147_validacion-de-inversion-banco-multiple-ademi-s-a-la-tragedia-del-rio-verde.pdf
476,CIPAC-2016-148,2016,,,218,139,art_34,approved,"AEROPUERTO INTERNACIONAL DEL CIBAO, S.A.",1-02-61324-9,"METRO FILMS, S.R.L.",1-30-97291-5,,LA TRAGEDIA DE RIO VERDE,2016-10-05,2016-11-03,4999185.28,4999185.28,100.0,49554153.0,31999465.02,1.0,0,,0,,resolucion-cipac-no-2016-148_validacion-de-inversion-aeropuerto-internacional-del-cibao-s-a-la-tragedia-del-rio-verde.pdf
477,CIPAC-2016-149,2016,,,218,139,art_34,approved,"BANCO MÚLTIPLE BHD, S.A.",1-01-13679-2,"METRO FILMS, S.R.L.",1-30-97291-5,,LA TRAGEDIA DE RIO VERDE,2016-10-05,2016-11-03,20000000.0,20000000.0,100.0,49554153.0,31999465.02,1.0,0,,0,,resolucion-cipac-no-2016-149_validacion-de-inversion-banco-multiple-bhd-leon-s-a-la-tragedia-del-rio-verde.pdf
478,CIPAC-2016-150,2016,,,206,153,art_34,approved,"BANCO MÚLTIPLE ADEMI, S.A.",1-01-74527-4,"VIEWFINDER, S.R.L.",1-30-94190-4,,AGUJERO NEGRO,2016-10-11,2016-11-03,9945520.0,9945520.0,100.0,23906729.45,10000000.0,1.0,0,,0,,resolucion-cipac-no-2016-150_validacion-de-inversion-banco-multiple-ademis-s-a-agujero-negro.pdf
479,CIPAC-2016-151,2016,,,164,134,art_34,approved,"HENLA, S.A.",1-01-84490-6,"ART3+4 PRODUCCIONES, S.R.L.",1-31-17333-2,,CINDERELLO,2016-10-18,2016-11-03,7000000.0,7000000.0,100.0,131703377.0,39947086.0,1.0,0,,0,,resolucion-cipac-no-2016-151_validacion-de-inversion-henlas-a-cindirello.pdf
480,CIPAC-2016-152,2016,,,037,021,art_34,approved,"TERMOPAC INDUSTRIAL, S.A.",1-01-06471-4,"CATASTRÓPICO, S.R.L.",1-30-96403-3,,CATASTRÓPICO,2016-10-20,2016-11-03,13866539.0,13866539.0,100.0,98098454.5,13866539.0,1.0,0,,1,,resolucion-cipac-no-2016-152_validacion-de-inversion-termopac-industrial-s-a-catastropico.pdf
481,CIPAC-2016-153,2016,,,150,123,art_34,approved,"BANCO MÚLTIPLE BHD, S.A.",1-01-13679-2,"CÓDIGO TRES FILMS, S.R.L.",1-31-04798-1,,LA OTRA PENÉLOPE,2016-09-19,2016-11-03,15000000.0,15000000.0,100.0,51997247.82,38699631.8,1.0,0,,0,,resolucion-cipac-no-2016-153_validacion-de-inversion-banco-multiple-bhd-leon-s-a-la-otra-penelope.pdf
482,CIPAC-2016-154,2016,,,150,123,art_34,approved,"INDUSTRIAS NIGUA, S.A.",1-01-00485-1,"CÓDIGO TRES FILMS, S.R.L.",1-31-04798-1,,LA OTRA PENÉLOPE,2016-09-19,2016-11-03,4500000.0,4500000.0,100.0,51997247.82,38699631.8,0.9,0,,1,total_budget_executed|set_manual|null|38699631.8|Propagated from sibling resolution CIPAC-2016-153 with same film title|cipac_2016_results.json|2026-08-03|JDP,resolucion-cipac-no-2016-154_validacion-de-inversion-industrias-nigua-s-a-la-otra-penelope.pdf
483,CIPAC-2016-155,2016,,,150,123,art_34,approved,"BANCO MÚLTIPLE ADEMI, S.A.",1-01-74527-4,"CÓDIGO TRES FILMS, S.R.L.",1-31-04798-1,,LA OTRA PENELOPE,2016-09-19,2016-11-03,8610000.0,8610000.0,100.0,51997247.82,38699631.8,1.0,0,,0,,resolucion-cipac-no-2016-155_validacion-de-inversion-banco-multiple-ademi-s-a-la-otra-penelope.pdf
484,CIPAC-2016-156,2016,,,207,145,art_34,approved,"CÉSAR IGLESIAS, S.A.",1-01-01938-7,"AG FILMS, S.R.L.",1-31-17818-9,,EN TU PIEL,2016-10-06,2016-11-03,25826699.51,25826699.51,100.0,55501474.0,35818889.55,1.0,0,,0,,resolucion-cipac-no-2016-156_validacion-de-inversion-cesar-iglesias-s-a-en-tu-piel.pdf
485,CIPAC-2016-157,2016,,,207,145,art_34,approved,"LA COLONIAL, S.A. - COMPANÍA DE SEGUROS",1-01-03122-2,"AG FILMS, S.R.L.",1-31-17818-9,,EN TU PIEL,2016-10-06,2016-11-03,4974845.77,4974845.77,100.0,55501474.0,35818889.55,0.7,0,,1,total_budget_executed|set_manual|null|35818889.55|Propagated from sibling resolution CIPAC-2016-156 with same film title|cipac_2016_results.json|2026-08-03|JDP;;request_date|set_manual|null|2016-10-06|OCR did not capture Solicitud de fecha line|Resolution PDF VISTOS section item 1|2026-08-05|JDP;;total_budget_approved|set_manual|null|55501474.00|Stamp covers budget approval paragraph|Resolution PDF budget section|2026-08-05|JDP,resolucion-cipac-no-2016-157_validacion-de-inversion-la-colonial-s-a-en-tu-piel.pdf
486,CIPAC-2016-158,2016,,,207,145,art_34,approved,"SANUT DOMINICANA, S.A.S.",1-02-33461-7,"AG FILMS, S.R.L.",1-31-17818-9,,EN TU PIEL,2016-10-06,2016-11-03,4974845.77,4974845.77,100.0,55501474.0,35818889.55,1.0,0,,0,,resolucion-cipac-no-2016-158_validacion-de-inversion-sanut-dominicana-s-a-s-en-tu-piel.pdf
487,CIPAC-2016-159,2016,,,203,149,art_34,approved,"BANCO DE AHORRO Y CRÉDITO ADOPEM, S.A.",1-03-00310-9,"BATÚ FILMS, S.R.L.",1-31-11476-8,,LAS SIETE MUERTES,2016-09-29,2016-11-03,9999609.22,9999609.22,100.0,132750762.0,16998063.16,0.9,0,,1,total_budget_executed|set_manual|null|16998063.16|Propagated from sibling resolution CIPAC-2016-160 with same film title|cipac_2016_results.json|2026-08-03|JDP,resolucion-cipac-no-2016-159_validacion-de-inversion-banco-de-ahorro-y-credito-adopem-s-a-las-siete-muertes.pdf
488,CIPAC-2016-160,2016,,,203,149,art_34,approved,"DIRECCIÓN ÓPTIMA DE MEDIOS, S.R.L.",1-30-67809-1,"BATÚ FILMS, S.R.L.",1-31-11476-8,,LAS SIETE MUERTES,2016-09-29,2016-11-03,1999069.43,1999069.43,100.0,132750762.0,16998063.16,1.0,0,,0,,resolucion-cipac-no-2016-160_validacion-de-inversion-direccion-optima-de-medios-s-r-l-las-siete-muertes.pdf
489,CIPAC-2016-161,2016,,,203,149,art_34,approved,"NORTONESKI DEVELOPMENT OFFICE, S.R.L.",1-30-26556-9,"BATÚ FILMS, S.R.L.",1-31-11476-8,,LAS SIETE MUERTES,2016-09-29,2016-11-03,1999348.47,1999348.47,100.0,132750762.0,16998063.16,1.0,0,,0,,resolucion-cipac-no-2016-161_validacion-de-inversion-nortoneski-development-office-s-r-l-las-siete-muertes.pdf
490,CIPAC-2016-162,2016,,,203,149,art_34,approved,"OMD DOMINICANA, S.R.L.",1-01-84339-1,"BATÚ FILMS, S.R.L.",1-31-11476-8,,LAS SIETE MUERTES,2016-09-29,2016-11-03,3000000.0,3000000.0,100.0,132750762.0,16998063.16,1.0,0,,0,,resolucion-cipac-no-2016-162_validacion-de-inversion-omd-dominicana-s-r-l-las-siete-muertes.pdf
491,CIPAC-2016-163,2016,,,211,128,art_34,rejected,"CORPORACIÓN AEROPORTUARIA DEL ESTE, S.A.S.",1-01-09214-9,"AUDIOVISUAL DOMINICANA ADFG, S.R.L.",1-30-95307-4,,EXPEDICIÓN GLORIOSA,2016-08-30,2016-11-03,10000000.0,,100.0,15126839.0,,0.8,0,,1,resolution_type|correct_value|approved|rejected|Stamps cover PRIMERO paragraph with RECHAZAR text|Resolution PDF PRIMERO section|2026-08-05|JDP;;investor_rnc|set_manual|null|1-01-09214-9|OCR read 1-0109214-9 missing hyphen in RNC format|Resolution PDF header p.1|2026-08-05|JDP,resolucion-cipac-no-2016-163_validacion-de-inversion-corporacion-aeroportuaria-del-este-s-a-s-expedicion-gloriosa.pdf
492,CIPAC-2016-164,2016,,,170,135,art_34,approved,"MEJÍA ARCALÁ, S.R.L.",1-01-00022-8,"LIBÉLULA FILMS, S.R.L.",1-31-28932-2,,TEO Y EL SOL,2016-11-16,2016-12-01,1500000.0,1500000.0,100.0,58118630.0,35557021.87,1.0,0,,0,,resolucion-cipac-no-2016-164_validacion-de-inversion-mejia-arcala-s-r-l-teo-y-el-sol.pdf
493,CIPAC-2016-165,2016,,,149,106,art_34,approved,"CORPORACIÓN AEROPORTUARIA DEL ESTE, S.A.S.",1-01-09214-9,"ALDEA FILMS, S.R.L.",1-31-02474-2,,DOS POLICÍAS EN APUROS,2016-11-08,2016-12-01,5200000.0,5200000.0,100.0,61782674.78,59215895.31,1.0,0,,0,,resolucion-cipac-no-2016-165_validacion-de-inversion-coorporacion-aeroportuaria-del-este-s-a-s-dos-policias-en-apuros.pdf
494,CIPAC-2016-166,2016,,,177,113,art_34,approved,"BANCO DE AHORRO Y CRÉDITO ADOPEM, S.A.",1-03-00310-9,"PILÓN PRODUCTIONS, S.R.L.",1-30-99100-6,,LUNA NEGRA,2016-10-27,2016-12-01,3540000.0,3540000.0,100.0,40761399.0,16040808.36,1.0,0,,0,,resolucion-cipac-no-2016-166_validacion-de-inversion-banco-de-ahorro-y-credito-adopem-s-a-luna-negra.pdf
495,CIPAC-2016-167,2016,,,177,113,art_34,approved,"BACCESSORY IMPORT, S.R.L.",1-01-74796-1,"PILÓN PRODUCTIONS, S.R.L.",1-30-99100-6,,LUNA NEGRA,2016-10-27,2016-12-01,1924400.0,1924400.0,100.0,40761399.0,16040808.36,1.0,0,,0,,resolucion-cipac-no-2016-167_validacion-de-inversion-baccessory-import-s-r-l-luna-negra.pdf
496,CIPAC-2016-168,2016,,,177,113,art_34,approved,"DISEÑOS MECÁNICOS Y SANITARIOS, S.R.L.",1-01-05551-2,"PILÓN PRODUCTIONS, S.R.L.",1-30-99100-6,,LUNA NEGRA,2016-10-27,2016-12-01,1870852.94,1870852.94,100.0,40761399.0,16040808.36,1.0,0,,0,,resolucion-cipac-no-2016-168_validacion-de-inversion-disenos-mecanicos-y-sanitarios-s-r-l-luna-negra.pdf
497,CIPAC-2016-169,2016,,,150,123,art_34,approved,"BANCO MÚLTIPLE ADEMI, S.A.",1-01-74527-4,"CÓDIGO TRES FILMS, S.R.L.",1-31-04798-1,,LA OTRA PENELOPE,2016-09-19,2016-12-01,9200000.0,590000.0,100.0,51997247.82,38699631.8,1.0,0,,0,,resolucion-cipac-no-2016-169_validacion-de-inversion-banco-multiple-ademi-s-a-la-otra-penelope.pdf
498,CIPAC-2016-170,2016,,,150,123,art_34,approved,"SERVICOLT, S.A.",1-01-02666-9,"CÓDIGO TRES FILMS, S.R.L.",1-31-04798-1,,LA OTRA PENELOPE,2016-11-13,2016-12-01,977250.49,977250.49,100.0,51997247.82,38699631.8,0.9,0,,1,request_date|set_manual|null|2016-11-13|OCR did not capture Solicitud de fecha line|Resolution PDF VISTOS section item 1|2026-08-05|JDP,resolucion-cipac-no-2016-170_validacion-de-inversion-servicolt-s-r-l-la-otra-penelope.pdf
499,CIPAC-2016-171,2016,,,204,130,art_34,approved,"E.T. EQUIPOS Y TRANSPORTES, S.A.S.",1-01-59507-8,"DUHO CINEMA, S.R.L.",1-31-29320-4,,UN 4TO. DE JOSUÉ,2016-11-16,2016-12-15,4500914.0,4464392.0,100.0,26408648.0,14372474.0,0.9,0,,1,total_budget_executed|set_manual|null|14372474.00|Stamp covers budget executed paragraph|Resolution PDF budget section|2026-08-05|JDP,resolucion-cipac-no-2016-171_validacion-de-inversion-e-t-equipos-y-transporte-s-a-s-un-4to-de-josue.pdf
500,CIPAC-2016-172,2016,,,222,156,art_34,approved,"BRAVO, S.A.",1-01-60246-5,"ATAWALLPA FILMS, S.R.L.",1-31-39629-1,,THE BIBLE PROJECT,2016-11-22,2016-12-15,6269405.0,6269405.0,100.0,8862844.0,6269405.0,1.0,0,,0,,resolucion-cipac-no-2016-172_validacion-de-inversion-bravo-s-a-the-bible-project.pdf
501,CIPAC-2016-173,2016,,,171,137,art_34,approved,"MOTOR CRÉDITO, S.A. (BANCO DE AHORRO Y CRÉDITO)",1-01-02828-9,"GUASÁBARA CINE, S.R.L.",1-31-00880-1,,COCOTE,2016-12-15,2016-12-15,2000000.0,2000000.0,100.0,18768930.0,11215464.36,0.9,0,,1,request_date|set_manual|null|2016-12-15|OCR did not capture Solicitud de fecha line|Resolution PDF VISTOS section item 1|2026-08-05|JDP,resolucion-cipac-no-2016-173_validacion-de-inversion-motor-credito-s-a-banco-de-ahorro-y-credito-cocote.pdf
502,CIPAC-2016-174,2016,,,171,137,art_34,approved,"PARALLAX VALORES PUESTO DE BOLSA, S.A.",1-01-56714-7,"GUASÁBARA CINE, S.R.L.",1-31-00880-1,,COCOTE,2016-12-15,2016-12-15,1250000.0,1250000.0,100.0,18768930.0,11215464.36,0.9,0,,1,request_date|set_manual|null|2016-12-15|OCR did not capture Solicitud de fecha line|Resolution PDF VISTOS section item 1|2026-08-05|JDP,resolucion-cipac-no-2016-174_validacion-de-inversion-parallax-valores-puesto-de-bolsa-s-a-cocote.pdf
503,CIPAC-2016-175,2016,,,203,149,art_34,approved,"TRANSBEL, S.R.L.",1-01-89378-8,"BATÚ FILMS, S.R.L.",1-31-11476-8,,LAS SIETE MUERTES,2016-11-22,2016-12-15,9161601.42,9161601.42,100.0,132750762.0,26198063.16,1.0,0,,0,,resolucion-cipac-no-2016-175_validacion-de-inversion-transbel-s-r-l-las-siete-muertes.pdf
504,CIPAC-2016-176,2016,,,231,164,art_34,approved,"GRUPO COMETA, S.A.S.",1-01-01943-3,"REMEDIO FILMS, S.R.L.",1-31-12165-9,,MAÑANA NO TE OLVIDES,2016-12-05,2016-12-15,2500000.0,2500000.0,100.0,58684529.84,17850175.85,1.0,0,,0,,resolucion-cipac-no-2016-176_validacion-de-inversion-grupo-cometa-s-a-s-manana-no-te-olvides.pdf
505,CIPAC-2016-177,2016,,,281,164,art_34,approved,"INVERSIONES IDF, S.A.",1-30-99775-6,"REMEDIO FILMS, S.R.L.",1-31-12165-9,,MAÑANA NO TE OLVIDES,2016-12-05,2016-12-15,350000.0,350000.0,100.0,58684529.84,17850175.85,1.0,0,,0,,resolucion-cipac-no-2016-177_validacion-de-inversion-inversiones-idf-s-a-manana-no-te-olvides.pdf
506,CIPAC-2016-178,2016,,,231,164,art_34,approved,"BANCO MÚLTIPLE BHD, S.A.",1-01-13679-2,"REMEDIO FILMS, S.R.L.",1-31-12165-9,,MAÑANA NO TE OLVIDES,2016-12-15,2016-12-15,5000000.0,5000000.0,100.0,58684529.84,17850175.85,1.0,0,,0,,resolucion-cipac-no-2016-178_validacion-de-inversion-banco-multiple-bhd-leon-s-a-manana-no-te-olvides.pdf
507,CIPAC-2016-179,2016,,,231,164,art_34,approved,"BANCO MÚLTIPLE BHD, S.A.",1-01-13679-2,"REMEDIO FILMS, S.R.L.",1-31-12165-9,,MAÑANA NO TE OLVIDES,2016-12-05,2016-12-15,10000000.0,10000000.0,100.0,58684529.84,17850175.85,1.0,0,,0,,resolucion-cipac-no-2016-179_validacion-de-inversion-banco-multiple-bhd-leon-s-a-manana-no-te-olvides.pdf
508,CIPAC-2016-180,2016,,,231,164,art_34,approved,"SUED & FARGESA, S.R.L.",1-01-02772-1,"REMEDIO FILMS, S.R.L.",1-31-12165-9,,MAÑANA NO TE OLVIDES,2016-12-05,2016-12-15,4999822.4,4999822.4,100.0,58684529.84,22849998.25,1.0,0,,0,,resolucion-cipac-no-2016-180_validacion-de-inversion-sued-_-fargesa-s-r-l-manana-no-te-olvides.pdf
509,CIPAC-2016-181,2016,,,215,155,art_34,approved,"CENTRO CUESTA NACIONAL, S.A.S.",1-01-01992-1,"LA CHIVA FILMS, S.R.L.",1-31-42299-3,,TUBÉRCULO PRESIDENTE,2016-11-15,2016-12-15,19119814.0,19119814.0,100.0,89201075.0,78593172.0,1.0,0,,0,,resolucion-cipac-no-2016-181_validacion-de-inversion-centro-cuesta-nacional-s-a-s-tuberculo-presidente.pdf
510,CIPAC-2016-182,2016,,,215,155,art_34,approved,"ENDY AGROINDUSTRIAL, S.R.L.",1-02-01572-4,"LA CHIVA FILMS, S.R.L.",1-31-42299-3,,TUBÉRCULO PRESIDENTE,2016-11-15,2016-12-15,3000000.0,3000000.0,100.0,89201075.0,78593172.0,0.8,0,,1,total_budget_approved|set_manual|null|89201075.0|Poor scan quality almost unreadable|Resolution PDF budget section|2026-08-05|JDP,resolucion-cipac-no-2016-182_validacion-de-inversion-endy-agroindustrial-s-r-l-tuberculo-presidente.pdf
511,CIPAC-2016-183,2016,,,215,155,art_34,approved,"LA COLONIAL, S.A. - COMPANÍA DE SEGUROS",1-01-03122-2,"LA CHIVA FILMS, S.R.L.",1-31-42299-3,,TUBÉRCULO PRESIDENTE,2016-11-15,2016-12-15,1000000.0,1000000.0,100.0,89201075.0,78593172.0,0.9,0,,1,total_budget_executed|set_manual|null|78593172.0|Propagated from sibling resolution CIPAC-2016-182 with same film title|cipac_2016_results.json|2026-08-03|JDP,resolucion-cipac-no-2016-183_validacion-de-inversion-la-colonial-s-a-tuberculo-presidente.pdf
512,CIPAC-2016-184,2016,,,215,155,art_34,approved,"LOS ORÍGENES POWER PLANT, S.R.L.",1-30-72079-7,"LA CHIVA FILMS, S.R.L.",1-31-42299-3,,TUBÉRCULO PRESIDENTE,2016-11-15,2016-12-15,4000000.0,4000000.0,100.0,89201075.0,78593172.0,1.0,0,,0,,resolucion-cipac-no-2016-184_validacion-de-inversion-los-origenes-power-plant-s-r-l-tuberculo-presidente.pdf
513,CIPAC-2016-185,2016,,,215,155,art_34,approved,"PROCESADORA DE ALIMENTOS PRODAL, S.A.",1-04-00027-7,"LA CHIVA FILMS, S.R.L.",1-31-42299-3,,TUBÉRCULO PRESIDENTE,2016-11-15,2016-12-15,5000000.0,5000000.0,100.0,89201075.0,78593172.0,1.0,0,,0,,resolucion-cipac-no-2016-185_validacion-de-inversion-procesadora-de-alimentos-prodal-s-a-tuberculo-presidente.pdf
514,CIPAC-2016-186,2016,,,215,155,art_34,approved,"SANTO DOMINGO MOTORS COMPANY, S.A.",1-01-00806-7,"LA CHIVA FILMS, S.R.L.",1-31-42299-3,,TUBÉRCULO PRESIDENTE,2016-11-15,2016-12-15,6500000.0,6500000.0,100.0,89201075.0,78593172.0,0.9,0,,1,total_budget_executed|set_manual|null|78593172.0|Propagated from sibling resolution CIPAC-2016-182 with same film title|cipac_2016_results.json|2026-08-03|JDP,resolucion-cipac-no-2016-186_validacion-de-inversion-santo-domingo-motors-company-s-a-tuberculo-presidente.pdf
515,CIPAC-2016-187,2016,,,215,155,art_34,approved,"TRANSAGRÍCOLA, S.R.L.",1-02-01950-9,"LA CHIVA FILMS, S.R.L.",1-31-42299-3,,TUBÉRCULO PRESIDENTE,2016-11-15,2016-12-15,9000000.0,9000000.0,100.0,89201075.0,78593172.0,1.0,0,,0,,resolucion-cipac-no-2016-187_validacion-de-inversion-transangricola-s-r-l-tuberculo-presidente.pdf
516,CIPAC-2016-188,2016,,,215,155,art_34,approved,"BANCO MÚLTIPLE ADEMI, S.A.",1-01-74527-4,"LA CHIVA FILMS, S.R.L.",1-31-42299-3,,TUBÉRCULO PRESIDENTE,2016-11-15,2016-12-15,20000000.0,20000000.0,100.0,89201075.0,78593172.0,1.0,0,,0,,resolucion-cipac-no-2016-188_validacion-de-inversion-banco-multiple-ademi-s-a-tuberculo-presidente.pdf
517,CIPAC-2016-190,2016,,,215,155,art_34,approved,"CERVECERÍA NACIONAL DOMINICANA, S.A.",1-01-00372-3,"LA CHIVA FILMS, S.R.L.",1-31-42299-3,,TUBÉRCULO PRESIDENTE,2016-11-28,2016-12-22,9985829.1,9985829.1,100.0,89201075.0,78593172.0,1.0,0,,0,,resolucion-cipac-no-2016-190_validacion-de-inversion-cerverceria-nacional-dominicana-s-a-tuberculo-presidente.pdf
518,CIPAC-2016-191,2016,,,44,025,art_34,approved,"ENVASES MUNDIAL, S.R.L.",1-01-50276-2,"PERSEO FILMS, S.R.L.",1-30-87441-7,,VOCES DE LA CALLE,2016-12-09,2016-12-22,1200000.0,1200000.0,100.0,54357360.59,45087568.0,1.0,0,,0,,resolucion-cipac-no-2016-191_validacion-de-inversion-envases-mundial-s-r-l-voces-de-la-calle.pdf
519,CIPAC-2016-192,2016,,,44,025,art_34,approved,"LUBRICANTES DOMINICANOS, S.R.L.",1-01-05451-4,"PERSEO FILMS, S.R.L.",1-30-87441-7,,VOCES DE LA CALLE,2016-12-22,2016-12-22,6600000.0,6600000.0,100.0,54357360.59,45087568.0,1.0,0,,0,,resolucion-cipac-no-2016-192_validacion-de-inversion-lubricantes-dominicanos-s-r-l-voces-de-la-calle.pdf
520,CIPAC-2017-001,2017,,,249,167,art_34,approved,"BANCO MÚLTIPLE BHD, S.A.",1-01-13679-2,"FAULA FILMS, S.R.L.",1-30-89356-1,,MIRIAM MIENTE,2016-12-07,2017-01-18,4999989.12,4999989.12,100.0,35340778.0,4999989.12,1.0,0,,0,,resolucion-cipac-no-2017-001_validacion-de-inversion-banco-multiple-bhd-leon-s-a-miriam-miente.pdf
521,CIPAC-2017-002,2017,,,177,113,art_34,approved,"AGENCIAS NAVIERAS RANNIK, S.A.S.",1-01-01473-3,"PILÓN PRODUCTIONS, S.R.L.",1-30-99100-6,,LUNA NEGRA,2016-12-29,2017-01-18,800000.0,800000.0,100.0,40761399.0,24242774.89,0.7,0,,1,request_date|set_manual|null|2016-12-29|OCR did not capture Solicitud de fecha line|Resolution PDF VISTOS section item 1|2026-08-04|JDP;;pur_number|set_manual|null|177|OCR did not capture PUR number|Resolution PDF VISTOS section item 1|2026-08-04|JDP;;investor_rnc|set_manual|null|1-01-01473-3|OCR read header in wrong column order|Resolution PDF header p.1|2026-08-04|JDP,resolucion-cipac-no-2017-002_validacion-de-inversion-agencia-naviera-b_r-s-a-s-luna-negra.pdf
522,CIPAC-2017-003,2017,,,177,113,art_34,approved,"BIT DOMINICANA, S.R.L.",1-01-81302-4,"PILÓN PRODUCTIONS, S.R.L.",1-30-99100-6,,LUNA NEGRA,2016-12-29,2017-01-18,200000.0,200000.0,100.0,40761399.0,24242774.89,1.0,0,,0,,resolucion-cipac-no-2017-003_validacion-de-inversion-bit-dominicana-s-r-l-luna-negra.pdf
523,CIPAC-2017-004,2017,,,177,113,art_34,approved,"COMERCIALIZADORA NACIONAL Y DE EXPORTACIÓN, S.R.L.",1-02-00184-7,"PILÓN PRODUCTIONS, S.R.L.",1-30-99100-6,,LUNA NEGRA,2016-12-29,2017-01-18,1386000.0,1386000.0,100.0,40761399.0,24242774.89,0.9,0,,1,total_budget_executed|set_manual|null|24242774.89|Propagated from sibling resolution CIPAC-2017-002 with same film title|cipac_2017_results.json|2026-08-03|JDP,resolucion-cipac-no-2017-004_validacion-de-inversion-comercializadora-nacional-y-de-exportacion-s-r-l-luna-negra.pdf
524,CIPAC-2017-005,2017,,,177,113,art_34,approved,"ENVASES MUNDIAL, S.R.L.",1-01-50276-2,"PILÓN PRODUCTIONS, S.R.L.",1-30-99100-6,,LUNA NEGRA,2016-12-29,2017-01-18,656000.0,656000.0,100.0,40761399.0,24242774.89,1.0,0,,0,,resolucion-cipac-no-2017-005_validacion-de-inversion-envases-mundial-s-r-l-luna-negra.pdf
525,CIPAC-2017-006,2017,,,177,113,art_34,approved,"LUBRICANTES DOMINICANOS, S.R.L.",1-01-05451-4,"PILÓN PRODUCTIONS, S.R.L.",1-30-99100-6,,LUNA NEGRA,2016-12-29,2017-01-18,3800000.0,3800000.0,100.0,40761399.0,24242774.89,1.0,0,,0,,resolucion-cipac-no-2017-006_validacion-de-inversion-lubricantes-dominicanos-s-r-l-luna-negra.pdf
526,CIPAC-2017-007,2017,,,177,113,art_34,approved,"OPERACIONES PORTUARIAS, S.A.S.",1-01-06363-7,"PILÓN PRODUCTIONS, S.R.L.",1-30-99100-6,,LUNA NEGRA,2016-12-29,2017-01-18,200000.0,200000.0,100.0,40761399.0,24242774.89,1.0,0,,0,,resolucion-cipac-no-2017-007_validacion-de-inversion-operaciones-portuarias-s-a-s-luna-negra.pdf
527,CIPAC-2017-008,2017,,,177,113,art_34,approved,"SERVICIOS ÁLVAREZ DE ADMINISTRACIÓN TÉCNICA, S.R.L.",1-01-13714-2,"PILÓN PRODUCTIONS, S.R.L.",1-30-99100-6,,LUNA NEGRA,2016-12-29,2017-01-18,858000.0,858000.0,100.0,40761399.0,24242774.89,0.9,0,,1,total_budget_executed|set_manual|null|24242774.89|Propagated from sibling resolution CIPAC-2017-002 with same film title|cipac_2017_results.json|2026-08-03|JDP,resolucion-cipac-no-2017-008_validacion-de-inversion-servicios-alvarez-de-administracion-tecnica-s-r-l-luna-negra.pdf
528,CIPAC-2017-009,2017,,,177,113,art_34,approved,"TRANSPORTE RANNIK, S.A.S.",1-01-51078-1,"PILÓN PRODUCTIONS, S.R.L.",1-30-99100-6,,LUNA NEGRA,2016-12-29,2017-01-18,300000.0,300000.0,100.0,40761399.0,24242774.89,0.9,0,,1,investor_rnc|set_manual|null|1-01-51078-1|OCR read header in wrong column order|Resolution PDF header p.1|2026-08-04|JDP,resolucion-cipac-no-2017-009_validacion-de-inversion-transporte-b_r-s-a-s-luna-negra.pdf
529,CIPAC-2017-010,2017,,,104,76,art_34,approved,"ATIVA MATERIA PRIMAS, S.R.L.",1-30-59418-1,"CACIQUE FILMS, S.R.L.",1-31-09766-9,,REINBOU,2017-01-04,2017-01-18,1396000.0,1396000.0,100.0,84036127.17,82686037.0,1.0,0,,0,,resolucion-cipac-no-2017-010_validacion-de-inversion-atava-material-primas-s-r-l-reinbou.pdf
530,CIPAC-2017-011,2017,,,161,100,art_34,approved,"ALMACENES IBERIA, S.R.L.",1-11-00047-5,"CIELO FILMS, S.R.L.",1-31-09573-9,,DESDE EL CIELO,2017-01-02,2017-01-18,10000000.0,10000000.0,100.0,29759977.28,27493898.0,1.0,0,,0,,resolucion-cipac-no-2017-011_validacion-de-inversion-almacenes-iberia-s-r-l-desde-el-cielo.pdf
531,CIPAC-2017-012,2017,,,161,100,art_34,approved,"DISASHOP DOMINICANA, S.R.L.",1-30-17301-1,"CIELO FILMS, S.R.L.",1-31-09573-9,,DESDE EL CIELO,2017-01-02,2017-01-18,2500000.0,2500000.0,100.0,29759977.28,27493898.0,0.9,0,,1,total_budget_executed|set_manual|null|27493898.0|Propagated from sibling resolution CIPAC-2017-011 with same film title|cipac_2017_results.json|2026-08-03|JDP,resolucion-cipac-no-2017-012_validacion-de-inversion-disa-consulting-dominicana-s-r-l-desde-el-cielo.pdf
532,CIPAC-2017-013,2017,,,217,159,art_34,approved,"COBINCA, S.A.",1-01-19447-2,"AY MI CIELO, S.R.L.",1-31-32159-3,,EL PEOR COMEDIANTE DEL MUNDO,2017-01-11,2017-01-18,8572000.0,8572000.0,100.0,27950979.42,8609905.58,0.9,0,,1,total_budget_executed|set_manual|null|8609905.58|Stamp covers budget executed paragraph|Resolution PDF budget section|2026-08-04|JDP,resolucion-cipac-no-2017-013_validacion-de-inversion-combinca-s-a-el-peor-comediante-del-mundo.pdf
533,CIPAC-2017-014,2017,,,194,144,art_34,approved,"REEFER SERVICES, S.A.S",1-01-82803-1,"GRUPO TRUKEMER, S.R.L.",1-31-08399-4,,EL CARPINTERO,2017-01-18,2017-01-18,2719000.0,2719000.0,100.0,16652453.0,16529684.0,1.0,0,,0,,resolucion-cipac-no-2017-014_validacion-de-inversion-reefer-services-s-a-s-el-carpintero.pdf
534,CIPAC-2017-015,2017,,,248,173,art_34,approved,"BANCO MÚLTIPLE BHD, S.A.",1-01-13679-2,"PRODUCCIONES G&W, S.R.L.",1-31-32986-1,,DOMINICANAS,2017-01-11,2017-01-18,5000000.0,5000000.0,100.0,23888020.0,5001748.29,1.0,0,,0,,resolucion-cipac-no-2017-015_validacion-de-inversion-banco-multiple-bhd-leon-s-a-dominicanos.pdf
535,CIPAC-2017-016,2017,,,237,154,art_34,approved,"PLANETA AZUL, S.A.",1-01-50393-9,"MAMUT FILMS, S.R.L.",1-31-30903-8,,ISLA DE LAS REPÚBLICAS,2017-01-05,2017-01-18,3994589.53,3994589.53,100.0,19584690.57,10494589.52,1.0,0,,0,,resolucion-cipac-no-2017-016_validacion-de-inversion-agua-planeta-azul-s-a-isla-de-las-republicas.pdf
536,CIPAC-2017-017,2017,,,237,154,art_34,approved,"CEVALDOM, S.A.",1-30-03478-8,"MAMUT FILMS, S.R.L.",1-31-30903-8,,ISLA DE LAS REPÚBLICAS,2017-01-05,2017-01-18,5000000.0,5000000.0,100.0,19584690.57,10494589.52,0.9,0,,1,request_date|set_manual|null|2017-01-05|OCR read 0O5 de enero instead of 05 de enero in request date|Resolution PDF VISTOS section|2026-08-04|JDP,resolucion-cipac-no-2017-017_validacion-de-inversion-cevaldom-deposito-centralizado-de-valores-s-a-isla-de-las-republicas.pdf
537,CIPAC-2017-018,2017,,,237,154,art_34,approved,"SANTO DOMINGO MOTORS COMPANY, S.A.",1-01-00806-7,"MAMUT FILMS, S.R.L.",1-31-30903-8,,ISLA DE LAS REPÚBLICAS,2017-01-05,2017-01-18,1500000.0,1500000.0,100.0,19584690.57,10494589.52,1.0,0,,0,,resolucion-cipac-no-2017-018_validacion-de-inversion-santo-domingo-motors-company-s-a-isla-de-las-republicas.pdf
538,CIPAC-2017-019,2017,,,235,171,art_34,approved,"PINECREST HOLDING, S.A.",1-30-75535-3,"CUABA, S.R.L.",1-31-36014-9,,D SORY,2017-01-05,2017-01-18,1191080.35,1191080.35,100.0,9852500.0,2391080.35,1.0,0,,0,,resolucion-cipac-no-2017-019_validacion-de-inversion-pinecrest-holding-s-a-d-sory.pdf
539,CIPAC-2017-020,2017,,,235,171,art_34,approved,"INVERSIONES BIAJACA, S.A.S.",1-31-17549-1,"CUABA, S.R.L.",1-31-36014-9,,D SORY,2017-01-05,2017-01-18,1200000.0,1200000.0,100.0,9852500.0,2391080.35,1.0,0,,0,,resolucion-cipac-no-2017-020_validacion-de-inversion-inversiones-biajaca-s-a-s-d-sory.pdf
540,CIPAC-2017-021,2017,,,152,124,art_34,approved,"ARS MONUMENTAL, S.A.",1-30-05800-8,"LILO PRODUCTIONS, S.R.L.",1-31-27882-5,,EL PODER DE LAS TINIEBLAS,2016-12-16,2017-01-18,1500000.0,1500000.0,100.0,92170361.0,76779046.72,1.0,0,,0,,resolucion-cipac-no-2017-021_validacion-de-inversion-ars-monumental-s-a-el-poder-de-las-tinieblas.pdf
541,CIPAC-2017-022,2017,,,152,124,art_34,approved,"CEMENTOS PROGRESO DOMINICANA, S.A.",1-11-00059-9,"LILO PRODUCTIONS, S.R.L.",1-31-27882-5,,EL PODER DE LAS TINIEBLAS,2016-12-16,2017-01-18,6000000.0,6000000.0,100.0,92170361.0,76779046.72,1.0,0,,0,,resolucion-cipac-no-2017-022_validacion-de-inversion-cemex-dominicana-s-a-el-poder-de-las-tinieblas.pdf
542,CIPAC-2017-023,2017,,,152,124,art_34,approved,"COBB CARIBE, S.A.",1-09-02371-8,"LILO PRODUCTIONS, S.R.L.",1-31-27882-5,,EL PODER DE LAS TINIEBLAS,2016-12-16,2017-01-18,300000.0,300000.0,100.0,92170361.0,76779046.72,1.0,0,,0,,resolucion-cipac-no-2017-023_validacion-de-inversion-cobb-caribe-s-a-el-poder-de-las-tinieblas.pdf
543,CIPAC-2017-024,2017,,,152,124,art_34,approved,"CONSORCIO ENERGÉTICO PUNTA CANA MACAO, S.A.",1-01-58340-1,"LILO PRODUCTIONS, S.R.L.",1-31-27882-5,,EL PODER DE LAS TINIEBLAS,2016-12-16,2017-01-18,3450000.0,3450000.0,100.0,92170361.0,76779046.72,0.9,0,,1,total_budget_executed|set_manual|null|76779046.72|Propagated from sibling resolution CIPAC-2017-021 with same film title|cipac_2017_results.json|2026-08-03|JDP,resolucion-cipac-no-2017-024_validacion-de-inversion-consorcio-energetico-punta-cana-macao-s-a-el-poder-de-las-tinieblas.pdf
544,CIPAC-2017-025,2017,,,152,124,art_34,approved,"DOPERCO, S.R.L.",1-01-61456-2,"LILO PRODUCTIONS, S.R.L",1-31-27882-5,,EL PODER DE LAS TINIEBLAS,2016-12-16,2017-01-18,1185680.52,1185680.52,100.0,92170361.0,76779046.72,0.8,0,,1,total_budget_executed|set_manual|null|76779046.72|Propagated from sibling resolution CIPAC-2017-021 with same film title|cipac_2017_results.json|2026-08-03|JDP,resolucion-cipac-no-2017-025_validacion-de-inversion-doperco-s-r-l-el-poder-de-las-tinieblas.pdf
545,CIPAC-2017-026,2017,,,152,124,art_34,approved,"ENNOVA, S.R.L.",1-30-84069-5,"LILO PRODUCTIONS, S.R.L.",1-31-27882-5,,EL PODER DE LAS TINIEBLAS,2016-12-16,2017-01-18,460000.0,460000.0,100.0,92170361.0,76779046.72,1.0,0,,0,,resolucion-cipac-no-2017-026_validacion-de-inversion-ennova-s-r-l-el-poder-de-las-tinieblas.pdf
546,CIPAC-2017-027,2017,,,152,124,art_34,approved,"ÓPTICA OVIEDO, S.A.",1-01-74158-9,"LILO PRODUCTIONS, S.R.L.",1-31-27882-5,,EL PODER DE LAS TINIEBLAS,2016-12-16,2017-01-18,200000.0,200000.0,100.0,92170361.0,76779046.72,1.0,0,,0,,resolucion-cipac-no-2017-027_validacion-de-inversion-optica-oviedo-s-a-el-poder-de-las-tinieblas.pdf
547,CIPAC-2017-028,2017,,,152,124,art_34,approved,"VIAMAR, S.A.",1-01-01114-9,"LILO PRODUCTIONS, S.R.L.",1-31-27882-5,,EL PODER DE LAS TINIEBLAS,2016-12-16,2017-01-18,2200000.0,2200000.0,100.0,92170361.0,76779046.72,1.0,0,,0,,resolucion-cipac-no-2017-028_validacion-de-inversion-viamar-s-a-el-poder-de-las-tinieblas.pdf
548,CIPAC-2017-029,2017,,,229,166,art_34,approved,"NEXT DOMINICANA, S.A.",1-01-83193-6,"BONTER MEDIA, S.R.L.",1-30-94031-2,,ATRACADOS EN ALTA MAR,2016-12-05,2017-01-18,1773464.0,1773464.0,100.0,67154970.0,62861147.0,0.9,0,,1,total_budget_executed|set_manual|null|62861147.0|Propagated from sibling resolution CIPAC-2017-031 with same film title|cipac_2017_results.json|2026-08-03|JDP,resolucion-cipac-no-2017-029_validacion-de-inversion-distribuidores-internacionales-de-petroleo-s-a-atracasos-en-alta-mar.pdf
549,CIPAC-2017-030,2017,,,229,166,art_34,approved,"INDUVECA, S.A.",1-22-01122-6,"BONTER MEDIA, S.R.L.",1-30-94031-2,,ATRACADOS EN ALTA MAR,2017-01-18,2017-01-18,45000000.0,45000000.0,100.0,67154970.0,62861147.0,0.9,0,,1,total_budget_executed|set_manual|null|62861147.0|Propagated from sibling resolution CIPAC-2017-029 with same film title|cipac_2017_results.json|2026-08-03|JDP,resolucion-cipac-no-2017-030_validacion-de-inversion-induveca-s-a-atracados-en-alta-mar.pdf
550,CIPAC-2017-031,2017,,,229,166,art_34,approved,"MERCASID, S.A.",1-01-80768-7,"BONTER MEDIA, S.R.L.",1-30-94031-2,,ATRACADOS EN ALTA MAR,2016-12-05,2017-01-18,14858750.0,14858750.0,100.0,67154970.0,62861147.0,1.0,0,,0,,resolucion-cipac-no-2017-031_validacion-de-inversion-mercasid-s-a-atracados-en-alta-mar.pdf
551,CIPAC-2017-032,2017,,,170,135,art_34,approved,"CONSULTORES & CONTRATISTAS CONAMSA, S.R.L.",1-01-62007-2,"LIBÉLULA FILMS, S.R.L.",1-31-28932-2,,TEO Y EL SOL,2017-01-16,2017-02-23,1000000.0,1000000.0,100.0,58118630.0,37560914.47,1.0,0,,0,,resolucion-cipac-no-2017-032_validacion-de-inversion-consultores-_-contratista-conamsa-s-r-l-teo-y-el-sol.pdf
552,CIPAC-2017-033,2017,,,37,21,art_34,approved,"LABELS CARIBE, INC",1-30-70227-6,"CATASTRÓPICO, S.R.L.",1-30-96403-3,,CATASTRÓPICO,2017-01-13,2017-02-23,1000000.0,1000000.0,100.0,98098454.5,87506103.0,1.0,0,,0,,resolucion-cipac-no-2017-033_validacion-de-inversion-labels-caribe-inc-catastropico.pdf
553,CIPAC-2017-034,2017,,,37,21,art_34,approved,"RAVI CARIBE, S.A",1-30-28788-2,"CATASTRÓPICO, S.R.L.",1-30-96403-3,,CATASTRÓPICO,2017-01-13,2017-02-23,3000000.0,3000000.0,100.0,98098454.5,87506103.0,1.0,0,,0,,resolucion-cipac-no-2017-034_validacion-de-inversion-raci-caribe-s-a-catastropico.pdf
554,CIPAC-2017-035,2017,,,37,21,art_34,approved,"CONSORCIO REMIX, S.A.",1-01-59313-1,"CATASTRÓPICO, S.R.L.",1-30-96403-3,,CATASTRÓPICO,2017-01-13,2017-02-23,4645000.0,4645000.0,100.0,98098454.5,87506103.0,1.0,0,,0,,resolucion-cipac-no-2017-035_validacion-de-inversion-consorcio-remix-s-a-catastropico.pdf
555,CIPAC-2017-036,2017,,,177,113,art_34,approved,"UNIQUE REPRESENTACIONES, S.R.L.",1-01-56244-7,"PILÓN PRODUCTIONS, S.R.L.",1-30-99100-6,,LUNA NEGRA,2017-01-16,2017-02-23,2000000.0,2000000.0,100.0,40761399.0,26242774.89,1.0,0,,0,,resolucion-cipac-no-2017-036_validacion-de-inversion-unique-representaciones-s-r-l-luna-negra.pdf
556,CIPAC-2017-037,2017,,,247,176,art_34,approved,"GRUPO DIARIO LIBRE, S.A.",1-01-61926-2,"GRUPO CLAGICA, S.R.L.",1-31-39927-4,,CACÚ: UN CAMBIO POR LA VIDA,2017-01-27,2017-02-23,3000000.0,3000000.0,100.0,3485986.0,3000000.0,1.0,0,,0,,resolucion-cipac-no-2017-037_validacion-de-inversion-grupo-diario-libre-s-a-cacu-un-camino-por-la-vida.pdf
557,CIPAC-2017-038,2017,,,092,064,art_34,approved,"ADMINISTRADORA DE FONDOS DE PENSIONES POPULAR, S.A.",1-01-76868-1,"AVE FÉNIX FILMS, S.R.L.",1-31-11816-1,,PATRICIA: EL REGRESO DEL SUEÑO,2017-01-13,2017-02-23,20000000.0,20000000.0,100.0,52025299.0,45196029.0,0.9,0,,1,total_budget_executed|set_manual|null|45196029.0|Propagated from sibling resolution CIPAC-2017-039 with same film title|cipac_2017_results.json|2026-08-03|JDP,resolucion-cipac-no-2017-038_validacion-de-inversion-administradora-de-fondos-de-pensiones-popular-s-a-patricia-el-regreso-del-sueno.pdf
558,CIPAC-2017-039,2017,,,092,064,art_34,approved,"PACIFIC ASSETS, CORP",1-22-01963-4,"AVE FÉNIX FILMS, S.R.L.",1-31-11816-1,,PATRICIA: EL REGRESO DEL SUEÑO,2017-01-13,2017-02-23,2000000.0,2000000.0,100.0,52025299.0,45196029.0,1.0,0,,0,,resolucion-cipac-no-2017-039_validacion-de-inversion-pacific-assents-corp-patricia-el-regreso-del-sueno.pdf
559,CIPAC-2017-040,2017,,,092,064,art_34,approved,"GRUPO PARALLAX FINANZAS, S.A.S.",1-30-01912-6,"AVE FÉNIX FILMS, S.R.L.",1-31-11816-1,,PATRICIA: EL REGRESO DEL SUEÑO,2017-01-13,2017-02-23,2000000.0,2000000.0,100.0,52025299.0,45196029.0,1.0,0,,0,,resolucion-cipac-no-2017-040_validacion-de-inversion-grupo-paralax-finanzas-s-a-s-patricia-el-regreso-del-sueno.pdf
560,CIPAC-2017-041,2017,,,092,064,art_34,approved,"BANCO DE RESERVAS DE LA REPÚBLICA DOMINICANA, S.A. - BANCO DE SERVICIOS MÚLTIPLES",4-01-01006-2,"AVE FÉNIX FILMS, S.R.L.",1-31-11816-1,,PATRICIA: EL REGRESO DEL SUEÑO,2017-01-13,2017-02-23,19000000.0,19000000.0,100.0,52025299.0,45196029.0,1.0,0,,0,,resolucion-cipac-no-2017-041_validacion-de-inversion-banco-de-reservas-de-la-republica-dominicana-s-a-banco-de-servicios-multiples-patricia-el-regreso-del-sueno.pdf
561,CIPAC-2017-042,2017,,,092,064,art_34,approved,"RIZEK, S.A.S.",1-01-66275-1,"AVE FÉNIX FILMS, S.R.L.",1-31-11816-1,,PATRICIA: EL REGRESO DEL SUEÑO,2017-01-13,2017-02-23,1965071.0,1965071.0,100.0,52025299.0,45196029.0,1.0,0,,0,,resolucion-cipac-no-2017-042_validacion-de-inversion-rizek-s-a-s-patricia-el-regreso-del-sueno.pdf
562,CIPAC-2017-043,2017,,,234,160,art_34,approved,"ANIMAL FOOD LINE, S.A.",1-01-68725-8,"FRÍO FRÍO PRODUCTORA CINEMATOGRÁFICA, S.R.L.",1-31-12765-7,,VENENO,2017-01-16,2017-02-23,1500000.0,1500000.0,100.0,115126396.0,71500000.0,0.9,0,,1,total_budget_executed|set_manual|null|71500000.0|Propagated from sibling resolution CIPAC-2017-044 with same film title|cipac_2017_results.json|2026-08-03|JDP,resolucion-cipac-no-2017-043_validacion-de-inversion-animal-food-line-s-a-veneno.pdf
563,CIPAC-2017-044,2017,,,234,160,art_34,approved,"CERVECERÍA NACIONAL DOMINICANA, S.A.",1-01-00372-3,"FRÍO FRÍO PRODUCTORA CINEMATOGRÁFICA, S.R.L.",1-31-12765-7,,VENENO,2017-01-16,2017-02-23,55000000.0,55000000.0,100.0,115126396.0,71500000.0,1.0,0,,0,,resolucion-cipac-no-2017-044_validacion-de-inversion-cerveceria-nacional-dominicana-s-a-veneno.pdf
564,CIPAC-2017-045,2017,,,234,160,art_34,approved,"DOCTORES MALLÉN GUERRA, S.A.",1-01-00338-3,"FRÍO FRÍO PRODUCTORA CINEMATOGRÁFICA, S.R.L.",1-31-12765-7,,VENENO,2017-01-16,2017-02-23,5000000.0,5000000.0,100.0,115126396.0,71500000.0,1.0,0,,0,,resolucion-cipac-no-2017-045_validacion-de-inversion-doctores-mallen-guerra-s-a-veneno.pdf
565,CIPAC-2017-046,2017,,,234,160,art_34,approved,"INDUVECA, S.A.",1-22-01122-6,"FRÍO FRÍO PRODUCTORA CINEMATOGRÁFICA, S.R.L.",1-31-12765-7,,VENENO,2017-01-16,2017-02-23,5000000.0,5000000.0,100.0,115126396.0,71500000.0,1.0,0,,0,,resolucion-cipac-no-2017-046_validacion-de-inversion-induveca-s-a-veneno.pdf
566,CIPAC-2017-047,2017,,,234,160,art_34,approved,"LABORATORIOS MALLÉN, S.A.",1-01-03231-6,"FRÍO FRÍO PRODUCTORA CINEMATOGRÁFICA, S.R.L.",1-31-12765-7,,VENENO,2017-01-16,2017-02-23,2000000.0,2000000.0,100.0,115126396.0,71500000.0,1.0,0,,0,,resolucion-cipac-no-2017-047_validacion-de-inversion-laboratorios-mallen-s-a-veneno.pdf
567,CIPAC-2017-048,2017,,,234,160,art_34,approved,"CAMILO LABS, S.R.L.",1-01-07531-7,"FRÍO FRÍO PRODUCTORA CINEMATOGRÁFICA, S.R.L.",1-31-12765-7,,VENENO,2017-01-16,2017-02-23,1756500.33,1756500.33,100.0,115126396.0,71500000.0,1.0,0,,0,,resolucion-cipac-no-2017-048_validacion-de-inversion-laborarorios-union-s-r-l-veneno.pdf
568,CIPAC-2017-049,2017,,,234,160,art_34,approved,"MALLÉN VETERINARIA, S.A.",1-01-66001-5,"FRÍO FRÍO PRODUCTORA CINEMATOGRÁFICA, S.R.L.",1-31-12765-7,,VENENO,2017-01-16,2017-02-23,1000000.0,1000000.0,100.0,115126396.0,71500000.0,1.0,0,,0,,resolucion-cipac-no-2017-049_validacion-de-inversion-mallen-veterinaria-s-a-veneno.pdf
569,CIPAC-2017-050,2017,,,100,72,art_34,approved,"BANCO POPULAR DOMINICANO, S. A. BANCO MÚLTIPLE",1-01-01063-2,"ART3+4 PRODUCCIONES, S.R.L.",1-31-17333-2,,CÓMPLICES,2017-01-20,2017-02-23,22500000.0,22500000.0,100.0,136425499.0,115831236.0,0.9,0,,1,total_budget_executed|set_manual|null|115831236.00|Stamp covers budget executed paragraph|Resolution PDF budget section|2026-08-04|JDP,resolucion-cipac-no-2017-050_validacion-de-inversion-banco-popular-dominicano-s-a-banco-multiple-veneno.pdf
570,CIPAC-2017-051,2017,,,178,133,art_34,approved,"ADMINISTRADORA DE FONDOS DE PENSIONES SIEMBRA, S.A.",1-01-78432-6,"YUTTAM GROUP, S.R.L.",1-31-28530-9,,ENLATADOS,2016-12-09,2017-02-23,20000000.0,20000000.0,100.0,73808216.46,71572576.0,0.9,0,,1,total_budget_executed|set_manual|null|71572576.0|Propagated from sibling resolution CIPAC-2017-052 with same film title|cipac_2017_results.json|2026-08-03|JDP,resolucion-cipac-no-2017-051_validacion-de-inversion-administradora-de-fondos-de-pensiones-siembra-s-a-afp-siembra-enlatados.pdf
571,CIPAC-2017-052,2017,,,178,133,art_34,approved,"ASOCIACIÓN POPULAR DE AHORROS Y PRÉSTAMOS (APAP), S.A.",4-01-00013-1,"YUTTAM GROUP, S.R.L.",1-31-28530-9,,ENLATADOS,2016-12-09,2017-02-23,10000000.0,10000000.0,100.0,73808216.46,71572576.0,1.0,0,,0,,resolucion-cipac-no-2017-052_validacion-de-inversion-asociacion-popular-de-ahorros-y-prestamos-s-a-enlatados.pdf
572,CIPAC-2017-053,2017,,,178,133,art_34,approved,"MAGNA, S.R.L.",1-01-07254-7,"YUTTAM GROUP, S.R.L",1-31-28530-9,,ENLATADOS,2016-12-09,2017-02-23,12572576.0,12572576.0,100.0,73808216.46,71572576.0,1.0,0,,0,,resolucion-cipac-no-2017-053_validacion-de-inversion-magna-s-r-l-enlatados.pdf
573,CIPAC-2017-054,2017,,,178,133,art_34,approved,"CONSTRUCTORA RIZEK & ASOCIADOS, S.R.L.",1-01-57804-1,"YUTTAM GROUP, S.R.L.",1-31-28530-9,,ENLATADOS,2016-12-09,2017-02-23,12668455.07,12668455.07,100.0,73808216.46,71572576.0,1.0,0,,0,,resolucion-cipac-no-2017-054_validacion-de-inversion-constructora-rizek-_-asoc-s-r-l-enlatados.pdf
574,CIPAC-2017-055,2017,,,178,133,art_34,approved,"BANCO MÚLTIPLE SANTA CRUZ, S.A.",1-02-01292-1,"YUTTAM GROUP, S.R.L.",1-31-28530-9,,ENLATADOS,2016-12-09,2017-02-23,15000000.0,15000000.0,100.0,73808216.46,71572576.0,1.0,0,,0,,resolucion-cipac-no-2017-055_validacion-de-inversion-banco-multiple-santa-cruz-s-a-enlatados.pdf
575,CIPAC-2017-056,2017,,,203,149,art_34,approved,"ECO MOTORS, S.A.S.",1-30-91075-8,"BATÚ FILMS, S.R.L.",1-31-11476-8,,LAS SIETE MUERTES,2017-01-05,2017-02-23,3500000.0,3500000.0,100.0,57316403.0,37499010.24,0.0,0,,1,"investor_rnc|set_manual|null|1-30-91075-8|Poor scan quality almost unreadable|Resolution PDF header p.1|2026-08-03|JDP;;film_title|set_manual|null|LAS SIETE MUERTES|Poor scan quality almost unreadable|Resolution PDF header p.1|2026-08-03|JDP;;production_company|set_manual|null|BATÚ FILMS, S.R.L.|Poor scan quality almost unreadable|Resolution PDF header p.1|2026-08-03|JDP;;producer_rnc|set_manual|null|1-31-11476-3|Poor scan quality almost unreadable|Resolution PDF header p.1|2026-08-03|JDP;;pur_number|set_manual|null|203|Poor scan quality almost unreadable|Resolution PDF header p.1|2026-08-03|JDP;;cpnd_number|set_manual|null|149|Poor scan quality almost unreadable|Resolution PDF header p.1|2026-08-03|JDP;;resolution_date|set_manual|null|2017-02-23|Poor scan quality almost unreadable|Resolution PDF opening paragraph|2026-08-03|JDP;;request_date|set_manual|null|2017-01-05|Poor scan quality almost unreadable|Resolution PDF VISTOS section|2026-08-03|JDP;;validated_amount_dop|set_manual|null|3500000.00|Poor scan quality almost unreadable|Resolution PDF PRIMERO section|2026-08-03|JDP;;tax_credit_dop|set_manual|null|3500000.00|Poor scan quality almost unreadable|Resolution PDF SEGUNDO section|2026-08-03|JDP;;total_budget_approved|set_manual|null|57316403.00|Poor scan quality almost unreadable|Resolution PDF budget section|2026-08-03|JDP;;total_budget_executed|set_manual|null|37499010.24|Poor scan quality almost unreadable|Resolution PDF budget section|2026-08-03|JDP",resolucion-cipac-no-2017-056_validacion-de-inversion-eco-motors-s-a-s-las-siete-muertes.pdf
576,CIPAC-2017-057,2017,,,203,149,art_34,approved,"VIAMAR, S.A.",1-01-01114-9,"BATÚ FILMS, S.R.L.",1-31-11476-8,,LAS SIETE MUERTES,2017-01-05,2017-02-23,7660414.7,7660414.7,100.0,57316403.0,37499010.24,0.1,0,,1,"investor_rnc|set_manual|null|1-01-01114-9|Poor scan quality almost unreadable|Resolution PDF header p.1|2026-08-03|JDP;;film_title|set_manual|null|LAS SIETE MUERTES|Poor scan quality almost unreadable|Resolution PDF header p.1|2026-08-03|JDP;;production_company|set_manual|null|BATÚ FILMS, S.R.L.|Poor scan quality almost unreadable|Resolution PDF header p.1|2026-08-03|JDP;;producer_rnc|set_manual|null|1-31-11476-3|Poor scan quality almost unreadable|Resolution PDF header p.1|2026-08-03|JDP;;pur_number|set_manual|null|203|Poor scan quality almost unreadable|Resolution PDF header p.1|2026-08-03|JDP;;cpnd_number|set_manual|null|149|Poor scan quality almost unreadable|Resolution PDF header p.1|2026-08-03|JDP;;resolution_date|set_manual|null|2017-02-23|Poor scan quality almost unreadable|Resolution PDF opening paragraph|2026-08-03|JDP;;request_date|set_manual|null|2017-01-05|Poor scan quality almost unreadable|Resolution PDF VISTOS section|2026-08-03|JDP;;validated_amount_dop|set_manual|null|7660414.70|Poor scan quality almost unreadable|Resolution PDF PRIMERO section|2026-08-03|JDP;;tax_credit_dop|set_manual|null|7660414.70|Poor scan quality almost unreadable|Resolution PDF SEGUNDO section|2026-08-03|JDP;;total_budget_approved|set_manual|null|57316403.00|Poor scan quality almost unreadable|Resolution PDF budget section|2026-08-03|JDP;;total_budget_executed|set_manual|null|37499010.24|Poor scan quality almost unreadable|Resolution PDF budget section|2026-08-03|JDP",resolucion-cipac-no-2017-057_validacion-de-inversion-viamar-s-a-las-siete-muertes.pdf
577,CIPAC-2017-058,2017,,,238,169,art_34,approved,"BANCO MÚLTIPLE ADEMI, S.A.",1-01-74527-4,"ART3+4 PRODUCCIONES, S.R.L.",1-31-17333-2,,AMIGO D,2017-01-20,2017-03-17,7000000.0,7000000.0,100.0,55265416.0,50301135.0,1.0,0,,0,,resolucion-cipac-no-2017-058_validacion-de-inversion-banco-multiple-ademi-s-a-amigo-d.pdf
578,CIPAC-2017-059,2017,,,238,169,art_34,approved,"BANCO POPULAR DOMINICANO, S. A. BANCO MÚLTIPLE",1-01-01063-2,"ART3+4 PRODUCCIONES, S.R.L.",1-31-17333-2,,AMIGO D,2017-01-20,2017-03-17,41000000.0,41000000.0,100.0,55265416.0,50301135.0,1.0,0,,0,,resolucion-cipac-no-2017-059_validacion-de-inversion-banco-popular-dominicano-s-a-banco-multiple-amigo-d.pdf
579,CIPAC-2017-060,2017,,,238,169,art_34,approved,"PAGÉS BBDO, S.R.L.",1-01-51012-9,"ART3+4 PRODUCCIONES, S.R.L.",1-31-17333-2,,AMIGO D,2017-01-20,2017-03-17,2300000.0,2300000.0,100.0,55265416.0,50301135.0,1.0,0,,0,,resolucion-cipac-no-2017-060_validacion-de-inversion-pages-bbdo-s-r-l-amigo-d.pdf
580,CIPAC-2017-061,2017,,,230,161,art_34,approved,"BANCO MÚLTIPLE BHD, S.A.",1-01-13679-2,"FHALET BUSINESS, S.R.L.",1-31-43509-2,,NADIE MUERE EN AMBROSÍA,2017-01-13,2017-03-17,15500000.0,15500000.0,100.0,92820879.0,70838524.0,1.0,0,,0,,resolucion-cipac-no-2017-061_validacion-de-inversion-banco-multiple-bhd-leon-s-a-nadie-muere-en-ambrosia.pdf
581,CIPAC-2017-062,2017,,,230,161,art_34,approved,"BANCO POPULAR DOMINICANO, S. A. BANCO MÚLTIPLE",1-01-01063-2,"FHALET BUSINESS, S.R.L.",1-31-43509-2,,NADIE MUERE EN AMBROSÍA,2017-01-13,2017-03-17,43000000.0,43000000.0,100.0,92820879.0,70838524.0,0.9,0,,1,total_budget_executed|set_manual|null|70838524.0|Propagated from sibling resolution CIPAC-2017-061 with same film title|cipac_2017_results.json|2026-08-03|JDP,resolucion-cipac-no-2017-062_validacion-de-inversion-banco-popular-dominicano-s-a-banco-multiple-nadie-muere-en-ambrosia.pdf
582,CIPAC-2017-063,2017,,,230,161,art_34,approved,"MAGNA, S.R.L.",1-01-07254-7,"FHALET BUSINESS, S.R.L.",1-31-43509-2,,NADIE MUERE EN AMBROSÍA,2017-01-13,2017-03-17,2200000.0,2200000.0,100.0,92820879.0,70838524.0,1.0,0,,0,,resolucion-cipac-no-2017-063_validacion-de-inversion-magna-s-r-l-nadie-muere-en-ambrosia.pdf
583,CIPAC-2017-064,2017,,,230,161,art_34,approved,"SUED & FARGESA, S.R.L.",1-01-02772-1,"FHALET BUSINESS, S.R.L.",1-31-43509-2,,NADIE MUERE EN AMBROSÍA,2017-01-13,2017-03-17,5000000.0,5000000.0,100.0,92820879.0,70838524.0,1.0,0,,0,,resolucion-cipac-no-2017-064_validacion-de-inversion-sued-_-fargesa-s-r-l-nadie-muere-en-ambrosia.pdf
584,CIPAC-2017-065,2017,,,230,161,art_34,approved,"PARALLAX VALORES PUESTO DE BOLSA, S.A.",1-01-56714-7,"FHALET BUSINESS, S.R.L.",1-31-43509-2,,NADIE MUERE EN AMBROSÍA,2017-01-13,2017-03-17,2000000.0,1677826.6,100.0,92820879.0,70838524.0,0.9,0,,1,total_budget_executed|set_manual|null|70838524.0|Propagated from sibling resolution CIPAC-2017-061 with same film title|cipac_2017_results.json|2026-08-03|JDP,resolucion-cipac-no-2017-065_validacion-de-inversion-parallax-valores-puesto-de-bolsa-s-a-nadie-muere-en-ambrosia.pdf
585,CIPAC-2017-066,2017,,,230,161,art_34,approved,"RIZEK, S.A.S.",1-01-66275-1,"FHALET BUSINESS, S.R.L.",1-31-43509-2,,NADIE MUERE EN AMBROSÍA,2017-01-13,2017-03-17,1116880.0,1116880.0,100.0,92820879.0,70838524.0,0.7,0,,1,total_budget_executed|set_manual|null|70838524.0|Propagated from sibling resolution CIPAC-2017-061 with same film title|cipac_2017_results.json|2026-08-03|JDP,resolucion-cipac-no-2017-066_validacion-de-inversion-rizek-s-a-s-nadie-muere-en-ambrosia.pdf
586,CIPAC-2017-067,2017,,,233,165,art_34,approved,"BANCO MÚLTIPLE BHD, S.A.",1-01-13679-2,"FENUMARTE, S.R.L.",1-31-42980-7,,LO QUE SIENTO POR TI,2017-01-13,2017-03-17,19978015.0,19978015.0,100.0,69121034.0,40171813.0,1.0,0,,0,,resolucion-cipac-no-2017-067_validacion-de-inversion-banco-multiple-bhd-leon-s-a-lo-que-siento-por-ti.pdf
587,CIPAC-2017-068,2017,,,233,16,art_34,approved,"SEGUROS UNIVERSAL, S.A.",1-01-00194-1,"FENUMARTE, S.R.L.",1-31-42980-7,,LO QUE SIENTO POR TI,2017-01-13,2017-03-17,20000000.0,20000000.0,100.0,69121034.0,40171813.0,1.0,0,,0,,resolucion-cipac-no-2017-068_validacion-de-inversion-seguros-universal-s-a-lo-que-siento-por-ti.pdf
588,CIPAC-2017-069,2017,,,243,170,art_34,approved,"ADMINISTRADORA DE FONDOS DE PENSIONES POPULAR, S.A.",1-01-76868-1,"ART3+4 PRODUCCIONES, S.R.L.",1-31-17333-2,,LA BARBERÍA,2017-01-20,2017-03-17,30000000.0,30000000.0,100.0,61491170.0,57859288.0,0.9,0,,1,total_budget_executed|set_manual|null|57859288.0|Propagated from sibling resolution CIPAC-2017-070 with same film title|cipac_2017_results.json|2026-08-03|JDP,resolucion-cipac-no-2017-069_validacion-de-inversion-administradora-de-fondos-de-pensiones-popular-s-a-la-barberia.pdf
589,CIPAC-2017-070,2017,,,243,170,art_34,approved,"BANCO MÚLTIPLE ADEMI, S.A.",1-01-74527-4,"ART3+4 PRODUCCIONES, S.R.L.",1-31-17333-2,,LA BARBERÍA,2017-01-20,2017-03-17,7000000.0,7000000.0,100.0,61491170.0,57859288.0,1.0,0,,0,,resolucion-cipac-no-2017-070_validacion-de-inversion-banco-multiple-ademi-s-a-la-barberia.pdf
590,CIPAC-2017-071,2017,,,243,170,art_34,approved,"BANCO POPULAR DOMINICANO, S. A. BANCO MÚLTIPLE",1-01-01063-2,"ART3+4 PRODUCCIONES, S.R.L.",1-31-17333-2,,LA BARBERÍA,2017-01-20,2017-03-17,18500000.0,18500000.0,100.0,61491170.0,57859288.0,1.0,0,,0,,resolucion-cipac-no-2017-071_validacion-de-inversion-banco-popular-dominicano-s-a-banco-multiple-la-barberia.pdf
591,CIPAC-2017-072,2017,,,243,170,art_34,approved,"COLE, S.R.L.",1-01-57555-7,"ART3+4 PRODUCCIONES, S.R.L.",1-31-17333-2,,LA BARBERÍA,2017-01-20,2017-03-17,2179418.0,2179418.0,100.0,61491170.0,57859288.0,1.0,0,,0,,resolucion-cipac-no-2017-072_validacion-de-inversion-cole-s-r-l-la-barberia.pdf
592,CIPAC-2017-073,2017,,,199,141,art_34,approved,"BANCO MÚLTIPLE BHD, S.A.",1-01-13679-2,"MAFE FILMS, S.R.L.",1-31-02473-4,,EL CORTE,2017-01-13,2017-03-17,10000000.0,10000000.0,100.0,76235989.0,63181266.0,1.0,0,,0,,resolucion-cipac-no-2017-073_validacion-de-inversion-banco-multiple-bhd-leon-s-a-el-corte.pdf
593,CIPAC-2017-074,2017,,,199,141,art_34,approved,"CIELOS ACÚSTICOS, S.R.L.",1-01-75637-3,"MAFE FILMS, S.R.L.",1-31-02473-4,,EL CORTE,2017-01-13,2017-03-17,3000000.0,3000000.0,100.0,76235989.0,63181266.0,1.0,0,,0,,resolucion-cipac-no-2017-074_validacion-de-inversion-cielos-acusticos-s-r-l-el-corte.pdf
594,CIPAC-2017-075,2017,,,199,141,art_34,approved,"CASA RODRÍGUEZ, S.A.S.",1-01-00106-2,"MAFE FILMS, S.R.L.",1-31-02473-4,,EL CORTE,2017-01-13,2017-03-17,7000000.0,7000000.0,100.0,76235989.0,63181266.0,1.0,0,,0,,resolucion-cipac-no-2017-075_validacion-de-inversion-casa-rodriguez-c-x-a-el-corte.pdf
595,CIPAC-2017-076,2017,,,199,141,art_34,approved,"CONSORCIO ENERGÉTICO PUNTA CANA MACAO, S.A.",1-01-58340-1,"MAFE FILMS, S.R.L.",1-31-02473-4,,EL CORTE,2017-01-13,2017-03-17,4600000.0,4600000.0,100.0,76235989.0,63181266.0,1.0,0,,0,,resolucion-cipac-no-2017-076_validacion-de-inversion-consorcio-energetico-punta-cana-macao-el-corte.pdf
596,CIPAC-2017-077,2017,,,199,141,art_34,approved,"LOTERÍA ELECTRÓNICA INTERNACIONAL DOMINICANA, S.A.",1-01-70527-2,"MAFE FILMS, S.R.L.",1-31-02473-4,,EL CORTE,2017-01-13,2017-03-17,35000000.0,35000000.0,100.0,76235989.0,63181266.0,0.9,0,,1,total_budget_executed|set_manual|null|63181266.0|Propagated from sibling resolution CIPAC-2017-073 with same film title|cipac_2017_results.json|2026-08-03|JDP,resolucion-cipac-no-2017-077_validacion-de-inversion-loteria-electronica-internacional-dominicana-s-a-leidsa-el-corte.pdf
597,CIPAC-2017-078,2017,,,199,141,art_34,approved,"TD BONDED WAREHOUSE, S.A.S.",1-30-89063-3,"MAFE FILMS, S.R.L.",1-31-02473-4,,EL CORTE,2017-01-13,2017-03-17,1500000.0,1500000.0,100.0,76235989.0,63181266.0,1.0,0,,0,,resolucion-cipac-no-2017-078_validacion-de-inversion-tb-bonded-warehouse-s-a-s-el-corte.pdf
598,CIPAC-2017-079,2017,,,199,141,art_34,approved,"LOS HIDALGOS, S.A.S.",1-01-05308-9,"MAFE FILMS, S.R.L.",1-31-02473-4,,EL CORTE,2017-01-13,2017-03-17,1946839.0,1946839.0,100.0,76235989.0,63181266.0,1.0,0,,0,,resolucion-cipac-no-2017-079_validacion-de-inversion-los-hidalgos-s-a-s-el-corte.pdf
599,CIPAC-2017-080,2017,,,201,140,art_34,approved,"INGENIERIA ESTRELLA, S.A.",1-02-31881-6,"XIMENA FILMS, S.R.L.",1-31-37233-3,,SÚPER PAPÁ,2017-01-16,2017-03-17,3283333.34,3283333.34,100.0,58217277.0,36342336.0,0.9,0,,1,total_budget_executed|set_manual|null|36342336.0|Propagated from sibling resolution CIPAC-2017-081 with same film title|cipac_2017_results.json|2026-08-03|JDP,resolucion-cipac-no-2017-080_validacion-de-inversion-ingenieria-estrella-s-a-super-papa.pdf
600,CIPAC-2017-081,2017,,,201,140,art_34,approved,"GRUPO RAMOS, S.A.",1-01-79682-2,"XIMENA FILMS, S.R.L.",1-31-37233-3,,SÚPER PAPÁ,2017-01-16,2017-03-17,30000000.0,30000000.0,100.0,58217277.0,36342336.0,1.0,0,,0,,resolucion-cipac-no-2017-081_validacion-de-inversion-grupo-ramos-s-a-super-papa.pdf
601,CIPAC-2017-082,2017,,,201,140,art_34,approved,"PERAVIA INDUSTRIAL, S.A.",1-15-00015-8,"XIMENA FILMS, S.R.L.",1-31-37233-3,,SÚPER PAPÁ,2017-01-16,2017-03-17,3000000.0,3000000.0,100.0,58217277.0,36342336.0,1.0,0,,0,,resolucion-cipac-no-2017-082_validacion-de-inversion-peravia-industrial-s-a-super-papa.pdf
602,CIPAC-2017-083,2017,,,224,163,art_34,approved,"GRUPO RAMOS, S.A.",1-01-79682-2,"MSX FILMS, S.R.L.",1-31-45335-1,,EL PLAN PERFECTO,2017-01-16,2017-03-17,25000000.0,25000000.0,100.0,64002924.0,49766684.0,1.0,0,,0,,resolucion-cipac-no-2017-083_validacion-de-inversion-grupo-ramos-s-a-el-plan-perfecto.pdf
603,CIPAC-2017-084,2017,,,224,163,art_34,approved,"CENTROS DEL CARIBE, S.A.S.",1-01-70451-9,"MSX FILMS, S.R.L.",1-31-45335-1,,EL PLAN PERFECTO,2017-01-16,2017-03-17,5000000.0,5000000.0,100.0,64002924.0,49766684.0,1.0,0,,0,,resolucion-cipac-no-2017-084_validacion-de-inversion-centros-del-caribe-s-a-s-el-plan-perfecto.pdf
604,CIPAC-2017-085,2017,,,224,163,art_34,approved,"CEMENTOS PROGRESO DOMINICANA, S.A.",1-11-00059-9,"MSX FILMS, S.R.L.",1-31-45335-1,,EL PLAN PERFECTO,2017-01-16,2017-03-17,4762694.0,4762694.0,100.0,64002924.0,49766684.0,1.0,0,,0,,resolucion-cipac-no-2017-085_validacion-de-inversion-cemex-dominicana-s-a-el-plan-perfecto.pdf
605,CIPAC-2017-086,2017,,,224,163,art_34,approved,"CERVECERÍA NACIONAL DOMINICANA, S.A.",1-01-00372-3,"MSX FILMS, S.R.L.",1-31-45335-1,,EL PLAN PERFECTO,2017-01-16,2017-03-17,10000000.0,10000000.0,100.0,64002924.0,49766684.0,0.9,0,,1,total_budget_executed|set_manual|null|49766684.0|Propagated from sibling resolution CIPAC-2017-083 with same film title|cipac_2017_results.json|2026-08-03|JDP,resolucion-cipac-no-2017-086_validacion-de-inversion-cerveceria-nacional-dominicana-s-a-el-plan-perfecto.pdf
606,CIPAC-2017-087,2017,,,203,149,art_34,approved,"CARTEL ADVENTURA MEDIA, INC",1-30-56936-3,"BATÚ FILMS, S.R.L.",1-31-11476-8,,LAS SIETE MUERTES,2017-01-16,2017-03-17,2000000.0,2000000.0,100.0,132750762.0,40502275.84,1.0,0,,0,,resolucion-cipac-no-2017-087_validacion-de-inversion-catel-adventura-media-imc-las-siete-muertes.pdf
607,CIPAC-2017-088,2017,,,203,149,art_34,approved,"VÍA LEASING, S.A.S.",1-01-62253-9,"BATÚ FILMS, S.R.L.",1-31-11476-8,,LAS SIETE MUERTES,2017-01-16,2017-03-17,974705.53,974705.53,100.0,132750762.0,40502275.84,0.9,0,,1,total_budget_executed|set_manual|null|40502275.84|Propagated from sibling resolution CIPAC-2017-087 with same film title|cipac_2017_results.json|2026-08-03|JDP,resolucion-cipac-no-2017-088_validacion-de-inversion-via-leasing-s-a-s-las-siete-muertes.pdf
608,CIPAC-2017-089,2017,,,164,134,art_34,approved,"BANCO POPULAR DOMINICANO, S. A. BANCO MÚLTIPLE",1-01-01063-2,"ART3+4 PRODUCCIONES, S.R.L.",1-31-17333-2,,CINDERELLO,2016-01-20,2017-03-17,67553756.48,67553756.48,100.0,131703377.0,75143255.0,1.0,0,,0,,resolucion-cipac-no-2017-089_validacion-de-inversion-banco-popular-dominicano-s-a-banco-multiple-cinderello.pdf
609,CIPAC-2017-090,2017,,,224,163,art_34,approved,"CERVECERÍA NACIONAL DOMINICANA, S.A.",1-01-00372-3,"MSX FILMS, S.R.L.",1-31-45335-1,,EL PLAN PERFECTO,2017-01-16,2017-03-17,5000000.0,5000000.0,100.0,64002924.0,49766684.0,0.9,0,,1,total_budget_executed|set_manual|null|49766684.0|Stamp covers budget executed paragraph|Resolution PDF budget section|2026-08-04|JDP,resolucion-cipac-no-2017-090_validacion-de-inversion-cerveceria-nacional-dominicana-s-a-el-plan-perfecto.pdf
610,CIPAC-2017-091,2017,,,245,172,art_34,approved,"COBINCA, S.A.",1-01-19447-2,"CANOA FILMS, S.R.L.",1-31-42379-5,,EL FANTASMA DE MI NOVIA,2017-01-18,2017-03-17,9428000.0,9428000.0,100.0,69976709.63,62428000.0,1.0,0,,0,,resolucion-cipac-no-2017-091_validacion-de-inversion-cobinca-s-a-el-fantasma-de-mi-novia.pdf
611,CIPAC-2017-092,2017,,,245,172,art_34,approved,"FREDERIC SCHAD, S.A.S.",1-01-00456-8,"CANOA FILMS, S.R.L.",1-31-42379-5,,EL FANTASMA DE MI NOVIA,2017-01-18,2017-03-17,2000000.0,2000000.0,100.0,69976709.63,62428000.0,1.0,0,,0,,resolucion-cipac-no-2017-092_validacion-de-inversion-frederic-schad-s-a-s-el-fantasma-de-mi-novia.pdf
612,CIPAC-2017-093,2017,,,245,172,art_34,approved,"GRUPO COMETA, S.A.S.",1-01-01943-3,"CANOA FILMS, S.R.L.",1-31-42379-5,,EL FANTASMA DE MI NOVIA,2017-01-18,2017-03-17,1500000.0,1500000.0,100.0,69976709.63,62428000.0,1.0,0,,0,,resolucion-cipac-no-2017-093_validacion-de-inversion-grupo-cometa-s-a-s-el-fantasma-de-mi-novia.pdf
613,CIPAC-2017-094,2017,,,246,172,art_34,approved,"PARTNERS OGILVY & MATHER MERCADO INTEGRADO, S.R.L.",1-01-63293-3,"CANOA FILMS, S.R.L.",1-31-42379-5,,EL FANTASMA DE MI NOVIA,2017-01-18,2017-03-17,1500000.0,1500000.0,100.0,69976709.63,62428000.0,1.0,0,,0,,resolucion-cipac-no-2017-094_validacion-de-inversion-partners-ogilvy-_-mather-mercadeo-integrado-s-r-l-el-fantasma-de-mi-novia.pdf
614,CIPAC-2017-095,2017,,,245,172,art_34,approved,"SEGURITEC, S.R.L.",1-02-61392-3,"CANOA FILMS, S.R.L.",1-31-42379-5,,EL FANTASMA DE MI NOVIA,2017-01-18,2017-03-17,1000000.0,1000000.0,100.0,69976709.63,62428000.0,1.0,0,,0,,resolucion-cipac-no-2017-095_validacion-de-inversion-seguritec-s-r-l-el-fantasma-de-mi-novia.pdf
615,CIPAC-2017-096,2017,,,245,172,art_34,approved,"HARBOUR BUSINESS CORP, S.R.L.",1-30-48298-5,"CANOA FILMS, S.R.L.",1-31-42379-5,,EL FANTASMA DE MI NOVIA,2017-01-18,2017-03-17,33859016.67,33859016.67,100.0,69976709.63,62428000.0,0.9,0,,1,total_budget_executed|set_manual|null|62428000.0|Propagated from sibling resolution CIPAC-2017-091 with same film title|cipac_2017_results.json|2026-08-03|JDP,resolucion-cipac-no-2017-096_validacion-de-inversion-harbour-business-corp-s-r-l-el-fantasma-de-mi-novia.pdf
616,CIPAC-2017-097,2017,,,245,172,art_34,approved,"MAGNA MOTORS, S.A.",1-01-05557-1,"CANOA FILMS, S.R.L.",1-31-42379-5,,EL FANTASMA DE MI NOVIA,2017-01-18,2017-03-17,12000000.0,12000000.0,100.0,69976709.63,62428000.0,1.0,0,,0,,resolucion-cipac-no-2017-097_validacion-de-inversion-magna-motors-s-a-el-fantasma-de-mi-novia.pdf
617,CIPAC-2017-099,2017,,,263,175,art_34,approved,"BRAVO, S.A.",1-01-60246-5,"ATAWALLPA FILMS, S.R.L.",1-31-39629-1,,THE BIBLE PROJECT 2,2017-03-13,2017-05-11,6269405.0,6269405.0,100.0,7329921.0,6269405.0,1.0,0,,0,,resolucion-cipac-no-2017-099_validacion-de-inversion-bravo-s-a-the-bible-project-2.pdf
618,CIPAC-2017-100,2017,,,237,154,art_34,approved,"ESCALA SOLAR ENERGÍAS RENOVABLES JIGG, S.R.L.",1-30-80535-2,"MAMUT FILMS, S.R.L.",1-31-30903-8,,ISLA DE LAS REPÚBLICAS,2017-03-28,2017-05-11,499388.0,499388.0,100.0,19584690.57,1093977.53,1.0,0,,0,,resolucion-cipac-no-2017-100_validacion-de-inversion-escala-solar-energias-renovables-jigg-s-r-l-isla-de-las-republicas.pdf
619,CIPAC-2017-101,2017,,,245,172,art_34,approved,"PLÁSTICOS MULTIFORM, S.A.S.",1-01-07061-7,"CANOA FILMS, S.R.L.",1-31-42379-5,,EL FANTASMA DE MI NOVIA,2017-04-04,2017-05-11,800000.0,800000.0,100.0,69976709.63,63228000.0,1.0,0,,0,,resolucion-cipac-no-2017-101_validacion-de-inversion-plasticos-multiform-s-a-s-el-fantasma-de-mi-novia.pdf
620,CIPAC-2017-102,2017,,,271,150,art_34,approved,"PLÁSTICOS MULTIFORM, S.A.S.",1-01-07061-7,"HELIX, S.R.L.",1-31-39469-8,,ESPAÑOLES POR EL CARIBE,2017-04-20,2017-05-11,3200000.0,3200000.0,100.0,55191344.58,7700000.0,1.0,0,,0,,resolucion-cipac-no-2017-102_validacion-de-inversion-plasticos-multiform-s-a-s-espanoles-en-el-caribe.pdf
621,CIPAC-2017-103,2017,,,271,150,art_34,approved,"CONSTRUCTORA DEL PAÍS, S.R.L.",1-02-30847-2,"HELIX, S.R.L.",1-31-39469-8,,ESPAÑOLES POR EL CARIBE,2017-04-20,2017-05-11,4000000.0,4000000.0,100.0,55191344.58,7700000.0,1.0,0,,0,,resolucion-cipac-no-2017-103_validacion-de-inversion-constructora-del-pais-s-r-l-espanoles-en-el-caribe.pdf
622,CIPAC-2017-104,2017,,,271,150,art_34,approved,"CONSTRUCTORA LEPUS CLE, S.R.L.",1-30-89747-6,"HELIX, S.R.L.",1-31-39469-8,,ESPAÑOLES POR EL CARIBE,2017-04-20,2017-05-11,500000.0,500000.0,100.0,55191344.58,7700000.0,1.0,0,,0,,resolucion-cipac-no-2017-104_validacion-de-inversion-constructora-lepus-cle-s-r-l-espanoles-en-el-caribe.pdf
623,CIPAC-2017-105,2017,,,167,,art_39,approved,,,"INVERSIONES BASKIRIA, S.R.L.",1-31-12779-7,,THE TRUE MEMOIRS OF AN INTERNATIONAL ASSASSIN,2016-10-05,2017-05-11,621197556.42,155299389.1,25.0,757668219.0,625433683.0,0.9,0,,1,tax_credit_dop|set_manual|null|155299389.10|OCR did not capture SEGUNDO paragraph|Resolution PDF SEGUNDO section|2026-08-04|JDP,resolucion-cipac-no-2017-105_validacion-de-inversion-inversiones-baskiria-s-r-l-the-true-memoirs-of-an-international-assassin.pdf
624,CIPAC-2017-108,2017,,,175,,art_39,approved,,,"FILM006, INC",1-31-37335-6,,XXX3: THE RETURN OF XANDER CAGE,2017-01-06,2017-06-01,750004505.27,187501126.32,25.0,785218371.0,750631461.0,1.0,0,,0,,resolucion-cipac-no-2017-108_validacion-de-inversion-rox-productions-l-l-c-xxx3-the-return-of-xander-cage.pdf
625,CIPAC-2017-109,2017,,,160,,art_39,approved,,,"FILM005, INC",1-31-31925-4,,EL VUELO DEL TURPIAL,2017-05-12,2017-06-01,133778514.0,15405853.75,25.0,513693187.0,133778514.0,1.0,0,,0,,resolucion-cipac-no-2017-109_validacion-de-inversion-r92-films-ca-l-l-c-el-vuelo-del-turpial.pdf
626,CIPAC-2017-110,2017,,,173,,art_39,approved,,,"DENZET INTERNATIONAL, S.R.L.",1-31-23550-6,,SURVIVOR TURKEY 2016,2017-01-02,2017-06-01,168538678.98,42134669.74,25.0,134600397.79,168538678.98,1.0,0,,0,,resolucion-cipac-no-2017-110_validacion-de-inversion-acun-medya-produksiyon-ve-reklam-hizmetleri-a-s-survivor-turkey-2016.pdf
627,CIPAC-2017-111,2017,,,098,070,art_34,approved,"ARS MONUMENTAL, S.A.",1-30-05800-8,"ECAH FILM, S.R.L.",1-31-14052-1,,GOLDEN BOYS,2017-06-13,2017-08-10,3406300.0,3406300.0,100.0,67798145.0,64140750.0,0.9,0,,1,total_budget_executed|set_manual|null|64140750.00|Stamp covers budget executed paragraph|Resolution PDF budget section|2026-08-04|JDP,resolucion-cipac-no-2017-111_validacion-de-inversion-ars-monumental-s-a-golden-boys.pdf
628,CIPAC-2017-112,2017,,,170,135,art_34,approved,"BANCO MÚLTIPLE BHD, S.A.",1-01-13679-2,"LIBÉLULA FILMS, S.R.L.",1-31-28932-2,,TEO Y EL SOL,2017-06-29,2017-08-10,5000000.0,5000000.0,100.0,58118630.0,42560914.47,1.0,0,,0,,resolucion-cipac-no-2017-112_validacion-de-inversion-banco-multiple-bhd-leon-s-a-teo-y-el-sol.pdf
629,CIPAC-2017-113,2017,,,201,140,art_34,approved,"GRUPO RAMOS, S.A.",1-01-79682-2,"XIMENA FILMS, S.R.L.",1-31-37233-3,,SÚPER PAPÁ,2017-07-07,2017-08-10,9600000.0,9600000.0,100.0,58217277.0,45942777.0,1.0,0,,0,,resolucion-cipac-no-2017-113_validacion-de-inversion-grupo-ramos-s-a-super-papa.pdf
630,CIPAC-2017-114,2017,,,177,113,art_34,approved,"LABORATORIOS FELTREX, S.A.",1-01-05037-3,"PILÓN PRODUCTIONS, S.R.L.",1-30-99100-6,,LUNA NEGRA,2017-07-20,2017-08-10,1000000.0,1000000.0,100.0,40761399.0,27242774.89,1.0,0,,0,,resolucion-cipac-no-2017-114_validacion-de-inversion-laboratorios-feltrex-s-a-luna-negra.pdf
631,CIPAC-2017-115,2017,,,218,139,art_34,approved,"BANCO BACC DE AHORRO Y CRÉDITO DEL CARIBE, S.A.",1-01-13879-3,"METRO FILMS, S.R.L.",1-30-97291-5,,LA TRAGEDIA DE RIO VERDE,2017-07-26,2017-08-10,4000000.0,4000000.0,100.0,49554153.0,40424196.02,0.9,0,,1,total_budget_executed|set_manual|null|40424196.02|Propagated from sibling resolution CIPAC-2017-116 with same film title|cipac_2017_results.json|2026-08-03|JDP,resolucion-cipac-no-2017-115_validacion-de-inversion-banco-bacc-de-ahorro-y-credito-del-caribe-s-a-la-tragedia-de-rio-verde.pdf
632,CIPAC-2017-116,2017,,,218,139,art_34,approved,"MOTOR CRÉDITO, S.A. (BANCO DE AHORRO Y CRÉDITO)",1-01-02828-9,"METRO FILMS, S.R.L.",1-30-97291-5,,LA TRAGEDIA DE RIO VERDE,2017-07-26,2017-08-10,4400000.0,4400000.0,100.0,49554153.0,40424196.02,1.0,0,,0,,resolucion-cipac-no-2017-116_validacion-de-inversion-motor-credito-s-a-banco-de-ahorro-y-credito-la-tragedia-de-rio-verde.pdf
633,CIPAC-2017-117,2017,,,287,188,art_34,approved,"CORPORACIÓN AEROPORTUARIA DEL ESTE, S.A.S.",1-01-09214-9,"TIMECODE FILMS, S.R.L.",1-30-82582-3,,PULSO,2017-07-03,2017-08-10,39584476.0,39584476.0,100.0,39979895.0,39584476.0,1.0,0,,0,,resolucion-cipac-no-2017-117_validacion-de-inversion-corporacion-aeroportuaria-del-este-s-a-s-pulso.pdf
634,CIPAC-2017-124,2017,,,272,179,art_34,approved,"ADMINISTRADORA DE FONDOS DE PENSIONES SIEMBRA, S.A.",1-01-78432-6,"GODRANISS GROUP, S.R.L.",1-31-37909-5,,TODAS LAS MUJERES SON IGUALES,2017-08-25,2017-10-26,5000000.0,5000000.0,100.0,69091240.0,67936557.0,1.0,0,,0,,resolucion-cipac-no-2017-124_validacion-de-inversion-administradora-de-fondos-de-pensiones-siembra-s-a-todas-las-mujeres-son-iguales.pdf
635,CIPAC-2017-125,2017,,,272,179,art_34,approved,"BANCO MÚLTIPLE BHD, S.A.",1-01-13679-2,"GODRANISS GROUP, S.R.L.",1-31-37909-5,,TODAS LAS MUJERES SON IGUALES,2017-08-25,2017-10-26,15000000.0,15000000.0,100.0,69091240.0,67936557.0,0.9,0,,1,total_budget_executed|set_manual|null|67936557.0|Propagated from sibling resolution CIPAC-2017-124 with same film title|cipac_2017_results.json|2026-08-03|JDP,resolucion-cipac-no-2017-125_validacion-de-inversion-banco-multiple-bhd-leon-s-a-todas-las-mujeres-son-iguales.pdf
636,CIPAC-2017-126,2017,,,272,179,art_34,approved,"BANCO MÚLTIPLE SANTA CRUZ, S.A.",1-02-01292-1,"GODRANISS GROUP, S.R.L",1-31-37909-5,,TODAS LAS MUJERES SON IGUALES,2017-08-25,2017-10-26,12000000.0,12000000.0,100.0,69091240.0,67936557.0,0.7,0,,1,total_budget_executed|set_manual|null|67936557.0|Propagated from sibling resolution CIPAC-2017-124 with same film title|cipac_2017_results.json|2026-08-03|JDP,resolucion-cipac-no-2017-126_validacion-de-inversion-banco-multiple-santa-cruz-s-a-todas-las-mujeres-son-iguales.pdf
637,CIPAC-2017-127,2017,,,272,179,art_34,approved,"MAGNA, S.R.L.",1-01-07254-7,"GODRANISS GROUP, S.R.L.",1-31-37909-5,,TODAS LAS MUJERES SON IGUALES,2017-08-25,2017-10-26,2000000.0,2000000.0,100.0,69091240.0,67936557.0,1.0,0,,0,,resolucion-cipac-no-2017-127_validacion-de-inversion-magna-s-r-l-todas-las-mujeres-son-iguales.pdf
638,CIPAC-2017-128,2017,,,272,179,art_34,approved,"PARALLAX VALORES PUESTO DE BOLSA, S.A.",1-01-56714-7,"GODRANISS GROUP, S.R.L.",1-31-37909-5,,TODAS LAS MUJERES SON IGUALES,2017-08-25,2017-10-26,3000000.0,3000000.0,100.0,69091240.0,67936557.0,1.0,0,,0,,resolucion-cipac-no-2017-128_validacion-de-inversion-parlax-valores-puesto-de-bolsa-s-a-todas-las-mujeres-son-iguales.pdf
639,CIPAC-2017-129,2017,,,272,179,art_34,approved,"PETROMÓVIL, S.A.",1-01-69727-1,"GODRANISS GROUP, S.R.L.",1-31-37909-5,,TODAS LAS MUJERES SON IGUALES,2017-08-25,2017-10-26,8000000.0,8000000.0,100.0,69091240.0,67936557.0,1.0,0,,0,,resolucion-cipac-no-2017-129_validacion-de-inversion-petromovil-s-a-todas-las-mujeres-son-iguales.pdf
640,CIPAC-2017-130,2017,,,272,179,art_34,approved,"PIMENTEL & CO, S.R.L.",1-02-00113-8,"GODRANISS GROUP, S.R.L.",1-31-37909-5,,TODAS LAS MUJERES SON IGUALES,2017-08-25,2017-10-26,3000000.0,3000000.0,100.0,69091240.0,67936557.0,0.9,0,,1,total_budget_executed|set_manual|null|67936557.0|Propagated from sibling resolution CIPAC-2017-124 with same film title|cipac_2017_results.json|2026-08-03|JDP,resolucion-cipac-no-2017-130_validacion-de-inversion-pimentel-_-co-s-r-l-todas-las-mujeres-son-iguales.pdf
641,CIPAC-2017-131,2017,,,272,179,art_34,approved,"RIZEK, S.A.S.",1-01-66275-1,"GODRANISS GROUP, S.R.L.",1-31-37909-5,,TODAS LAS MUJERES SON IGUALES,2017-08-25,2017-10-26,4883500.0,4883500.0,100.0,69091240.0,67936557.0,1.0,0,,0,,resolucion-cipac-no-2017-131_validacion-de-inversion-rizek-s-a-s-todas-las-mujeres-son-iguales.pdf
642,CIPAC-2017-132,2017,,,272,179,art_34,approved,"CERVECERÍA NACIONAL DOMINICANA, S.A.",1-01-00372-3,"GODRANISS GROUP, S.R.L.",1-31-37909-5,,TODAS LAS MUJERES SON IGUALES,2017-08-25,2017-10-26,10000000.0,10000000.0,100.0,69091240.0,67936557.0,1.0,0,,0,,resolucion-cipac-no-2017-132_validacion-de-inversion-cerveceria-nacional-dominicana-s-a-todas-las-mujeres-son-iguales.pdf
643,CIPAC-2017-133,2017,,,272,179,art_34,approved,"CONSTRUCTORA RIZEK & ASOCIADOS, S.R.L.",1-01-57804-1,"GODRANISS GROUP, S.R.L.",1-31-37909-5,,TODAS LAS MUJERES SON IGUALES,2017-08-25,2017-10-26,5000000.0,5000000.0,100.0,69091240.0,67936557.0,0.9,0,,1,total_budget_executed|set_manual|null|67936557.0|Propagated from sibling resolution CIPAC-2017-124 with same film title|cipac_2017_results.json|2026-08-03|JDP,resolucion-cipac-no-2017-133_validacion-de-inversion-constructora-rizek-_-asociados-s-r-l-todas-las-mujeres-son-iguales.pdf
644,CIPAC-2017-134,2017,,,219,,art_39,approved,,,"CARIBEMOTION RD, S.R.L.",1-01-86889-9,,ARE YOU THE ONE? SEASON 5,2016-06-13,2017-10-26,181025882.0,45116620.85,25.0,246903666.0,181025882.0,1.0,0,,0,,resolucion-cipac-no-2017-134_validacion-de-inversion-caribemotion-rd-s-r-l-are-you-the-one.pdf
645,CIPAC-2017-135,2017,,,275,,art_39,approved,,,"SOUTH WEST PRODUCTIONS, S.R.L.",1-31-32977-2,,LA ISLA,2017-09-08,2017-10-26,62378169.79,15594542.44,25.0,71856612.83,62864514.0,1.0,0,,0,,resolucion-cipac-no-2017-135_validacion-de-inversion-south-west-productions-s-r-l-la-isla.pdf
646,CIPAC-2017-136,2017,,,246,172,art_34,approved,"BANCO MÚLTIPLE BHD, S.A.",1-01-13679-2,"CANOA FILMS, S.R.L.",1-31-42379-5,,EL FANTASMA DE MI NOVIA,2017-09-12,2017-10-26,5278279.31,5278279.31,100.0,69976709.63,68506279.31,1.0,0,,0,,resolucion-cipac-no-2017-136_validacion-de-inversion-banco-multiple-bhd-leon-s-a-el-fantasma-de-mi-novia.pdf
647,CIPAC-2017-137,2017,,,249,167,art_34,approved,"BANCO DE AHORRO Y CRÉDITO ADOPEM, S.A.",1-03-00310-9,"FAULA FILMS, S.R.L.",1-30-89356-1,,MIRIAM MIENTE,2017-09-20,2017-10-26,9450000.0,9450000.0,100.0,35340778.0,9450000.0,1.0,0,,0,,resolucion-cipac-no-2017-137_validacion-de-inversion-banco-de-ahorro-y-credito-adopem-s-a-miriam-miente.pdf
648,CIPAC-2017-138,2017,,,283,197,art_34,approved,"BANCO MÚLTIPLE BHD, S.A.",1-01-13679-2,"20-20 FILMS, S.R.L.",1-31-16023-9,,BOTIJA,2017-09-20,2017-10-26,5000000.0,5000000.0,100.0,30959980.82,19499569.86,0.9,0,,1,total_budget_executed|set_manual|null|19499569.86|Stamp covers budget executed paragraph|Resolution PDF budget section|2026-08-04|JDP,resolucion-cipac-no-2017-138_validacion-de-inversion-banco-multiple-bhd-leon-s-a-botija.pdf
649,CIPAC-2017-139,2017,,,283,197,art_34,approved,"BANCO DE AHORRO Y CRÉDITO ADOPEM, S.A.",1-03-00310-9,"20-20 FILMS, S.R.L.",1-31-16023-9,,BOTIJA,2017-09-20,2017-10-26,14500000.0,19499569.86,100.0,30959980.82,19499569.86,0.9,0,,1,total_budget_executed|set_manual|null|19499569.86|Stamp covers budget executed paragraph|Resolution PDF budget section|2026-08-04|JDP,resolucion-cipac-no-2017-139_validacion-de-inversion-banco-de-ahorro-y-credito-adopem-s-a-botija.pdf
650,CIPAC-2017-140,2017,,,206,153,art_34,approved,"BANCO DE AHORRO Y CRÉDITO ADOPEM, S.A.",1-03-00310-9,"VIEWFINDER, S.R.L.",1-30-94190-4,,AGUJERO NEGRO,2017-09-28,2017-10-26,1049615.23,1049615.23,100.0,23906729.45,11049615.23,0.9,0,,1,total_budget_executed|set_manual|null|11049615.23|Stamp covers budget executed paragraph|Resolution PDF budget section|2026-08-04|JDP,resolucion-cipac-no-2017-140_validacion-de-inversion-banco-de-ahorro-y-credito-adopem-s-a-agujero-negro.pdf
651,CIPAC-2017-141,2017,,,092,064,art_34,approved,"CENTRO CUESTA NACIONAL, S.A.S.",1-01-01992-1,"AVE FÉNIX FILMS, S.R.L.",1-31-11816-1,,"PATRICIA, EL REGRESO DEL SUEÑO",2017-09-28,2017-10-26,5000000.0,5000000.0,100.0,52025386.0,51657484.0,1.0,0,,0,,resolucion-cipac-no-2017-141_validacion-de-inversion-centro-cuesta-nacional-s-a-s-patricia-el-regreso-del-sueno.pdf
652,CIPAC-2017-142,2017,,,092,064,art_34,approved,"GULFSTREAM PETROLEUM DOMINICANA, S.R.L.",1-01-00849-2,"AVE FÉNIX FILMS, S.R.L.",1-31-11816-1,,PATRICIA EL REGRESO DEL SUEÑO,2017-09-28,2017-10-26,2025000.0,1657484.0,100.0,52025386.0,51657484.0,1.0,0,,0,,resolucion-cipac-no-2017-142_validacion-de-inversion-gulfstream-petroleum-dominicana-s-de-rl-patricia-el-regreso-del-sueno.pdf
653,CIPAC-2017-143,2017,,,271,150,art_34,approved,"BANCO MÚLTIPLE ADEMI, S.A.",1-01-74527-4,"HELIX, S.R.L.",1-31-39469-8,,ESPAÑOLES POR EL CARIBE,2017-09-28,2017-10-26,10300000.0,10300000.0,100.0,55191344.58,21999567.94,1.0,0,,0,,resolucion-cipac-no-2017-143_validacion-de-inversion-banco-multiple-ademi-s-a-espanoles-por-el-caribe.pdf
654,CIPAC-2017-144,2017,,,271,150,art_34,approved,"ALMONTE & ASOCIADOS PARTS, S.A.",1-02-32742-4,"HELIX, S.R.L.",1-31-39469-8,,ESPAÑOLES POR EL CARIBE,2017-10-02,2017-10-26,3000000.0,3000000.0,100.0,55191344.58,21999567.94,0.9,0,,1,total_budget_executed|set_manual|null|21999567.94|Propagated from sibling resolution CIPAC-2017-143 with same film title|cipac_2017_results.json|2026-08-03|JDP,resolucion-cipac-no-2017-144_validacion-de-inversion-almonte-_-asociados-parts-s-a-espanoles-por-el-caribe.pdf
655,CIPAC-2017-145,2017,,,235,171,art_34,approved,"INVERSIONES FACTOR RUCEIN, S.R.L.",1-31-13731-8,"CUABA, S.R.L",1-31-36014-9,,D SORY,2017-10-24,2017-11-29,475000.0,475000.0,100.0,9852500.0,5386270.34,1.0,0,,0,,resolucion-cipac-no-2017-145_validacion-de-inversion-inversiones-factor-rucein-s-r-l-d-sory.pdf
656,CIPAC-2017-146,2017,,,235,171,art_34,approved,"LEAR INVESTMENTS, S.A.",1-31-29583-5,"CUABA, S.R.L",1-31-36014-9,,D SORY,2017-10-24,2017-11-29,2519980.0,2519980.0,100.0,9852500.0,5386270.34,1.0,0,,0,,resolucion-cipac-no-2017-146_validacion-de-inversion-lear-investments-s-a-d-sory.pdf
657,CIPAC-2017-147,2017,,,326,219,art_34,approved,"CRISTÓBAL COLÓN, S.A.",1-01-01606-1,"ART3+4 PRODUCCIONES, S.R.L.",1-31-17333-2,,MIS 500 LOCOS,2017-11-01,2017-11-29,14076480.0,14076480.0,100.0,69787540.0,14076480.0,0.9,0,,1,total_budget_executed|set_manual|null|14076480.0|Stamp covers budget executed paragraph|Resolution PDF budget section|2026-08-04|JDP,resolucion-cipac-no-2017-147_validacion-de-inversion-cristobal-colon-s-a-mis-500-locos.pdf
658,CIPAC-2017-148,2017,,,316,216,art_34,approved,"CRISTÓBAL COLÓN, S.A.",1-01-01606-1,"ART3+4 PRODUCCIONES, S.R.L.",1-31-17333-2,,PAPI,2017-11-01,2017-11-29,15835085.0,15835085.0,100.0,71179771.0,15875192.0,1.0,0,,0,,resolucion-cipac-no-2017-148_validacion-de-inversion-cristobal-colon-s-a-papi.pdf
659,CIPAC-2017-149,2017,,,327,192,art_34,approved,"NORTENA DEXCA, S.R.L",1-09-01250-3,"GRUPO TRUKEMER, S.R.L.",1-31-08399-4,,EL PROYECCIONISTA,2017-10-26,2017-11-29,2000000.0,2000000.0,100.0,59126063.0,2000000.0,1.0,0,,0,,resolucion-cipac-no-2017-149_validacion-de-inversion-nortena-dexca-s-r-l-el-proyeccionista.pdf
660,CIPAC-2017-150,2017,,,234,160,art_34,approved,"BANCO MÚLTIPLE BHD, S.A.",1-01-13679-2,"FRÍO FRÍO PRODUCTORA CINEMATOGRÁFICA, S.R.L.",1-31-12765-7,,VENENO,2017-10-23,2017-11-29,15000000.0,15000000.0,100.0,115126396.0,105500000.0,1.0,0,,0,,resolucion-cipac-no-2017-150_validacion-de-inversion-banco-multiple-bhd-leon-s-a-veneno.pdf
661,CIPAC-2017-152,2017,,,234,160,art_34,approved,"LABORATORIOS DR. COLLADO, S.A.",1-01-00555-6,"FRÍO FRÍO PRODUCTORA CINEMATOGRÁFICA, S.R.L.",1-31-12765-7,,VENENO,2017-10-23,2017-11-29,4000000.0,4000000.0,100.0,115126396.0,105500000.0,1.0,0,,0,,resolucion-cipac-no-2017-151_validacion-de-inversion-laboratorios-dr-collado-s-a-veneno.pdf
662,CIPAC-2017-151,2017,,,234,160,art_34,approved,"CERVECERÍA NACIONAL DOMINICANA, S.A.",1-01-00372-3,"FRÍO FRÍO PRODUCTORA CINEMATOGRÁFICA, S.R.L.",1-31-12765-7,,VENENO,2017-11-29,2017-11-29,15000000.0,15000000.0,100.0,115126396.0,105500000.0,1.0,0,,0,,resolucion-cipac-no-2017-152_validacion-de-inversion-cerveceria-nacional-dominicana-s-a-veneno.pdf
663,CIPAC-2018-001,2018,,,203,149,art_34,approved,"CONSTRUCTORA RIZEK & ASOCIADOS, S.R.L.",1-01-57804-1,"BATÚ FILMS, S.R.L.",1-31-11476-8,,LAS SIETE MUERTES,2017-10-11,2018-01-12,5500000.0,5500000.0,100.0,132750762.0,46002275.84,0.9,0,,1,total_budget_executed|set_manual|null|46002275.84|OCR did not capture executed budget paragraph|Resolution PDF budget section|2026-08-03|JDP,resolucion-cipac-no-2018-001_validacion-de-inversion-constructora-rizek-_-asociados-s-r-l-las-siete-muertes.pdf
664,CIPAC-2018-002,2018,,,249,167,art_34,approved,"CONSORCIO ENERGÉTICO PUNTA CANA MACAO, S.A.",1-01-58340-1,"FAULA FILMS, S.R.L.",1-30-89356-1,,MIRIAM MIENTE,2017-10-16,2018-01-12,2376500.0,2376500.0,100.0,35340778.0,2375500.0,0.9,0,,0,,resolucion-cipac-no-2018-002_validacion-de-inversion-consorcio-energetico-punta-cana-macao-s-a-miriam-miente.pdf
665,CIPAC-2018-003,2018,,,207,145,art_34,approved,"SANUT DOMINICANA, S.A.S.",1-02-33461-7,"AG FILMS, S.R.L.",1-31-17818-9,,EN TU PIEL,2017-11-07,2018-01-12,1994150.88,1994150.88,100.0,55501474.0,45750503.74,1.0,0,,0,,resolucion-cipac-no-2018-003_validacion-de-inversion-sanut-dominicana-s-a-s-en-tu-piel.pdf
666,CIPAC-2018-004,2018,,,207,145,art_34,approved,"CONSORCIO ENERGÉTICO PUNTA CANA MACAO, S.A.",1-01-58340-1,"AG FILMS, S.R.L.",1-31-17818-9,,EN TU PIEL,2017-11-07,2018-01-12,2371065.0,2371065.0,100.0,55501474.0,45750503.74,1.0,0,,0,,resolucion-cipac-no-2018-004_validacion-de-inversion-consorcio-energetico-punta-cana-macao-s-a-en-tu-piel.pdf
667,CIPAC-2018-005,2018,,,207,145,art_34,approved,"MAGNA MOTORS, S.A.",1-01-05557-1,"AG FILMS, S.R.L.",1-31-17818-9,,EN TU PIEL,2017-11-07,2018-01-12,8000000.0,5566833.63,100.0,55501474.0,45750503.74,0.9,0,,1,total_budget_executed|set_manual|null|45750503.74|Propagated from sibling resolution CIPAC-2018-003 with same film title|cipac_2018_results.json|2026-08-03|JDP,resolucion-cipac-no-2018-005_validacion-de-inversion-magna-motors-s-a-en-tu-piel.pdf
668,CIPAC-2018-006,2018,,,231,164,art_34,approved,"GRUPO COMETA, S.A.S.",1-01-01943-3,"REMEDIO FILMS, S.R.L.",1-31-12165-9,,MAÑANA NO TE OLVIDES,2017-11-14,2018-01-12,2000000.0,2000000.0,100.0,58684529.84,33249817.31,1.0,0,,0,,resolucion-cipac-no-2018-006_validacion-de-inversion-grupo-cometa-s-a-s-manana-no-te-olvides.pdf
669,CIPAC-2018-007,2018,,,231,164,art_34,approved,"CONSORCIO ENERGÉTICO PUNTA CANA MACAO, S.A.",1-01-58340-1,"REMEDIO FILMS, S.R.L.",1-31-12165-9,,MAÑANA NO TE OLVIDES,2017-11-14,2018-01-12,4750000.0,4750000.0,100.0,58684529.84,33249817.31,1.0,0,,0,,resolucion-cipac-no-2018-007_validacion-de-inversion-consorcio-energetico-punta-cana-macao-s-a-manana-no-te-olvides.pdf
670,CIPAC-2018-008,2018,,,231,164,art_34,approved,"BANCO MÚLTIPLE ADEMI, S.A.",1-01-74527-4,"REMEDIO FILMS, S.R.L.",1-31-12165-9,,MAÑANA NO TE OLVIDES,2017-11-14,2018-01-12,6400000.0,6400000.0,100.0,58684529.84,33249817.31,1.0,0,,0,,resolucion-cipac-no-2018-008_validacion-de-inversion-banco-multiple-ademi-s-a-manana-no-te-olvides.pdf
671,CIPAC-2018-009,2018,,,231,164,art_34,approved,"COMPANÍA DOMINICANA DE TELÉFONOS, S.A.",1-01-00157-7,"REMEDIO FILMS, S.R.L.",1-31-12165-9,,MAÑANA NO TE OLVIDES,2017-11-14,2018-01-12,7000000.0,7000000.0,100.0,58684529.84,33249817.31,0.9,0,,1,total_budget_executed|set_manual|null|33249817.31|Propagated from sibling resolution CIPAC-2018-006 with same film title|cipac_2018_results.json|2026-08-03|JDP,resolucion-cipac-no-2018-009_validacion-de-inversion-compania-dominicana-de-telefonos-s-a-manana-no-te-olvides.pdf
672,CIPAC-2018-010,2018,,,231,164,art_34,approved,"AEROPUERTO INTERNACIONAL DEL CIBAO, S.A.",1-02-61324-9,"REMEDIO FILMS, S.R.L.",1-31-12165-9,,MAÑANA NO TE OLVIDES,2017-11-14,2018-01-12,10000000.0,10000000.0,100.0,58684529.84,33249817.31,1.0,0,,0,,resolucion-cipac-no-2018-010_validacion-de-inversion-aeropuerto-internacional-del-cibao-s-a-manana-no-te-olvides.pdf
673,CIPAC-2018-011,2018,,,231,164,art_34,approved,"DISASHOP DOMINICANA, S.R.L.",1-30-17301-1,"REMEDIO FILMS, S.R.L.",1-31-12165-9,,MAÑANA NO TE OLVIDES,2017-11-14,2018-01-12,2500000.0,2500000.0,100.0,58684529.84,33249817.31,1.0,0,,0,,resolucion-cipac-no-2018-011_validacion-de-inversion-disa-consulting-dominicana-s-r-l-manana-no-te-olvides.pdf
674,CIPAC-2018-012,2018,,,231,164,art_34,approved,"MOTOR CRÉDITO, S.A. (BANCO DE AHORRO Y CRÉDITO)",1-01-02828-9,"REMEDIO FILMS, S.R.L.",1-31-12165-9,,MAÑANA NO TE OLVIDES,2017-11-14,2018-01-12,599817.31,599817.31,100.0,58684529.84,33249817.31,0.9,0,,1,total_budget_executed|set_manual|null|33249817.31|Propagated from sibling resolution CIPAC-2018-006 with same film title|cipac_2018_results.json|2026-08-03|JDP,resolucion-cipac-no-2018-012_validacion-de-inversion-banco-de-ahorro-_-credito-motor-credito-s-a-manana-no-te-olvides.pdf
675,CIPAC-2018-013,2018,,,269,183,art_34,approved,"HARBOUR BUSINESS CORP, S.R.L.",1-30-48298-5,"BACANARAMA PRODUCCIONES, S.R.L.",1-31-46554-4,,EL DÍA DE LA TORMENTA,2017-12-22,2018-01-12,8618720.0,8618720.0,100.0,8799420.0,8618720.0,0.9,0,,1,total_budget_executed|set_manual|null|8618720.0|OCR did not capture executed budget paragraph|Resolution PDF budget section|2026-08-03|JDP,resolucion-cipac-no-2018-013_validacion-de-inversion-harbour-business-corp-s-r-l-el-dia-de-la-tormenta.pdf
676,CIPAC-2018-014,2018,,,306,143,art_34,approved,"CONSORCIO DE TARJETAS DOMINICANAS, S.A.",1-01-65432-5,"F & B FILMS, S.R.L.",1-30-78516-3,,DOMINICANOS EN EL MEDIO ORIENTE,2017-12-22,2018-01-12,1500000.0,1500000.0,100.0,13855529.74,1500000.0,0.9,0,,1,total_budget_executed|set_manual|null|1500000.00|OCR did not capture executed budget paragraph|Resolution PDF budget section|2026-08-03|JDP,resolucion-cipac-no-2018-014_validacion-de-inversion-consorcio-de-tarjetas-dominicanas-s-a-carnet-dominicanos-en-el-medio-oriente.pdf
677,CIPAC-2018-015,2018,,,230,161,art_34,approved,"PARALLAX VALORES PUESTO DE BOLSA, S.A.",1-01-56714-7,"FHALET BUSINESS, S.R.L.",1-31-43509-2,,NADIE MUERE EN AMBROSÍA,2017-11-23,2018-01-12,1500000.0,1419734.0,100.0,92820879.0,86847562.0,1.0,0,,0,,resolucion-cipac-no-2018-015_validacion-de-inversion-parallax-valores-puesto-de-bolsa-s-a-nadie-muere-en-ambrosia.pdf
678,CIPAC-2018-016,2018,,,230,161,art_34,approved,"TERMO ENVASES, S.A.",1-01-57338-4,"FHALET BUSINESS, S.R.L.",1-31-43509-2,,NADIE MUERE EN AMBROSÍA,2017-11-23,2018-01-12,13550000.0,13550000.0,100.0,92820879.0,86847562.0,1.0,0,,0,,resolucion-cipac-no-2018-016_validacion-de-inversion-termo-envases-s-a-nadie-muere-en-ambrosia.pdf
679,CIPAC-2018-017,2018,,,230,161,art_34,approved,"PARALLAX FACTORING, S.A.",1-01-88881-4,"FHALET BUSINESS, S.R.L.",1-31-43509-2,,NADIE MUERE EN AMBROSÍA,2017-11-23,2018-01-12,4500000.0,4500000.0,100.0,92820879.0,86847562.0,1.0,0,,0,,resolucion-cipac-no-2018-017_validacion-de-inversion-parallax-factoring-s-a-nadie-muere-en-ambrosia.pdf
680,CIPAC-2018-018,2018,,,294,191,art_34,approved,"ALTICE DOMINICANA, S.A.",1-01-61878-7,"CHEYLARD GROUP, S.R.L.",1-31-52601-2,,EL ÚLTIMO DE LA FILA (COLAO),2017-11-28,2018-01-12,20000000.0,20000000.0,100.0,64968954.0,61786991.0,1.0,0,,1,resolution_number|correct_value|CIPAC-2017-018|CIPAC-2018-018|DGCINE numbering error corrected|Resolution PDF|2026-08-25|JDP,resolucion-cipac-no-2018-018_validacion-de-inversion-altice-hispaniola-s-a-el-ultimo-en-la-fila-colao.pdf
681,CIPAC-2018-019,2018,,,294,191,art_34,approved,"BANCO MÚLTIPLE BHD, S.A.",1-01-13679-2,"CHEYLARD GROUP, S.R.L.",1-31-52601-2,,EL ÚLTIMO DE LA FILA (COLAO),2017-11-28,2018-01-12,10000000.0,10000000.0,100.0,64968954.0,61786991.0,1.0,0,,0,,resolucion-cipac-no-2018-019_validacion-de-inversion-banco-multiple-bhd-leon-s-a-el-ultimo-de-la-fila-colao.pdf
682,CIPAC-2018-020,2018,,,294,191,art_34,approved,"CERVECERÍA NACIONAL DOMINICANA, S.A.",1-01-00372-3,"CHEYLARD GROUP, S.R.L.",1-31-52601-2,,EL ÚLTIMO DE LA FILA (COLAO),2017-11-28,2018-01-12,10000000.0,10000000.0,100.0,64968954.0,61786991.0,1.0,0,,0,,resolucion-cipac-no-2018-020_validacion-de-inversion-cerveceria-nacional-dominicana-s-a-el-ultimo-en-la-fila-colao.pdf
683,CIPAC-2018-021,2018,,,294,191,art_34,approved,"CONSORCIO ENERGÉTICO PUNTA CANA MACAO, S.A.",1-01-58340-1,"CHEYLARD GROUP, S.R.L.",1-31-52601-2,,EL ÚLTIMO DE LA FILA (COLAO),2017-11-28,2018-01-12,4754000.0,4754000.0,100.0,64968954.0,61786991.0,1.0,0,,0,,resolucion-cipac-no-2018-021_validacion-de-inversion-consorcio-energetico-punta-cana-macao-s-a-el-ultimo-en-la-fila-colao.pdf
684,CIPAC-2018-022,2018,,,294,191,art_34,approved,"TOTALENERGIES MARKETING DOMINICANA, S.A.",1-01-06874-4,"CHEYLARD GROUP, S.R.L.",1-31-52601-2,,EL ÚLTIMO DE LA FILA (COLAO),2017-11-28,2018-01-12,10000000.0,10000000.0,100.0,64968954.0,61786991.0,1.0,0,,0,,resolucion-cipac-no-2018-022_validacion-de-inversion-v-energy-s-a-el-ultimo-en-la-fila-colao.pdf
685,CIPAC-2018-023,2018,,,294,191,art_34,approved,"CENTROS DEL CARIBE, S.A.S.",1-01-70451-9,"CHEYLARD GROUP, S.R.L.",1-31-52601-2,,EL ÚLTIMO DE LA FILA (COLAO),2017-11-28,2018-01-12,7032991.0,7032991.0,100.0,64968954.0,61786991.0,0.9,0,,1,validated_amount_dop|set_manual|null|7032991.00|Stamp covers PRIMERO paragraph|Resolution PDF budget section|2026-08-03|JDP,resolucion-cipac-no-2018-023_validacion-de-inversion-centro-del-caribe-s-a-s-el-ultimo-en-la-fila-colao.pdf
686,CIPAC-2018-024,2018,,,295,194,art_34,approved,"GRUPO RAMOS, S.A.",1-01-79682-2,"XELATEP INVESTMENTS, S.R.L.",1-31-52909-7,,PASAO DE LIBRA,2017-11-16,2018-01-12,20400000.0,20400000.0,100.0,66978613.0,61400000.0,1.0,0,,0,,resolucion-cipac-no-2018-024_validacion-de-inversion-grupo-ramos-s-a-pasao-de-libras.pdf
687,CIPAC-2018-025,2018,,,295,194,art_34,approved,"PERAVIA INDUSTRIAL, S.A.",1-15-00015-8,"XELATEP INVESTMENTS, S.R.L.",1-31-52909-7,,PASAO DE LIBRA,2017-11-30,2018-01-12,3000000.0,3000000.0,100.0,66978613.0,61400000.0,1.0,0,,0,,resolucion-cipac-no-2018-025_validacion-de-inversion-peravia-industrial-s-r-l-pasao-de-libra.pdf
688,CIPAC-2018-026,2018,,,295,194,art_34,approved,"COBINCA, S.A.",1-01-19447-2,"XELATEP INVESTMENTS, S.R.L.",1-31-52909-7,,PASAO DE LIBRA,2017-11-16,2018-01-12,18000000.0,18000000.0,100.0,66978613.0,61400000.0,1.0,0,,0,,resolucion-cipac-no-2018-026_validacion-de-inversion-cobinca-s-a-pasao-de-libras.pdf
689,CIPAC-2018-027,2018,,,295,194,art_34,approved,"LOTERÍA ELECTRÓNICA INTERNACIONAL DOMINICANA, S.A.",1-01-70527-2,"XELATEP INVESTMENTS, S.R.L.",1-31-52909-7,,PASAO DE LIBRA,2017-11-16,2018-01-12,20000000.0,20000000.0,100.0,66978613.0,61400000.0,1.0,0,,0,,resolucion-cipac-no-2018-027_validacion-de-inversion-loteria-electronica-internacional-dominicana-s-a-leidsa-pasao-de-libra.pdf
690,CIPAC-2018-028,2018,,,218,139,art_34,approved,"HARBOUR BUSINESS CORP, S.R.L.",1-30-48298-5,"METRO FILMS, S.R.L.",1-30-97291-5,,LA TRAGEDIA DE RIO VERDE,2017-12-20,2018-01-12,4033800.0,4033800.0,100.0,49554153.0,44457996.02,1.0,0,,0,,resolucion-cipac-no-2018-028_validacion-de-inversion-harbour-business-corp-s-r-l-la-tragedia-de-rio-verde.pdf
691,CIPAC-2018-029,2018,,,302,197,art_34,approved,ALPHA SOCIEDAD DE VALORES S.A. PUESTO DE BOLSA,1-30-53836-2,"PELÍCULAS HECHAS A MANO, S.R.L.",1-31-29543-6,,COLOURS,2017-12-20,2018-01-12,3500000.0,3500000.0,100.0,47982446.4,33501558.51,1.0,0,,0,,resolucion-cipac-no-2018-029_validacion-de-inversion-alpha-sociedad-de-valores-s-a-puesto-de-bolsa-colours.pdf
692,CIPAC-2018-030,2018,,,177,113,art_34,approved,"CONSORCIO ENERGÉTICO PUNTA CANA MACAO, S.A.",1-01-58340-1,"PILÓN PRODUCTIONS, S.R.L.",1-30-99100-6,,LUNA NEGRA,2017-12-20,2018-01-12,4765000.0,4764885.95,100.0,40761399.0,27242774.89,1.0,0,,0,,resolucion-cipac-no-2018-030_validacion-de-inversion-consorcio-energetico-punta-cana-macao-s-a-luna-negra.pdf
693,CIPAC-2018-031,2018,,,177,113,art_34,approved,ALPHA SOCIEDAD DE VALORES S.A. PUESTO DE BOLSA,1-30-53836-2,"PILÓN PRODUCTIONS, S.R.L.",1-30-99100-6,,LUNA NEGRA,2017-12-20,2018-01-12,680000.0,680000.0,100.0,40761399.0,27242774.89,1.0,0,,0,,resolucion-cipac-no-2018-031_validacion-de-inversion-alpha-sociedad-de-valores-s-a-puesto-de-bolsa-luna-negra.pdf
694,CIPAC-2018-032,2018,,,262,178,art_34,approved,"BANCO MÚLTIPLE BHD, S.A.",1-01-13679-2,"PRODUCCIONES AMARU, S.R.L.",1-31-39513-9,,MI PAÍS (HAY UN PAÍS EN EL MUNDO),2017-11-13,2018-01-12,44204941.32,44204941.32,100.0,44204941.32,44175670.0,0.9,0,,1,total_budget_executed|set_manual|null|44175670.00|OCR did not capture executed budget paragraph|Resolution PDF budget section|2026-08-03|JDP,resolucion-cipac-no-2018-032_validacion-de-inversion-banco-multiple-bhd-leon-s-a-mi-pais-hay-un-pais-en-el-mundo.pdf
695,CIPAC-2018-033,2018,,,302,197,art_34,approved,"BANCO MÚLTIPLE ADEMI, S.A.",1-01-74527-4,"PELÍCULAS HECHAS A MANO, S.R.L.",1-31-29543-6,,COLOURS,2017-11-20,2018-01-25,10000000.0,10000000.0,100.0,47982446.4,30001558.51,1.0,0,,0,,resolucion-cipac-no-2018-033_validacion-de-inversion-banco-multiple-ademi-s-a-colours.pdf
696,CIPAC-2018-034,2018,,,302,197,art_34,approved,"BANCO MÚLTIPLE BHD, S.A.",1-01-13679-2,"PELÍCULAS HECHAS A MANO, S.R.L.",1-31-29543-6,,COLOURS,2017-11-20,2018-01-25,19674068.21,19674068.21,100.0,47982446.4,30001558.51,1.0,0,,0,,resolucion-cipac-no-2018-034_validacion-de-inversion-banco-multiple-bhd-leon-s-a-colours.pdf
697,CIPAC-2018-035,2018,,,283,187,art_34,approved,"HARBOUR BUSINESS CORP, S.R.L.",1-30-48298-5,"20-20 FILMS, S.R.L.",1-31-16023-9,,BOTIJA,2017-12-19,2018-01-25,6460000.0,6460000.0,100.0,30959980.82,25959569.36,1.0,0,,0,,resolucion-cipac-no-2018-035_validacion-de-inversion-harbour-business-corp-s-r-l-botija.pdf
698,CIPAC-2018-036,2018,,,237,154,art_34,approved,"CONSORCIO ENERGÉTICO PUNTA CANA MACAO, S.A.",1-01-58340-1,"MAMUT FILMS, S.R.L.",1-31-30903-8,,ISLA DE LAS REPÚBLICAS,2018-01-02,2018-01-25,2350000.0,2350000.0,100.0,19854690.57,17344037.54,0.9,0,,1,total_budget_executed|set_manual|null|17344037.54|Propagated from sibling resolution CIPAC-2018-037 with same film title|cipac_2018_results.json|2026-08-03|JDP,resolucion-cipac-no-2018-036_validacion-de-inversion-consorcio-energetico-punta-cana-macao-s-a-isla-de-la-republicas.pdf
699,CIPAC-2018-037,2018,,,237,154,art_34,approved,"PLANETA AZUL, S.A.",1-01-50393-9,"MAMUT FILMS, S.R.L.",1-31-30903-8,,ISLA DE LAS REPÚBLICAS,2018-01-02,2018-01-25,4000000.0,4000000.0,100.0,19854690.57,17344037.54,1.0,0,,0,,resolucion-cipac-no-2018-037_validacion-de-inversion-agua-planeta-azul-s-a-isla-de-las-republicas.pdf
700,CIPAC-2018-038,2018,,,292,186,art_34,approved,"MARMOTECH, S.A.",1-01-52126-2,"GLUCK AUDIOVISUAL PRODUCTIONS, S.R.L.",1-31-13081-1,,MOSH,2018-01-21,2018-01-25,4972115.91,4972115.91,100.0,69936940.0,61992615.6,1.0,0,,0,,resolucion-cipac-no-2018-038_validacion-de-inversion-marmotech-s-a-mosh.pdf
701,CIPAC-2018-039,2018,,,292,186,art_34,approved,"AEROPUERTO INTERNACIONAL DEL CIBAO, S.A.",1-02-61324-9,"GLUCK AUDIOVISUAL PRODUCTIONS, S.R.L.",1-31-13081-1,,MOSH,2017-12-21,2018-01-25,5000000.0,4972231.66,100.0,69936940.0,61992615.6,1.0,0,,0,,resolucion-cipac-no-2018-039_validacion-de-inversion-aeropuerto-internacional-del-cibao-s-a-mosh.pdf
702,CIPAC-2018-040,2018,,,292,186,art_34,approved,"BANCO BACC DE AHORRO Y CRÉDITO DEL CARIBE, S.A.",1-01-13879-3,"GLUCK AUDIOVISUAL PRODUCTIONS, S.R.L.",1-31-13081-1,,MOSH,2017-12-21,2018-01-25,5000000.0,5000000.0,100.0,69936940.0,61992615.6,0.9,0,,1,total_budget_executed|set_manual|null|61992615.6|Propagated from sibling resolution CIPAC-2018-038 with same film title|cipac_2018_results.json|2026-08-03|JDP,resolucion-cipac-no-2018-040_validacion-de-inversion-banco-bacc-de-ahorro-y-credito-del-caribe-s-a-mosh.pdf
703,CIPAC-2018-041,2018,,,292,186,art_34,approved,"MAGNA, S.R.L.",1-01-07254-7,"GLUCK AUDIOVISUAL PRODUCTIONS, S.R.L.",1-31-13081-1,,MOSH,2018-01-21,2018-01-25,5000000.0,5000000.0,100.0,69936940.0,61992615.6,0.9,0,,1,validated_amount_dop|set_manual|null|5000000.00|OCR split PRIMERO paragraph across pages losing amount|Resolution PDF PRIMERO section|2026-08-04|JDP,resolucion-cipac-no-2018-041_validacion-de-inversion-magna-s-r-l-mosh.pdf
704,CIPAC-2018-042,2018,,,292,186,art_34,approved,"VMO INDUSTRIAS, S.A.",1-01-76756-1,"GLUCK AUDIOVISUAL PRODUCTIONS, S.R.L.",1-31-13081-1,,MOSH,2017-12-21,2018-01-25,1424248.52,1424248.52,100.0,69936940.0,61992615.6,0.8,0,,1,total_budget_executed|set_manual|null|61992615.6|Propagated from sibling resolution CIPAC-2018-038 with same film title|cipac_2018_results.json|2026-08-03|JDP,resolucion-cipac-no-2018-042_validacion-de-inversion-vmo-industrias-s-a-mosh.pdf
705,CIPAC-2018-043,2018,,,292,186,art_34,approved,"FLOR DE ORO, S.R.L.",1-01-04469-1,"GLUCK AUDIOVISUAL PRODUCTIONS, S.R.L.",1-31-13081-1,,MOSH,2018-01-21,2018-01-25,2000000.0,1998769.79,100.0,69936940.0,61992615.6,0.9,0,,1,total_budget_executed|set_manual|null|61992615.6|Propagated from sibling resolution CIPAC-2018-038 with same film title|cipac_2018_results.json|2026-08-03|JDP,resolucion-cipac-no-2018-043_validacion-de-inversion-flor-de-oro-s-r-l-mosh.pdf
706,CIPAC-2018-044,2018,,,292,186,art_34,approved,"HARBOUR BUSINESS II, S.R.L.",1-30-74382-7,"GLUCK AUDIOVISUAL PRODUCTIONS, S.R.L.",1-31-13081-1,,MOSH,2018-01-21,2018-01-25,5000000.0,4999099.69,100.0,69936940.0,61992615.6,1.0,0,,0,,resolucion-cipac-no-2018-044_validacion-de-inversion-harbour-business-ii-s-r-l-mosh.pdf
707,CIPAC-2018-045,2018,,,292,186,art_34,approved,"PROPANO Y DERIVADOS, S.A.",1-01-03373-8,"GLUCK AUDIOVISUAL PRODUCTIONS, S.R.L.",1-31-13081-1,,MOSH,2018-01-21,2018-01-25,7000000.0,7000000.0,100.0,69936940.0,61992615.6,1.0,0,,0,,resolucion-cipac-no-2018-045_validacion-de-inversion-propano-y-derivados-s-a-mosh.pdf
708,CIPAC-2018-046,2018,,,292,186,art_34,approved,"BANCO MÚLTIPLE BDI, S.A.",1-01-04029-7,"GLUCK AUDIOVISUAL PRODUCTIONS, S.R.L.",1-31-13081-1,,MOSH,2018-01-21,2018-01-25,3000000.0,2998633.48,100.0,69936940.0,61992615.6,0.9,0,,1,total_budget_executed|set_manual|null|61992615.6|Propagated from sibling resolution CIPAC-2018-038 with same film title|cipac_2018_results.json|2026-08-03|JDP,resolucion-cipac-no-2018-046_validacion-de-inversion-banco-multiple-bdi-s-a-mosh.pdf
709,CIPAC-2018-047,2018,,,292,186,art_34,approved,"BANCO MÚLTIPLE BHD, S.A.",1-01-13679-2,"GLUCK AUDIOVISUAL PRODUCTIONS, S.R.L.",1-31-13081-1,,MOSH,2018-01-21,2018-01-25,18608760.0,18608760.0,100.0,69936940.0,61992615.6,0.9,0,,1,pur_number|set_manual|null|292|OCR did not capture PUR number|Resolution PDF header p.1|2026-08-03|JDP,resolucion-cipac-no-2018-047_validacion-de-inversion-banco-multiple-bhd-leon-s-a-mosh.pdf
710,CIPAC-2018-048,2018,,,292,186,art_34,approved,"PACIFIC ASSETS, CORP",1-22-01963-4,"GLUCK AUDIOVISUAL PRODUCTIONS, S.R.L.",1-31-13081-1,,MOSH,2018-01-21,2018-01-25,3000000.0,2998639.24,100.0,69936940.0,61992615.6,1.0,0,,0,,resolucion-cipac-no-2018-048_validacion-de-inversion-pacific-assets-corp-mosh.pdf
711,CIPAC-2018-049,2018,,,292,186,art_34,approved,"CONSTRUCTORA BISONÓ, S.A.",1-01-01425-3,"GLUCK AUDIOVISUAL PRODUCTIONS, S.R.L.",1-31-13081-1,,MOSH,2018-01-21,2018-01-25,5000000.0,4984897.37,100.0,69936940.0,61992615.6,1.0,0,,0,,resolucion-cipac-no-2018-049_validacion-de-inversion-constructora-bisono-s-a-mosh.pdf
712,CIPAC-2018-052,2018,,,333,227,art_34,approved,"BANCO MÚLTIPLE BDI, S.A.",1-01-04029-7,"CHIC FILMS, S.R.L.",1-31-61831-6,,A TU LADO,2018-01-02,2018-01-25,1000000.0,1000000.0,100.0,53829657.07,13876375.8,1.0,0,,0,,resolucion-cipac-no-2018-052_validacion-de-inversion-banco-multiple-bdi-s-a-a-tu-lado.pdf
713,CIPAC-2018-053,2018,,,333,227,art_34,approved,"CIELOS ACÚSTICOS, S.R.L.",1-01-75637-3,"CHIC FILMS, S.R.L.",1-31-61831-6,,A TU LADO,2018-01-02,2018-01-25,2000000.0,2000000.0,100.0,53829657.07,13876375.8,1.0,0,,0,,resolucion-cipac-no-2018-053_validacion-de-inversion-cielos-acusticos-s-r-l-a-tu-lado.pdf
714,CIPAC-2018-054,2018,,,333,227,art_34,approved,"GNB COMUNICACIÓN E IMAGEN, S.A.",1-01-56881-1,"CHIC FILMS, S.R.L.",1-31-61831-6,,A TU LADO,2018-01-02,2018-01-25,1981447.7,1981447.7,100.0,53829657.07,13876375.8,1.0,0,,0,,resolucion-cipac-no-2018-054_validacion-de-inversion-gnb-comunicacion-e-imagen-s-a-a-tu-lado.pdf
715,CIPAC-2018-055,2018,,,333,227,art_34,approved,"INVERSIONES IDF, S.A.",1-30-99775-6,"CHIC FILMS, S.R.L.",1-31-61831-6,,A TU LADO,2018-01-02,2018-01-25,717914.02,717914.02,100.0,53829657.07,13876375.8,1.0,0,,0,,resolucion-cipac-no-2018-055_validacion-de-inversion-inversiones-idf-s-a-a-tu-lado.pdf
716,CIPAC-2018-056,2018,,,333,227,art_34,approved,"MERKAPARTS, S.R.L.",1-30-78425-6,"CHIC FILMS, S.R.L.",1-31-61831-6,,A TU LADO,2018-01-02,2018-01-25,2500000.0,2500000.0,100.0,53829657.07,13876375.8,1.0,0,,0,,resolucion-cipac-no-2018-056_validacion-de-inversion-markaparts-s-r-l-a-tu-lado.pdf
717,CIPAC-2018-057,2018,,,343,217,art_34,approved,"MUÑIZ MELLA & ASOC, S.R.L.",1-01-71609-6,"INVERSIONES BASSE TERRE, S.R.L.",1-31-61956-8,,REINADO DE BELLEZA,2018-01-05,2018-01-25,824500.0,824500.0,100.0,71206230.0,44099500.0,0.9,0,,1,validated_amount_dop|set_manual|null|824500.00|Stamp covers PRIMERO paragraph|Resolution PDF budget section|2026-08-03|JDP,resolucion-cipac-no-2018-057_validacion-de-inversion-muniz-mella-_-asociados-s-r-l-reinado-de-belleza-2da-validacion.pdf
718,CIPAC-2018-058,2018,,,343,217,art_34,approved,"CONSTRUCTORA RIZEK & ASOCIADOS, S.R.L.",1-01-57804-1,"INVERSIONES BASSE TERRE, S.R.L.",1-31-61956-8,,REINADO DE BELLEZA,2018-01-05,2018-01-25,2000000.0,2000000.0,100.0,71206230.0,44099500.0,0.9,0,,1,validated_amount_dop|set_manual|null|2000000.00|Stamp covers PRIMERO paragraph|Resolution PDF budget section|2026-08-03|JDP,resolucion-cipac-no-2018-058_validacion-de-inversion-constructora-rizek-_-asociados-s-r-l-reinado-de-belleza-2da-validacion.pdf
719,CIPAC-2018-059,2018,,,343,217,art_34,approved,"BANCO POPULAR DOMINICANO, S. A. BANCO MÚLTIPLE",1-01-01063-2,"INVERSIONES BASSE TERRE, S.R.L.",1-31-61956-8,,REINADO DE BELLEZA,2018-01-05,2018-01-25,31023077.07,31023077.07,100.0,71206230.0,44099500.0,1.0,0,,0,,resolucion-cipac-no-2018-059_validacion-de-inversion-banco-popular-dominicano-s-a-banco-multiple-reinado-de-belleza.pdf
720,CIPAC-2018-060,2018,,,343,217,art_34,approved,"CARTEL, S.R.L.",1-31-44081-9,"INVERSIONES BASSE TERRE, S.R.L.",1-31-61956-8,,REINADO DE BELLEZA,2018-01-05,2018-01-25,3000000.0,3000000.0,100.0,71206230.0,44099500.0,1.0,0,,0,,resolucion-cipac-no-2018-060_validacion-de-inversion-cartel-s-r-l-reinado-de-belleza.pdf
721,CIPAC-2018-061,2018,,,343,217,art_34,approved,"DIRECCIÓN ÓPTIMA DE MEDIOS, S.R.L.",1-30-67809-1,"INVERSIONES BASSE TERRE, S.R.L.",1-31-61956-8,,REINADO DE BELLEZA,2018-01-05,2018-01-25,995079.05,995079.05,100.0,71206230.0,44099500.0,1.0,0,,0,,resolucion-cipac-no-2018-061_validacion-de-inversion-direccion-optima-de-medios-s-r-l-reinado-de-belleza.pdf
722,CIPAC-2018-062,2018,,,343,217,art_34,approved,"NORTONESKI DEVELOPMENT OFFICE, S.R.L.",1-30-26556-9,"INVERSIONES BASSE TERRE, S.R.L.",1-31-61956-8,,REINADO DE BELLEZA,2018-01-05,2018-01-25,1999657.9,1999657.9,100.0,71206230.0,44099500.0,1.0,0,,0,,resolucion-cipac-no-2018-062_validacion-de-inversion-nortoneski-development-office-s-r-l-reina-de-belleza.pdf
723,CIPAC-2018-063,2018,,,343,217,art_34,approved,"OMD DOMINICANA, S.R.L.",1-01-84339-1,"INVERSIONES BASSE TERRE, S.R.L.",1-31-61956-8,,REINADO DE BELLEZA,2018-01-05,2018-01-25,2000000.0,2000000.0,100.0,71206230.0,44099500.0,1.0,0,,0,,resolucion-cipac-no-2018-063_validacion-de-inversion-omd-dominicana-s-r-l-reinado-de-belleza.pdf
724,CIPAC-2018-064,2018,,,343,217,art_34,approved,"PAGÉS BBDO, S.R.L.",1-01-51012-9,"INVERSIONES BASSE TERRE, S.R.L.",1-31-61956-8,,REINADO DE BELLEZA,2018-01-05,2018-01-25,2000000.0,2000000.0,100.0,71206230.0,44099500.0,1.0,0,,0,,resolucion-cipac-no-2018-064_validacion-de-inversion-pages-bbdo-s-r-l-reinado-de-belleza.pdf
725,CIPAC-2018-065,2018,,,343,228,art_34,approved,"BANCO POPULAR DOMINICANO, S. A. BANCO MÚLTIPLE",1-01-01063-2,"FHALET BUSINESS, S.R.L.",1-31-43509-2,,EL ARENERO,2018-01-05,2018-01-25,51995527.0,51995527.0,100.0,63443186.0,51995527.0,1.0,0,,0,,resolucion-cipac-no-2018-065_validacion-de-inversion-banco-popular-dominicano-s-a-el-arenero.pdf
726,CIPAC-2018-066,2018,,,330,185,art_34,approved,"CERVECERÍA NACIONAL DOMINICANA, S.A.",1-01-00372-3,"XEPINON INVESTMENT, S.R.L.",1-31-38635-2,,MALCRIADOS,2018-01-09,2018-02-23,25000000.0,25000000.0,100.0,54557868.0,49282607.0,1.0,0,,0,,resolucion-cipac-no-2018-066_validacion-de-inversion-cerveceria-nacional-dominicana-s-a-malcriados.pdf
727,CIPAC-2018-067,2018,,,330,185,art_34,approved,"GERDAU METALDOM, S.A.",1-01-00484-3,"XEPINON INVESTMENT, S.R.L.",1-31-38635-2,,MALCRIADOS,2018-01-09,2018-02-23,15000000.0,15000000.0,100.0,54557868.0,49282607.0,1.0,0,,0,,resolucion-cipac-no-2018-067_validacion-de-inversion-gerdau-metaldom-s-a-malcriados.pdf
728,CIPAC-2018-068,2018,,,330,185,art_34,approved,"GULFSTREAM PETROLEUM DOMINICANA, S.R.L.",1-01-00849-2,"XEPINON INVESTMENT, S.R.L.",1-31-38635-2,,MALCRIADOS,2018-01-09,2018-02-23,5000000.0,5000000.0,100.0,54557868.0,49282607.0,1.0,0,,0,,resolucion-cipac-no-2018-068_validacion-de-inversion-gulfstream-petroleum-dominicanas-r-l-malcriados.pdf
729,CIPAC-2018-069,2018,,,330,185,art_34,approved,"MEJÍA ARCALÁ, S.R.L.",1-01-00022-8,"XEPINON INVESTMENT, S.R.L.",1-31-38635-2,,MALCRIADOS,2018-01-09,2018-02-23,2000000.0,2000000.0,100.0,54557868.0,49282607.0,1.0,0,,0,,resolucion-cipac-no-2018-069_validacion-de-inversion-mejia-arcala-s-r-l-malcriados.pdf
730,CIPAC-2018-070,2018,,,330,185,art_34,approved,"PRODUCTIVA, S.R.L.",1-30-44821-3,"XEPINON INVESTMENT, S.R.L.",1-31-38635-2,,MALCRIADOS,2018-01-09,2018-02-23,2100000.0,2100000.0,100.0,54557868.0,49282607.0,1.0,0,,0,,resolucion-cipac-no-2018-070_validacion-de-inversion-productiva-s-r-l-malcriados.pdf
731,CIPAC-2018-071,2018,,,328,200,art_34,approved,"CAMILO LABS, S.R.L.",1-01-07531-7,"CACIQUE FILMS, S.R.L.",1-31-09766-9,,HASTA LA BOYA,2018-01-02,2018-02-23,1500000.0,1500000.0,100.0,73059734.16,52714109.0,1.0,0,,0,,resolucion-cipac-no-2018-071_validacion-de-inversion-camilo-labs-s-r-l-hasta-la-boya.pdf
732,CIPAC-2018-072,2018,,,328,200,art_34,approved,"CERVECERÍA NACIONAL DOMINICANA, S.A.",1-01-00372-3,"CACIQUE FILMS, S.R.L.",1-31-09766-9,,HASTA LA BOYA,2018-01-02,2018-02-23,26000000.0,26000000.0,100.0,73059734.16,52714109.0,1.0,0,,0,,resolucion-cipac-no-2018-072_validacion-de-inversion-cerveceria-nacional-dominicana-s-a-hasta-la-boya.pdf
733,CIPAC-2018-073,2018,,,328,200,art_34,approved,"DOMICEM, S.A.",1-01-81679-1,"CACIQUE FILMS, S.R.L.",1-31-09766-9,,HASTA LA BOYA,2018-01-02,2018-02-23,5000000.0,5000000.0,100.0,73059734.16,52714109.0,1.0,0,,0,,resolucion-cipac-no-2018-073_validacion-de-inversion-domicem-s-a-hasta-la-boya.pdf
734,CIPAC-2018-074,2018,,,328,200,art_34,approved,"EQUIMAX, S.A.",1-01-58436-1,"CACIQUE FILMS, S.R.L.",1-31-09766-9,,HASTA LA BOYA,2018-01-02,2018-02-23,4000000.0,4000000.0,100.0,73059734.16,52714109.0,1.0,0,,0,,resolucion-cipac-no-2018-074_validacion-de-inversion-equimax-s-a-hasta-la-boya.pdf
735,CIPAC-2018-075,2018,,,328,200,art_34,approved,"INDUVECA, S.A.",1-22-01122-6,"CACIQUE FILMS, S.R.L.",1-31-09766-9,,HASTA LA BOYA,2018-01-02,2018-02-23,10000000.0,10000000.0,100.0,73059734.16,52714109.0,1.0,0,,0,,resolucion-cipac-no-2018-075_valicacion-de-inversion-induveca-s-a-hasta-la-boya.pdf
736,CIPAC-2018-076,2018,,,328,200,art_34,approved,"LABELS CARIBE, INC",1-30-70227-6,"CACIQUE FILMS, S.R.L.",1-31-09766-9,,HASTA LA BOYA,2018-01-02,2018-02-23,2000000.0,2000000.0,100.0,73059734.16,52714109.0,1.0,0,,0,,resolucion-cipac-no-2018-076_validacion-de-inversion-labels-caribe-inc-hasta-la-boya.pdf
737,CIPAC-2018-077,2018,,,328,200,art_34,approved,"RAVI CARIBE, S.A.",1-30-28788-2,"CACIQUE FILMS, S.R.L.",1-31-09766-9,,HASTA LA BOYA,2018-01-02,2018-02-23,3900000.0,3900000.0,100.0,73059734.16,52714109.0,1.0,0,,0,,resolucion-cipac-no-2018-077_validacion-de-inversion-ravi-caribe-s-a-hasta-la-boya.pdf
738,CIPAC-2018-078,2018,,,346,196,art_34,approved,"EMPRESA GENERADORA DE ELECTRICIDAD ITABO, S.A.",1-01-82350-1,"PRODUCCIONES LÍNEA ESPIRAL, S.R.L.",1-22-01660-2,,JUANITA,2018-01-17,2018-02-23,9850487.0,9850487.0,100.0,66521092.0,10022098.0,0.8,0,,1,investor_rnc|set_manual|null|1-01-82350-1|OCR read header in wrong column order|Resolution PDF header p.1|2026-08-03|JDP;;pur_number|set_manual|null|346|OCR read header in wrong column order|Resolution PDF header p.1|2026-08-03|JDP,resolucion-cipac-no-2018-078_validacion-de-inversion-empresa-generadora-de-electricidad-itabo-s-a-juanita.pdf
739,CIPAC-2018-079,2018,,,306,143,art_34,approved,"BANCO MÚLTIPLE BHD, S.A.",1-01-13679-2,"F & B FILMS, S.R.L.",1-30-78516-3,,DOMINICANOS EN EL MEDIO ORIENTE,2018-01-09,2018-02-23,4700000.0,4700000.0,100.0,13855529.74,6200000.0,1.0,0,,0,,resolucion-cipac-no-2018-079_validacion-de-inversion-banco-multiple-bhd-leon-s-a-dominicanos-en-el-medio-oriente.pdf
740,CIPAC-2018-080,2018,,,305,182,art_34,approved,"LOTERÍA ELECTRÓNICA INTERNACIONAL DOMINICANA, S.A.",1-01-70527-2,"MACARITO FILMS, S.R.L.",1-30-90960-1,,MÁS QUE EL AGUA,2018-01-15,2018-02-23,10000000.0,10000000.0,100.0,40502931.0,35019232.0,1.0,0,,0,,resolucion-cipac-no-2018-080_validacion-de-inversion-loteria-electronica-internacional-dominicana-s-a-mas-que-el-agua.pdf
741,CIPAC-2018-081,2018,,,305,182,art_34,approved,"CERVECERÍA NACIONAL DOMINICANA, S.A.",1-01-00372-3,"MACARITO FILMS, S.R.L.",1-30-90960-1,,MÁS QUE EL AGUA,2018-01-15,2018-02-23,24995632.0,24995632.0,100.0,40502931.0,35019232.0,1.0,0,,0,,resolucion-cipac-no-2018-081_validacion-de-inversion-cerveceria-nacional-dominicana-s-a-mas-que-el-agua.pdf
742,CIPAC-2018-082,2018,,,297,158,art_34,approved,"CERVECERÍA NACIONAL DOMINICANA, S.A.",1-01-00372-3,"URANO FILMS, S.R.L.",1-31-39099-4,,RAFAEL SOLANO: CUENTAME TU VIDA,2018-01-04,2018-02-23,600000.0,6000000.0,100.0,15518318.0,14926336.0,1.0,0,,0,,resolucion-cipac-no-2018-082_validacion-de-inversion-cerveceria-nacional-dominicana-s-a-rafael-solano-cuentame-tu-vida.pdf
743,CIPAC-2018-083,2018,,,297,158,art_34,approved,"BANCO MÚLTIPLE BHD, S.A.",1-01-13679-2,"URANO FILMS, S.R.L.",1-31-39099-4,,RAFAEL SOLANO: CUENTAME TU VIDA,2018-01-04,2018-02-23,4408018.0,4408018.0,100.0,15518318.0,14926336.0,0.9,0,,1,total_budget_executed|set_manual|null|14926336.0|Propagated from sibling resolution CIPAC-2018-082 with same film title|cipac_2018_results.json|2026-08-03|JDP,resolucion-cipac-no-2018-083_validacion-de-inversion-banco-multiple-bhd-leon-s-a-rafael-solano-cuentame-tu-vida.pdf
744,CIPAC-2018-084,2018,,,297,158,art_34,approved,"CORPORACIÓN AEROPORTUARIA DEL ESTE, S.A.S.",1-01-09214-9,"URANO FILMS, S.R.L.",1-31-39099-4,,RAFAEL SOLANO: CUENTAME TU VIDA,2018-01-04,2018-02-23,4518318.0,4518318.0,100.0,15518318.0,14926336.0,1.0,0,,0,,resolucion-cipac-no-2018-084_validacion-de-inversion-corporacion-aeroportuaria-del-este-s-a-s-rafael-solano-cuentame-tu-vida.pdf
745,CIPAC-2018-085,2018,,,349,234,art_34,approved,"SUED & FARGESA, S.R.L.",1-01-02772-1,"CIELO FILMS, S.R.L.",1-31-09573-9,,CULPABLES,2018-01-11,2018-02-23,14999750.0,14999750.0,100.0,51707227.68,14999750.0,1.0,0,,0,,resolucion-cipac-no-2018-085_validacion-de-inversion-sued-_-fargesa-s-r-l-culpables.pdf
746,CIPAC-2018-086,2018,,,315,193,art_34,approved,"AEROPUERTO INTERNACIONAL DEL CIBAO, S.A.",1-02-61324-9,"CABARETE FILMS, S.R.L.",1-31-46030-5,,CABARETE,2018-01-15,2018-02-23,5000000.0,5000000.0,100.0,62566893.0,41563456.0,1.0,0,,0,,resolucion-cipac-no-2018-086_validacion-de-inversion-aeropuerto-internacional-del-cibao-s-a-cabarete.pdf
747,CIPAC-2018-087,2018,,,315,193,art_34,approved,ALPHA SOCIEDAD DE VALORES S.A. PUESTO DE BOLSA,1-30-53836-2,"CABARETE FILMS, S.R.L.",1-31-46030-5,,CABARETE,2018-01-15,2018-02-23,4000000.0,4000000.0,100.0,62566893.0,41563456.0,0.9,0,,1,total_budget_executed|set_manual|null|41563456.0|Propagated from sibling resolution CIPAC-2018-086 with same film title|cipac_2018_results.json|2026-08-03|JDP,resolucion-cipac-no-2018-087_validacion-de-inversion-alpha-sociedad-de-valores-s-a-cabarete.pdf
748,CIPAC-2018-088,2018,,,315,193,art_34,approved,"DIVERSIFICACIÓN COMERCIAL, S.R.L.",1-02-00765-9,"CABARETE FILMS, S.R.L.",1-31-46030-5,,CABARETE,2018-01-15,2018-02-23,1000000.0,1000000.0,100.0,62566893.0,41563456.0,1.0,0,,0,,resolucion-cipac-no-2018-088_validacion-de-inversion-diversificacion-comercial-s-r-l-cabarete.pdf
749,CIPAC-2018-089,2018,,,315,193,art_34,approved,"ECO PETRÓLEO DOMINICANA, S.A.",1-30-71483-5,"CABARETE FILMS, S.R.L.",1-31-46030-5,,CABARETE,2018-01-15,2018-02-23,1500000.0,1500000.0,100.0,62566893.0,41563456.0,1.0,0,,0,,resolucion-cipac-no-2018-089_validacion-de-inversion-eco-petroleo-dominicana-s-a-cabarete.pdf
750,CIPAC-2018-090,2018,,,315,193,art_34,approved,"BANCO POPULAR DOMINICANO, S. A. BANCO MÚLTIPLE",1-01-01063-2,"CABARETE FILMS, S.R.L.",1-31-46030-5,,CABARETE,2018-01-15,2018-02-23,30000000.0,29985991.3,100.0,62566893.0,41563456.0,0.9,0,,1,total_budget_executed|set_manual|null|41563456.0|Propagated from sibling resolution CIPAC-2018-086 with same film title|cipac_2018_results.json|2026-08-03|JDP,resolucion-cipac-no-2018-090_validacion-de-inversion-banco-multiple-dominicano-s-a-banco-multiple-cabarete.pdf
751,CIPAC-2018-091,2018,,,199,141,art_34,approved,"HARBOUR BUSINESS CORP, S.R.L.",1-30-48298-5,"MAFE FILMS, S.R.L.",1-31-02473-4,,EL CORTE,2018-01-04,2018-02-23,3000000.0,3000000.0,100.0,76235989.0,73041088.0,1.0,0,,0,,resolucion-cipac-no-2018-091_validacion-de-inversion-harbour-business-corp-s-r-l-el-corte.pdf
752,CIPAC-2018-092,2018,,,199,141,art_34,approved,"LOTERÍA ELECTRÓNICA INTERNACIONAL DOMINICANA, S.A.",1-01-02473-4,"MAFE FILMS, S.R.L.",1-31-02473-4,,EL CORTE?,2018-01-04,2018-02-23,5000000.0,5000000.0,100.0,76235989.0,73041088.0,0.9,0,,1,total_budget_executed|set_manual|null|73041088.00|Stamp covers budget executed paragraph|Resolution PDF budget section|2026-08-03|JDP,resolucion-cipac-no-2018-092_validacion-de-inversion-loteria-electronica-internacional-dominicana-s-a-el-corte.pdf
753,CIPAC-2018-093,2018,,,233,165,art_34,approved,"CONSORCIO ENERGÉTICO PUNTA CANA MACAO, S.A.",1-01-58340-1,"FENUMARTE, S.R.L.",1-31-42980-7,,LO QUE SIENTO POR TI,2018-01-19,2018-02-23,4750000.0,4750000.0,100.0,69121034.0,62886877.0,1.0,0,,1,resolution_number|correct_value|CIPAC-2017-093|CIPAC-2018-093|DGCINE numbering error corrected|Resolution PDF|2026-08-25|JDP,resolucion-cipac-no-2018-093_validacion-de-inversion-consorcio-energetico-punta-cana-macao-s-a-lo-que-siento-por-ti.pdf
754,CIPAC-2018-094,2018,,,233,165,art_34,approved,"EMPRESA GENERADORA DE ELECTRICIDAD ITABO, S.A.",1-01-82350-1,"FENUMARTE, S.R.L.",1-31-42980-7,,LO QUE SIENTO POR TI,2018-01-19,2018-02-23,10000000.0,10000000.0,100.0,69121034.0,62886877.0,1.0,0,,1,resolution_number|correct_value|CIPAC-2017-094|CIPAC-2018-094|DGCINE numbering error corrected|Resolution PDF|2026-08-25|JDP,resolucion-cipac-no-2018-094_validacion-de-inversion-empresa-generadora-de-electricidad-itabo-s-a-lo-que-siento-por-ti.pdf
755,CIPAC-2018-095,2018,,,233,165,art_34,approved,"VALIENTE FERNÁNDEZ, S.R.L.",1-01-63165-1,"FENUMARTE, S.R.L.",1-31-42980-7,,LO QUE SIENTO POR TI,2018-01-19,2018-02-23,2500000.0,2500000.0,100.0,69121034.0,62886877.0,1.0,0,,1,resolution_number|correct_value|CIPAC-2017-095|CIPAC-2018-095|DGCINE numbering error corrected|Resolution PDF|2026-08-25|JDP,resolucion-cipac-no-2018-095_validacion-de-inversion-valiente-fernandez-s-r-l-lo-que-siento-por-ti.pdf
756,CIPAC-2018-096,2018,,,233,165,art_34,approved,"VIAMAR, S.A.",1-01-01114-9,"FENUMARTE, S.R.L.",1-31-42980-7,,LO QUE SIENTO POR TI,2018-01-19,2018-02-23,5000000.0,5000000.0,100.0,69121034.0,62886877.0,0.9,0,,1,cpnd_number|set_manual|null|165|OCR noise around CPND number in resolution text|Resolution PDF VISTOS section|2026-08-03|JDP;;resolution_number|correct_value|CIPAC-2017-096|CIPAC-2018-096|DGCINE numbering error corrected|Resolution PDF|2026-08-25|JDP,resolucion-cipac-no-2018-096_validacion-de-inversion-viamar-s-a-lo-que-siento-por-ti.pdf
757,CIPAC-2018-097,2018,,,164,134,art_34,approved,"BANCO POPULAR DOMINICANO, S. A. BANCO MÚLTIPLE",1-01-01063-2,"ART3+4 PRODUCCIONES, S.R.L.",1-31-17333-2,,CINDERELLO,2018-02-02,2018-02-23,1736265.0,1736265.0,100.0,131703377.0,109945687.0,0.9,0,,1,total_budget_executed|set_manual|null|109945687.00|Stamp covers budget executed paragraph|Resolution PDF budget section|2026-08-03|JDP,resolucion-cipac-no-2018-097_validacion-de-inversion-banco-popular-dominicano-s-a-banco-multiple-cinderelo.pdf
758,CIPAC-2018-098,2018,,,243,170,art_34,approved,"BANCO POPULAR DOMINICANO, S. A. BANCO MÚLTIPLE",1-01-01063-2,"ART3+4 PRODUCCIONES, S.R.L.",1-31-17333-2,,LA BARBERÍA,2018-02-02,2018-02-23,12121740.0,11544668.0,100.0,70219556.0,69642484.0,1.0,0,,1,resolution_number|correct_value|CIPAC-2017-098|CIPAC-2018-098|DGCINE numbering error corrected|Resolution PDF|2026-08-25|JDP,resolucion-cipac-no-2018-098_validacion-de-inversion-banco-popular-dominicano-s-a-banco-multiple-la-barberia.pdf
759,CIPAC-2018-099,2018,,,342,208,art_34,approved,"AEROPUERTO INTERNACIONAL DEL CIBAO, S.A.",1-02-61324-9,"GUAYACÁN FILMS, S.R.L.",1-31-46486-6,,LA CASA DE CAOBA,2018-01-17,2018-02-23,13007500.0,13007500.0,100.0,54445205.0,29759643.0,1.0,0,,1,resolution_number|correct_value|CIPAC-2017-099|CIPAC-2018-099|DGCINE numbering error corrected|Resolution PDF|2026-08-25|JDP,resolucion-cipac-no-2018-099_validacion-de-inversion-aeropuerto-internacional-del-cibao-s-a-la-casa-de-caoba.pdf
760,CIPAC-2018-100,2018,,,342,208,art_34,approved,"CENTRO MÉDICO CIBAO, S.A.",1-02-00131-6,"GUAYACÁN FILMS, S.R.L.",1-31-46486-6,,LA CASA DE CAOBA,2018-01-17,2018-02-23,2377000.0,2377000.0,100.0,54445205.0,29759643.0,1.0,0,,1,resolution_number|correct_value|CIPAC-2017-100|CIPAC-2018-100|DGCINE numbering error corrected|Resolution PDF|2026-08-25|JDP,resolucion-cipac-no-2018-100_validacion-de-inversion-centro-medico-cibao-s-a-la-casa-de-caoba.pdf
761,CIPAC-2018-101,2018,,,342,208,art_34,approved,"CONSORCIO ENERGÉTICO PUNTA CANA MACAO, S.A.",1-01-58340-1,"GUAYACÁN FILMS, S.R.L.",1-31-46486-6,,LA CASA DE CAOBA,2018-01-17,2018-02-23,3547500.0,3547500.0,100.0,54445205.0,29759643.0,1.0,0,,1,resolution_number|correct_value|CIPAC-2017-101|CIPAC-2018-101|DGCINE numbering error corrected|Resolution PDF|2026-08-25|JDP,resolucion-cipac-no-2018-101_validacion-de-inversion-consorcio-energetico-punta-cana-macao-s-a-la-casa-de-caoba.pdf
762,CIPAC-2018-102,2018,,,342,208,art_34,approved,"HOSPITAL METROPOLITANO DE SANTIAGO, S.A.",1-11-12794-7,"GUAYACÁN FILMS, S.R.L.",1-31-46486-6,,LA CASA DE CAOBA,2018-01-17,2018-02-23,3562500.0,3562500.0,100.0,54445205.0,29759643.0,1.0,0,,1,resolution_number|correct_value|CIPAC-2017-102|CIPAC-2018-102|DGCINE numbering error corrected|Resolution PDF|2026-08-25|JDP,resolucion-cipac-no-2018-102_validacion-de-inversion-hospital-metropolitano-de-santiago-s-a-la-casa-de-caoba.pdf
763,CIPAC-2018-103,2018,,,342,208,art_34,approved,"NUEVA EDITORA LA INFORMACIÓN, S.R.L.",1-02-32209-2,"GUAYACÁN FILMS, S.R.L.",1-31-46486-6,,LA CASA DE CAOBA,2018-01-17,2018-02-23,2377000.0,2377000.0,100.0,54445205.0,29759643.0,1.0,0,,1,resolution_number|correct_value|CIPAC-2017-103|CIPAC-2018-103|DGCINE numbering error corrected|Resolution PDF|2026-08-25|JDP,resolucion-cipac-no-2018-103_validacion-de-inversion-nueva-editora-la-informacion-s-r-l-la-casa-de-caoba.pdf
764,CIPAC-2018-104,2018,,,342,208,art_34,approved,"SIGMA PETROLEUM CORP, S.R.L.",1-30-68916-4,"GUAYACÁN FILMS, S.R.L.",1-31-46486-6,,LA CASA DE CAOBA,2018-01-17,2018-02-23,4823000.0,4823000.0,100.0,54445205.0,29759643.0,0.9,0,,1,investor_rnc|set_manual|null|1-30-68916-4|OCR read 1-4068916-4 missing hyphen in RNC format|Resolution PDF header p.1|2026-08-03|JDP;;resolution_number|correct_value|CIPAC-2017-104|CIPAC-2018-104|DGCINE numbering error corrected|Resolution PDF|2026-08-25|JDP,resolucion-cipac-no-2018-104_validacion-de-inversion-sigma-petroleum-corp-s-r-l-la-casa-de-caoba.pdf
765,CIPAC-2018-105,2018,,,238,169,art_34,approved,"BANCO POPULAR DOMINICANO, S. A. BANCO MÚLTIPLE",1-01-01063-2,"ART3+4 PRODUCCIONES, S.R.L.",1-31-17333-2,,AMIGO D,2018-02-02,2018-02-23,9217454.0,9217454.0,100.0,60318347.0,59547923.0,1.0,0,,1,resolution_number|correct_value|CIPAC-2017-105|CIPAC-2018-105|DGCINE numbering error corrected|Resolution PDF|2026-08-25|JDP,resolucion-cipac-no-2018-105_validacion-de-inversion-banco-popular-dominicano-s-a-banco-multiple-amigo-d.pdf
766,CIPAC-2018-106,2018,,,234,160,art_34,approved,"ANIMAL FOOD LINE, S.A.",1-01-68725-8,"FRÍO FRÍO PRODUCTORA CINEMATOGRÁFICA, S.R.L.",1-31-12765-7,,VENENO,2018-01-12,2018-02-23,1000000.0,1000000.0,100.0,115126396.0,105500000.0,0.9,0,,1,investor_rnc|set_manual|null|1-01-68725-8|OCR read 1-01-687258 missing hyphen in RNC format|Resolution PDF header p.1|2026-07-29|JDP,resolucion-cipac-no-2018-106_validacion-de-inversion-animal-food-line-s-a-veneno.pdf
767,CIPAC-2018-107,2018,,,234,160,art_34,approved,"DOCTORES MALLÉN GUERRA, S.A.",1-01-00338-3,"FRÍO FRÍO PRODUCTORA CINEMATOGRÁFICA, S.R.L.",1-31-12765-7,,VENENO,2018-01-12,2018-02-23,2500000.0,2500000.0,100.0,115126396.0,105500000.0,0.9,0,,1,total_budget_executed|set_manual|null|105500000.0|Propagated from sibling resolution CIPAC-2018-106 with same film title|cipac_2018_results.json|2026-08-03|JDP,resolucion-cipac-no-2018-107_validacion-de-inversion-doctores-mallen-guerra-s-a-veneno.pdf
768,CIPAC-2018-108,2018,,,234,160,art_34,approved,"PLAZA CENTRAL CINEMAS, S.R.L.",1-01-65198-9,"FRÍO FRÍO PRODUCTORA CINEMATOGRÁFICA, S.R.L.",1-31-12765-7,,VENENO,2018-01-12,2018-02-23,1000000.0,1000000.0,100.0,115126396.0,105500000.0,1.0,0,,0,,resolucion-cipac-no-2018-108_validacion-de-inversion-plaza-central-cinemas-s-r-l-veneno.pdf
769,CIPAC-2018-109,2018,,,234,160,art_34,approved,"MALLÉN VETERINARIA, S.A.",1-01-66001-5,"FRÍO FRÍO PRODUCTORA CINEMATOGRÁFICA, S.R.L.",1-31-12765-7,,VENENO,2018-01-12,2018-02-23,1000000.0,1000000.0,100.0,115126396.0,105500000.0,1.0,0,,0,,resolucion-cipac-no-2018-109_validacion-de-inversion-mallen-veterinaria-s-a-veneno.pdf
770,CIPAC-2018-110,2018,,,234,160,art_34,approved,"VIP MULTIPLEX PLAZA, S.R.L.",1-24-01911-7,"FRÍO FRÍO PRODUCTORA CINEMATOGRÁFICA, S.R.L.",1-31-12765-7,,VENENO,2018-01-12,2018-02-23,2938679.33,2938679.33,100.0,115126396.0,105500000.0,1.0,0,,0,,resolucion-cipac-no-2018-110_validacion-de-inversion-v-i-p-multiplex-plaza-s-r-l-veneno.pdf
771,CIPAC-2018-111,2018,,,312,215,art_34,approved,"BANCO MÚLTIPLE ADEMI, S.A.",1-01-74527-4,"HERMANOS FILMS, S.R.L.",1-31-55273-2,,HERMANOS,2018-01-12,2018-02-23,10000000.0,10000000.0,100.0,71420965.0,67831949.0,0.9,0,,1,total_budget_executed|set_manual|null|67831949.0|Propagated from sibling resolution CIPAC-2018-113 with same film title|cipac_2018_results.json|2026-08-03|JDP,resolucion-cipac-no-2018-111_validacion-de-inversion-banco-multiple-ademi-s-a-hermanos.pdf
772,CIPAC-2018-112,2018,,,312,215,art_34,approved,"EMPRESA GENERADORA DE ELECTRICIDAD ITABO, S.A.",1-01-82350-1,"HERMANOS FILMS, S.R.L.",1-31-55273-2,,HERMANOS,2018-01-12,2018-02-23,30000000.0,30000000.0,100.0,71420965.0,67831949.0,0.9,0,,1,total_budget_executed|set_manual|null|67831949.0|Propagated from sibling resolution CIPAC-2018-111 with same film title|cipac_2018_results.json|2026-08-03|JDP,resolucion-cipac-no-2018-112_validacion-de-inversion-empresa-generadora-de-electricidad-itabo-s-a-hermanos.pdf
773,CIPAC-2018-113,2018,,,312,215,art_34,approved,"LA COLONIAL, S.A. - COMPANÍA DE SEGUROS",1-01-03122-2,"HERMANOS FILMS, S.R.L.",1-31-55273-2,,HERMANOS,2018-01-12,2018-02-23,3000000.0,3000000.0,100.0,71420965.0,67831949.0,1.0,0,,0,,resolucion-cipac-no-2018-113_validacion-de-inversion-la-colonial-s-a-hermanos.pdf
774,CIPAC-2018-114,2018,,,312,215,art_34,approved,"LOS ORÍGENES POWER PLANT, S.R.L.",1-30-72079-7,"HERMANOS FILMS, S.R.L.",1-31-55273-2,,HERMANOS,2018-01-12,2018-02-23,5000000.0,5000000.0,100.0,71420965.0,67831949.0,0.9,0,,1,validated_amount_dop|set_manual|null|5000000.00|OCR split PRIMERO paragraph across pages losing amount|Resolution PDF PRIMERO section|2026-08-03|JDP,resolucion-cipac-no-2018-114_validacion-de-inversion-los-origenes-power-plant-s-r-l-hermanos.pdf
775,CIPAC-2018-115,2018,,,312,215,art_34,approved,"QUALA DOMINICANA, S.A.",1-01-74167-8,"HERMANOS FILMS, S.R.L.",1-31-55273-2,,HERMANOS,2018-01-12,2018-02-23,10000000.0,10000000.0,100.0,71420965.0,67831949.0,1.0,0,,0,,resolucion-cipac-no-2018-115_validacion-de-inversion-quala-dominicana-s-a-hermanos.pdf
776,CIPAC-2018-116,2018,,,312,215,art_34,approved,"LABORATORIOS KEY, S.R.L.",1-01-00132-1,"HERMANOS FILMS, S.R.L.",1-31-55273-2,,HERMANOS,2018-01-12,2018-02-23,3000000.0,3000000.0,100.0,71420965.0,67831949.0,1.0,0,,0,,resolucion-cipac-no-2018-116_validacion-de-inversion-laboratorios-key-s-r-l-hermanos.pdf
777,CIPAC-2018-117,2018,,,312,215,art_34,approved,"CENTRO CUESTA NACIONAL, S.A.S.",1-01-01992-1,"HERMANOS FILMS, S.R.L.",1-31-55273-2,,HERMANOS,2018-01-12,2018-02-23,10000000.0,6656942.12,100.0,71420965.0,67831949.0,1.0,0,,0,,resolucion-cipac-no-2018-117_validacion-de-inversion-centro-cuesta-nacional-s-a-hermanos.pdf
778,CIPAC-2018-118,2018,,,322,225,art_34,approved,"EMPRESA GENERADORA DE ELECTRICIDAD ITABO, S.A.",1-01-82350-1,"GLOWNY PRODUCTIONS, S.R.L.",1-31-55973-5,,POBRES MILLONARIOS,2018-01-25,2018-02-23,20000000.0,20000000.0,100.0,55000628.0,44805665.0,0.9,0,,1,total_budget_executed|set_manual|null|44805665.00|Stamp covers budget executed paragraph|Resolution PDF budget section|2026-08-03|JDP,resolucion-cipac-no-2018-118_validacion-de-inversion-empresa-generadora-de-electricidad-itabo-s-a-pobres-millonarios.pdf
779,CIPAC-2018-119,2018,,,335,211,art_34,approved,"CINEMA CENTRO DE SANTIAGO, S.R.L.",1-01-55942-1,"AGUA DE LUNA FILMS, S.R.L.",1-31-19093-6,,ADOPCIONES,2018-01-23,2018-02-23,500000.0,500000.0,100.0,18160993.0,10521769.0,1.0,0,,0,,resolucion-cipac-no-2018-119_validacion-de-inversion-cinema-centro-de-santiago-s-r-l-adopciones.pdf
780,CIPAC-2018-120,2018,,,335,211,art_34,approved,"PLAZA CENTRAL CINEMAS, S.R.L.",1-01-65198-9,"AGUA DE LUNA FILMS, S.R.L.",1-31-19093-6,,ADOPCIONES,2018-01-23,2018-02-23,2000000.0,2000000.0,100.0,18160993.0,10521769.0,1.0,0,,0,,resolucion-cipac-no-2018-120_validacion-de-inversion-plaza-central-cinemas-s-r-l-adopciones.pdf
781,CIPAC-2018-121,2018,,,335,211,art_34,approved,"CERVECERÍA NACIONAL DOMINICANA, S.A.",1-01-00372-3,"AGUA DE LUNA FILMS, S.R.L.",1-31-19093-6,,ADOPCIONES,2018-01-23,2018-02-23,8000000.0,7983300.0,100.0,18160993.0,10521769.0,1.0,0,,0,,resolucion-cipac-no-2018-121_validacion-de-inversion-cerveceria-nacional-dominicana-s-a-adopciones.pdf
782,CIPAC-2018-122,2018,,,324,209,art_34,approved,"CERVECERÍA NACIONAL DOMINICANA, S.A.",1-01-00372-3,"TRES TRES NUEVE FILMES, S.R.L.",1-31-31731-6,,CON LA MÚSICA POR DENTRO,2018-02-05,2018-02-23,66216199.0,66216199.0,100.0,67026035.0,66928636.0,1.0,0,,0,,resolucion-cipac-no-2018-122_validacion-de-inversion-cerveceria-nacional-dominicana-s-a-con-la-musica-por-dentro.pdf
783,CIPAC-2018-123,2018,,,271,150,art_34,approved,"CONSORCIO ENERGÉTICO PUNTA CANA MACAO, S.A.",1-01-58340-1,"HELIX, S.R.L.",1-31-39469-8,,ESPAÑOLES POR EL CARIBE,2018-01-02,2018-02-23,4999940.04,4999930.04,100.0,55191344.58,44000497.98,0.9,0,,1,validated_amount_dop|set_manual|null|4999940.04|OCR split PRIMERO paragraph across pages losing amount|Resolution PDF PRIMERO section|2026-08-03|JDP,resolucion-cipac-no-2018-123_validacion-de-inversion-consorcio-energetico-punta-cana-macao-s-a-espanoles-por-el-caribe.pdf
784,CIPAC-2018-124,2018,,,271,150,art_34,approved,"PLAZA LAMA, S.A.",1-01-17111-1,"HELIX, S.R.L.",1-31-39469-8,,ESPAÑOLES POR EL CARIBE,2018-01-02,2018-02-23,10000000.0,10000000.0,100.0,55191344.58,44000497.98,1.0,0,,0,,resolucion-cipac-no-2018-124_validacion-de-inversion-plaza-lama-s-a-espanoles-por-el-caribe.pdf
785,CIPAC-2018-125,2018,,,271,150,art_34,approved,"COSANCA, S.A.S.",1-01-02235-3,"HELIX, S.R.L.",1-31-39469-8,,ESPAÑOLES POR EL CARIBE,2018-01-02,2018-02-23,8000000.0,8000000.0,100.0,55191344.58,44000497.98,0.9,0,,1,total_budget_executed|set_manual|null|44000497.98|Propagated from sibling resolution CIPAC-2018-123 with same film title|cipac_2018_results.json|2026-08-03|JDP,resolucion-cipac-no-2018-125_validacion-de-inversion-cosanca-s-a-espanoles-por-el-caribe.pdf
786,CIPAC-2018-126,2018,,,249,167,art_34,approved,"ECO PETRÓLEO DOMINICANA, S.A.",1-30-71483-5,"FAULA FILMS, S.R.L.",1-30-89356-1,,MIRIAM MIENTE,2018-01-12,2018-02-23,500000.0,500000.0,100.0,35340778.0,23978413.82,1.0,0,,0,,resolucion-cipac-no-2018-126_validacion-de-inversion-eco-petroleo-dominicana-s-a-miriam-miente.pdf
787,CIPAC-2018-127,2018,,,249,167,art_34,approved,"COBINCA, S.A.",1-01-19447-2,"FAULA FILMS, S.R.L.",1-30-89356-1,,MIRIAM MIENTE,2018-01-12,2018-03-02,2000000.0,2000000.0,100.0,35340778.0,23978413.82,1.0,0,,0,,resolucion-cipac-no-2018-127_validacion-de-inversion-combica-s-a-miriam-miente.pdf
788,CIPAC-2018-128,2018,,,249,167,art_34,approved,"CONSTRUCTORA GLOBAL, S.R.L.",1-22-00099-2,"FAULA FILMS, S.R.L.",1-30-89356-1,,MIRIAM MIENTE,2018-01-12,2018-03-02,1500000.0,1500000.0,100.0,35340778.0,23978413.82,1.0,0,,0,,resolucion-cipac-no-2018-128_validacion-de-inversion-constructora-global-s-r-l-miriam-miente.pdf
789,CIPAC-2018-129,2018,,,314,221,art_34,approved,"SERVICIOS ÁLVAREZ DE ADMINISTRACIÓN TÉCNICA, S.R.L.",1-01-13714-2,"RAZANTE FILMS, S.R.L.",1-31-60589-3,,LA RASANTE,2018-02-02,2018-03-02,625000.0,625000.0,100.0,4891222303.0,16300041.0,0.9,0,,1,total_budget_executed|set_manual|null|16300041.0|Propagated from sibling resolution CIPAC-2018-130 with same film title|cipac_2018_results.json|2026-08-03|JDP,resolucion-cipac-no-2018-129_validacion-de-inversion-servicios-alvarez-de-administracion-tecnica-s-r-l-la-rasante.pdf
790,CIPAC-2018-130,2018,,,314,221,art_34,approved,"LUBRICANTES DOMINICANOS, S.R.L.",1-01-05451-4,"RAZANTE FILMS, S.R.L.",1-31-60589-3,,LA RASANTE,2018-02-02,2018-03-02,12000000.0,12000000.0,100.0,4891222303.0,16300041.0,1.0,0,,0,,resolucion-cipac-no-2018-130_validacion-de-inversion-lubricantes-dominicanos-s-r-l-la-rasante.pdf
791,CIPAC-2018-131,2018,,,314,221,art_34,approved,"ENVASES MUNDIAL, S.R.L.",1-01-50276-2,"RAZANTE FILMS, S.R.L.",1-31-60589-3,,LA RASANTE,2018-02-02,2018-03-02,2000000.0,2000000.0,100.0,4891222303.0,16300041.0,1.0,0,,0,,resolucion-cipac-no-2018-131_validacion-de-inversion-envases-mundial-s-r-l-la-rasante.pdf
792,CIPAC-2018-132,2018,,,314,221,art_34,approved,"RAFAEL ÁLVAREZ, S.R.L.",1-02-00040-9,"RAZANTE FILMS, S.R.L.",1-31-60589-3,,LA RASANTE,2018-02-02,2018-03-02,675000.0,675000.0,100.0,4891222303.0,16300041.0,1.0,0,,0,,resolucion-cipac-no-2018-132_validacion-de-inversion-rafael-alvarez-s-r-l-la-rasante.pdf
793,CIPAC-2018-133,2018,,,314,221,art_34,approved,"COMERCIALIZADORA NACIONAL Y DE EXPORTACIÓN, S.R.L.",1-02-00184-7,"RAZANTE FILMS, S.R.L.",1-31-60589-3,,LA RASANTE,2018-02-02,2018-03-02,1000000.0,1000000.0,100.0,48912223.0,16300041.0,1.0,0,,0,,resolucion-cipac-no-2018-133_validacion-de-inversion-comercializadora-nacional-y-de-exportacion-s-r-l-la-rasante.pdf
794,CIPAC-2018-134,2018,,,327,192,art_34,approved,"A.V. BLANDINO & CIA, S.A.",1-01-00015-5,"GRUPO TRUKEMER, S.R.L.",1-31-08399-4,,EL PROYECCIONISTA,2018-02-09,2018-03-02,3000000.0,3000000.0,100.0,68525264.0,56167062.0,1.0,0,,0,,resolucion-cipac-no-2018-134_validacion-de-inversion-a-v-blandino-_-cia-s-a-el-proyeccionista.pdf
795,CIPAC-2018-135,2018,,,327,192,art_34,approved,"CENTRO CUESTA NACIONAL, S.A.S.",1-01-01992-1,"GRUPO TRUKEMER, S.R.L.",1-31-08399-4,,EL PROYECCIONISTA,2018-02-09,2018-03-02,8000000.0,8000000.0,100.0,68525264.0,56167062.0,1.0,0,,0,,resolucion-cipac-no-2018-135_validacion-de-inversion-centro-cuesta-nacional-s-a-s-el-proyeccionista.pdf
796,CIPAC-2018-136,2018,,,327,192,art_34,approved,"CERVECERÍA NACIONAL DOMINICANA, S.A.",1-01-00372-3,"GRUPO TRUKEMER, S.R.L.",1-31-08399-4,,EL PROYECCIONISTA,2018-02-09,2018-03-02,25000000.0,25000000.0,100.0,68525264.0,56167062.0,1.0,0,,0,,resolucion-cipac-no-2018-136_validacion-de-inversion-cerveceria-nacional-dominicana-s-a-el-proyeccionista.pdf
797,CIPAC-2018-137,2018,,,327,192,art_34,approved,"EPECO, S.A.S.",1-30-90831-1,"GRUPO TRUKEMER, S.R.L.",1-31-08399-4,,EL PROYECCIONISTA,2018-02-09,2018-03-02,1200000.0,1200000.0,100.0,68525264.0,56167062.0,1.0,0,,0,,resolucion-cipac-no-2018-137_validacion-de-inversion-epeco-s-a-s-el-proyeccionista.pdf
798,CIPAC-2018-138,2018,,,327,192,art_34,approved,"GRUPO ADELLE, S.R.L.",1-30-40673-1,"GRUPO TRUKEMER, S.R.L.",1-31-08399-4,,EL PROYECCIONISTA,2018-02-09,2018-03-02,860000.0,860000.0,100.0,68525264.0,56167062.0,1.0,0,,0,,resolucion-cipac-no-2018-138_validacion-de-inversion-grupo-adelle-s-r-l-el-proyeccionista.pdf
799,CIPAC-2018-139,2018,,,327,192,art_34,approved,"GRUPO COMETA, S.A.S.",1-01-01943-3,"GRUPO TRUKEMER, S.R.L.",1-31-08399-4,,EL PROYECCIONISTA,2018-02-09,2018-03-02,3000000.0,3000000.0,100.0,68525264.0,56167062.0,1.0,0,,0,,resolucion-cipac-no-2018-139_validacion-de-inversion-grupo-cometa-s-a-s-el-proyeccionista.pdf
800,CIPAC-2018-140,2018,,,327,192,art_34,approved,"HORMIGONES DEL ATLÁNTICO, S.R.L.",1-05-02631-7,"GRUPO TRUKEMER, S.R.L.",1-31-08399-4,,EL PROYECCIONISTA,2018-02-09,2018-03-02,1000000.0,1000000.0,100.0,68525264.0,56167062.0,1.0,0,,0,,resolucion-cipac-no-2018-140_validacion-de-inversion-hormigones-del-atlantico-s-r-l-el-proyeccionista.pdf
801,CIPAC-2018-141,2018,,,327,192,art_34,approved,"INTERNATIONAL TRADING COMPANY, S.A.S.",1-01-02281-7,"GRUPO TRUKEMER, S.R.L.",1-31-08399-4,,EL PROYECCIONISTA,2018-02-09,2018-03-02,3497714.0,3497714.0,100.0,68525264.0,56167062.0,1.0,0,,0,,resolucion-cipac-no-2018-141_validacion-de-inversion-international-trading-company-s-a-s-el-proyeccionista.pdf
802,CIPAC-2018-142,2018,,,327,192,art_34,approved,"LETERAGO, S.R.L.",1-01-01357-5,"GRUPO TRUKEMER, S.R.L.",1-31-08399-4,,EL PROYECCIONISTA,2018-02-09,2018-03-02,3500000.0,3500000.0,100.0,68525264.0,56167062.0,1.0,0,,0,,resolucion-cipac-no-2018-142_validacion-de-inversion-leterago-s-r-l-el-proyeccionista.pdf
803,CIPAC-2018-143,2018,,,327,192,art_34,approved,"LUIS E. BETANCES R. & CO, S.A.S.",1-01-00614-5,"GRUPO TRUKEMER, S.R.L.",1-31-08399-4,,EL PROYECCIONISTA,2018-02-09,2018-03-02,1000000.0,1000000.0,100.0,68525264.0,56167062.0,1.0,0,,0,,resolucion-cipac-no-2018-143_validacion-de-inversion-luis-e-betances-r-_-co-s-a-s-el-proyeccionista.pdf
804,CIPAC-2018-144,2018,,,327,192,art_34,approved,"MAIRENI BOURNIGAL & CO, S.R.L.",1-05-00293-2,"GRUPO TRUKEMER, S.R.L.",1-31-08399-4,,EL PROYECCIONISTA,2018-02-09,2018-03-02,1000000.0,1000000.0,100.0,68525264.0,56167062.0,1.0,0,,0,,resolucion-cipac-no-2018-144_validacion-de-inversion-maireni-bournigal-_-co-s-r-l-el-proyeccionista.pdf
805,CIPAC-2018-145,2018,,,327,192,art_34,approved,"SUNIX PETROLEUM, S.R.L.",1-30-19273-1,"GRUPO TRUKEMER, S.R.L.",1-31-08399-4,,EL PROYECCIONISTA,2018-02-09,2018-03-02,2000000.0,2000000.0,100.0,68525264.0,56167062.0,1.0,0,,0,,resolucion-cipac-no-2018-145_validacion-de-inversion-sunix-petroleum-s-r-l-el-proyeccionista.pdf
806,CIPAC-2018-146,2018,,,343,217,art_34,approved,"BANCO POPULAR DOMINICANO, S. A. BANCO MÚLTIPLE",1-01-01063-2,"INVERSIONES BASSE TERRE, S.R.L.",1-31-61956-8,,REINADO DE BELLEZA,2018-02-22,2018-03-02,200474.19,200474.19,100.0,71206230.0,44099500.0,1.0,0,,0,,resolucion-cipac-no-2018-146_validacion-de-inversion-banco-popular-dominicano-s-a-banco-multiple-reinado-de-belleza.pdf
807,CIPAC-2018-147,2018,,,341,229,art_34,approved,"PASTEURIZADORA RICA, S.A.",1-01-00441-1,"ART3+4 PRODUCCIONES, S.R.L.",1-31-17333-2,,50 PRIMERAS CITAS,2018-03-23,2018-03-23,17574879.0,17574879.0,100.0,105600000.0,105562627.0,1.0,0,,0,,resolucion-cipac-no-2018-147_validacion-de-inversion-pasteurizadora-rica-s-a-50-primeras-citas.pdf
808,CIPAC-2018-148,2018,,,341,229,art_34,approved,"BANCO POPULAR DOMINICANO, S. A. BANCO MÚLTIPLE",1-01-01063-2,"ART3+4 PRODUCCIONES, S.R.L.",1-31-17333-2,,50 PRIMERAS CITAS,2018-03-23,2018-03-23,87881373.77,87881373.77,100.0,105600000.0,105562627.0,1.0,0,,0,,resolucion-cipac-no-2018-148_validacion-de-inversion-banco-popular-dominicano-s-a-banco-multiple-50-primeras-citas.pdf
809,CIPAC-2018-149,2018,,,316,216,art_34,approved,"BANCO MÚLTIPLE ADEMI, S.A.",1-01-74527-4,"ART3+4 PRODUCCIONES, S.R.L.",1-31-17333-2,,PAPI,2018-02-02,2018-03-23,11825460.0,11825460.0,100.0,71179771.0,64567048.0,1.0,0,,0,,resolucion-cipac-no-2018-149_validacion-de-inversion-banco-multiple-ademi-s-a-papi.pdf
810,CIPAC-2018-150,2018,,,316,216,art_34,approved,"BANCO POPULAR DOMINICANO, S. A. BANCO MÚLTIPLE",1-01-01063-2,"ART3+4 PRODUCCIONES, S.R.L.",1-31-17333-2,,PAPI,2018-02-02,2018-03-23,36906018.0,36906018.0,100.0,71179771.0,64567048.0,0.9,0,,1,total_budget_executed|set_manual|null|64567.0|Propagated from sibling resolution CIPAC-2018-149 with same film title|cipac_2018_results.json|2026-08-03|JDP,resolucion-cipac-no-2018-150_validacion-de-inversion-banco-popular-dominicano-s-a-banco-multiple-papi.pdf
811,CIPAC-2018-151,2018,,,326,219,art_34,approved,"CONSORCIO ENERGÉTICO PUNTA CANA MACAO, S.A.",1-01-58340-1,"ART3+4 PRODUCCIONES, S.R.L.",1-31-17333-2,,MIS 500 LOCOS,2018-03-23,2018-03-23,2389000.0,2389000.0,100.0,69787540.0,58908918.0,1.0,0,,0,,resolucion-cipac-no-2018-151_validacion-de-inversion-consorcio-energetico-punta-cana-macao-s-a-mis-500-locos.pdf
812,CIPAC-2018-152,2018,,,326,219,art_34,approved,"ADMINISTRADORA DE FONDOS DE PENSIONES POPULAR, S.A.",1-01-76868-1,"ART3+4 PRODUCCIONES, S.R.L.",1-31-17333-2,,MIS 500 LOCOS,2018-03-23,2018-03-23,29869449.0,29869449.0,100.0,69787540.0,58908918.0,1.0,0,,0,,resolucion-cipac-no-2018-152_validacion-de-inversion-administradora-de-fondos-de-pensiones-popular-s-a-mis-500-locos.pdf
813,CIPAC-2018-153,2018,,,326,219,art_34,approved,"CONSTRUCTORA INTERAMERICA, S.R.L.",1-01-50904-1,"ART3+4 PRODUCCIONES, S.R.L.",1-31-17333-2,,MIS 500 LOCOS,2018-03-23,2018-03-23,377837.0,377837.0,100.0,69787540.0,58908918.0,1.0,0,,0,,resolucion-cipac-no-2018-153_validacion-de-inversion-constructora-interamerica-s-r-l-mis-500-locos.pdf
814,CIPAC-2018-154,2018,,,326,219,art_34,approved,"PASTEURIZADORA RICA, S.A.",1-01-00441-1,"ART3+4 PRODUCCIONES, S.R.L.",1-31-17333-2,,MIS 500 LOCOS,2018-03-23,2018-03-23,7396152.0,7396152.0,100.0,69787540.0,58908918.0,1.0,0,,0,,resolucion-cipac-no-2018-154_validacion-de-inversion-pasteurizadora-rica-s-a-mis-500-locos.pdf
815,CIPAC-2018-155,2018,,,326,219,art_34,approved,"INVERSIONES PLEDMON, S.A.S.",1-30-24208-9,"ART3+4 PRODUCCIONES, S.R.L.",1-31-17333-2,,MIS 500 LOCOS,2018-03-23,2018-03-23,2000000.0,2000000.0,100.0,69787540.0,58908918.0,0.9,0,,1,total_budget_executed|set_manual|null|58908918.0|Propagated from sibling resolution CIPAC-2018-151 with same film title|cipac_2018_results.json|2026-08-03|JDP,resolucion-cipac-no-2018-155_validacion-de-inversion-inversiones-pledmon-s-a-s-mis-500-locos.pdf
816,CIPAC-2018-156,2018,,,326,219,art_34,approved,ALPHA SOCIEDAD DE VALORES S.A. PUESTO DE BOLSA,1-30-53836-2,"ART3+4 PRODUCCIONES, S.R.L.",1-31-17333-2,,MIS 500 LOCOS,2018-03-23,2018-03-23,2800000.0,2800000.0,100.0,69787540.0,58908918.0,1.0,0,,0,,resolucion-cipac-no-2018-156_validacion-de-inversion-alpha-sociedad-de-valores-s-a-puesto-de-bolsa-mis-500-locos.pdf
817,CIPAC-2018-157,2018,,,350,210,art_34,approved,"TRANSBEL, S.R.L.",1-01-89378-8,"DALISA ALEGRIA PRODUCTIONS, S.R.L.",1-31-55026-6,,KILLING SARAI,2018-03-23,2018-03-23,15000000.0,15000000.0,100.0,79302130.55,15062675.0,1.0,0,,0,,resolucion-cipac-no-2018-157_validacion-de-inversion-transbel-s-r-l-killing-sarai.pdf
818,CIPAC-2018-158,2018,,,334,214,art_34,approved,"COMPANÍA DOMINICANA DE TELÉFONOS, S.A.",1-01-00157-7,"LOKAL PRODUCTIONS, S.R.L.",1-31-16226-6,,EL TÍGUERE: PORFIRIO RUBIROSA I,2018-03-08,2018-03-23,109110883.0,109110883.0,100.0,109110883.0,112258965.0,1.0,0,,0,,resolucion-cipac-no-2018-158_validacion-de-inversion-compania-dominicana-de-telefonos-s-a-el-tiguere-porfirio-rubirosa-i.pdf
819,CIPAC-2018-159,2018,,,337,224,art_34,approved,"COMPANÍA DOMINICANA DE TELÉFONOS, S.A.",1-01-00157-7,"LOKAL PRODUCTIONS, S.R.L.",1-31-16226-6,,EL TÍGUERE: PORFIRIO RUBIROSA II,2018-03-08,2018-03-23,102723390.0,102723390.0,100.0,102723390.0,114750950.0,1.0,0,,0,,resolucion-cipac-no-2018-159_validacion-de-inversion-compania-dominicana-de-telefonos-s-a-el-tiguere-porfirio-rubirosa-ii.pdf
820,CIPAC-2018-160,2018,,,347,230,art_34,approved,"COMPANÍA DOMINICANA DE TELÉFONOS, S.A.",1-01-00157-7,"LOKAL PRODUCTIONS, S.R.L.",1-31-16226-6,,EL TÍGUERE: PORFIRIO RUBIROSA II,2018-03-08,2018-03-23,111346991.0,111346991.0,100.0,111346991.0,125984601.0,0.9,0,,1,total_budget_executed|set_manual|null|125984601.00|Stamp covers budget executed paragraph|Resolution PDF budget section|2026-08-03|JDP,resolucion-cipac-no-2018-160_validacion-de-inversion-compania-dominicana-de-telefonos-s-a-el-tiguere-porfirio-rubirosa-iii.pdf
821,CIPAC-2018-161,2018,,,147,116,art_34,approved,"ALMACENES IBERIA, S.R.L.",1-11-00047-5,"EZARO FILMS, S.R.L.",1-31-13483-1,,SOL Y LUNA,2018-04-06,2018-06-07,15000000.0,15000000.0,100.0,45303399.37,38467408.22,1.0,0,,0,,resolucion-cipac-no-2018-161_validacion-de-inversion-almacenes-iberia-s-r-l-sol-y-luna.pdf
822,CIPAC-2018-162,2018,,,147,116,art_34,approved,"INVERSIONES & NEGOCIOS, S.A.",1-01-02386-4,"EZARO FILMS, S.R.L.",1-31-13483-1,,SOL Y LUNA,2018-04-06,2018-06-07,2500000.0,2500000.0,100.0,45303399.37,38467408.22,1.0,0,,0,,resolucion-cipac-no-2018-162_validacion-de-inversion-inversiones-_-negocios-s-a-inesa-sol-y-luna.pdf
823,CIPAC-2018-163,2018,,,315,193,art_34,approved,"BELLÓN, S.A.S.",1-02-00062-1,"CABARETE FILMS, S.R.L.",1-31-46030-5,,CABARETE,2018-05-08,2018-06-07,4000000.0,4000000.0,100.0,62214293.0,45563456.0,1.0,0,,0,,resolucion-cipac-no-2018-163_validacion-de-inversion-bellon-s-a-s-cabarete.pdf
824,CIPAC-2018-164,2018,,,333,227,art_34,approved,"CONSTRUCTORA DEL PAÍS, S.R.L.",1-02-30847-2,"CHIC FILMS, S.R.L.",1-31-61831-6,,A TU LADO,2018-05-08,2018-06-07,4000000.0,4000000.0,100.0,53829657.07,17860000.0,1.0,0,,0,,resolucion-cipac-no-2018-164_validacion-de-inversion-construtora-del-pais-s-r-l-codelpa-a-tu-lado.pdf
825,CIPAC-2018-165,2018,,,204,130,art_34,approved,"MARÍTIMA DOMINICANA, S.A.S.",1-01-02960-9,"DUHO CINEMA, S.R.L.",1-31-29320-4,,UN 4TO. DE JOSUE,2018-03-16,2018-06-07,2500000.0,2500000.0,100.0,26408648.0,21872474.0,0.9,0,,1,total_budget_executed|set_manual|null|21872474.0|Propagated from sibling resolution CIPAC-2018-166 with same film title|cipac_2018_results.json|2026-08-03|JDP,resolucion-cipac-no-2018-165_validacion-de-inversion-maritima-dominicana-s-a-s-un-4to-de-josue.pdf
826,CIPAC-2018-166,2018,,,204,130,art_34,approved,"EQUIFAX DOMINICANA, S.R.L.",1-01-19566-5,"DUHO CINEMA, S.R.L.",1-31-29320-4,,UN 4TO. DE JOSUE,2018-03-16,2018-06-07,4375000.0,4375000.0,100.0,26408648.0,21872474.0,1.0,0,,0,,resolucion-cipac-no-2018-166_validacion-de-inversion-consultores-de-datos-del-caribe-s-r-l-un-4to-de-josue.pdf
827,CIPAC-2018-167,2018,,,298,,art_39,approved,,,"FILM 003, INC",1-30-98442-5,,CAUGHT,2018-01-03,2018-06-07,31273914.51,7818478.62,25.0,32006971.0,31273914.51,1.0,0,,0,,resolucion-cipac-no-2018-167_validacion-de-inversion-film-003-inc-caught.pdf
828,CIPAC-2018-168,2018,,,251,,art_39,approved,,,"SOUTH WEST PRODUCTIONS, S.R.L.",1-31-32977-2,,SURVIVOR TURQUÍA-GRECIA 2017,2018-01-04,2018-06-07,199741808.0,49935452.0,25.0,199741808.0,199741808.0,0.9,0,,1,total_budget_approved|set_manual|null|199741808.0|OCR cut paragraph before numeric amount in parentheses|Resolution PDF budget section|2026-08-03|JDP,resolucion-cipac-no-2018-168_validacion-de-inversion-grupo-56p-s-r-l-survivor-turquia-grecia-2017.pdf
829,CIPAC-2018-169,2018,,,296,,art_39,approved,,,"FILM 007, INC",1-31-41943-7,,CHRIS MORRIS PROJECT,2018-01-23,2018-06-07,147770267.33,36942566.83,25.0,149706739.0,147770267.33,1.0,0,,0,,resolucion-cipac-no-2018-169_validacion-de-inversion-film-007-inc-chris-morris-project.pdf
830,CIPAC-2018-170,2018,,,339,,art_39,approved,,,"FILM 003, INC",1-30-98442-5,,IF BEALE STREET COULD TALK,2018-04-13,2018-06-07,32257962.0,8064490.5,25.0,32421466.0,32257962.0,1.0,0,,0,,resolucion-cipac-no-2018-170_validacion-de-inversion-film-003-inc-if-beale-street-could-talk.pdf
831,CIPAC-2018-171,2018,,,271,150,art_34,approved,"COSANCA, S.A.S.",1-01-02235-3,"HELIX, S.R.L.",1-31-39469-8,,ESPAÑOLES POR EL CARIBE,2018-01-02,2018-06-07,8000000.0,8000000.0,100.0,55191344.58,44000497.98,0.9,0,,1,total_budget_executed|set_manual|null|44000497.98|Propagated from sibling resolution CIPAC-2018-123 with same film title|cipac_2018_results.json|2026-08-03|JDP,resolucion-cipac-no-2018-171_validacion-de-inversion-cosanca-s-a-espanoles-por-el-caribe.pdf
832,CIPAC-2018-172,2018,,,292,186,art_34,approved,"MADESOL, S.A.",1-01-67633-7,"GLUCK AUDIOVISUAL PRODUCTIONS, S.R.L.",1-31-13081-1,,MOSH,2018-05-17,2018-07-31,1500000.0,1500000.0,100.0,68626682.0,67998926.58,1.0,0,,0,,resolucion-cipac-no-2018-172_validacion-de-inversion-madesol-s-a-mosh.pdf
833,CIPAC-2018-173,2018,,,333,238,art_34,approved,"BANCO DE AHORRO Y CRÉDITO ADOPEM, S.A.",1-03-00310-9,"VIEWFINDER, S.R.L.",1-30-94190-4,,DONDE SE QUEDAN LAS COSAS,2018-06-12,2018-07-31,10000000.0,10000000.0,100.0,24286553.13,10012572.36,1.0,0,,0,,resolucion-cipac-no-2018-173_validacion-de-inversion-banco-de-ahorro-y-credito-adopem-s-a-donde-se-quedan-las-cosas.pdf
834,CIPAC-2018-174,2018,,,283,187,art_34,approved,"BANCO DE AHORRO Y CRÉDITO ADOPEM, S.A.",1-03-00310-9,"20-20 FILMS, S.R.L.",1-31-16023-9,,BOTIJA,2018-06-13,2018-07-31,1998500.0,1998500.0,100.0,30959980.82,28251594.86,0.8,0,,1,total_budget_executed|set_manual|null|25959569.36|Propagated from sibling resolution CIPAC-2018-035 with same film title|cipac_2018_results.json|2026-08-03|JDP,resolucion-cipac-no-2018-174_validacion-de-inversion-banco-de-ahorro-y-credito-adopem-s-a-botija.pdf
835,CIPAC-2018-175,2018,,,283,187,art_34,approved,"INGENIERÍA Y MATERIALES ELÉCTRICOS, S.R.L.",1-01-56709-2,"20-20 FILMS, S.R.L.",1-31-16023-9,,BOTIJA,2018-06-13,2018-07-31,292025.0,292025.0,100.0,30959980.82,28251594.86,1.0,0,,0,,resolucion-cipac-no-2018-175_validacion-de-inversion-ingenieria-y-materiales-electricos-s-r-l-botija.pdf
836,CIPAC-2018-176,2018,,,385,228,art_34,approved,"CONSTRUCTORA DEL PAÍS, S.R.L.",1-02-30847-2,"PILÓN PRODUCTIONS, S.R.L.",1-30-99100-6,,MOTEL,2018-07-11,2018-07-31,5000000.0,5000000.0,100.0,17054162.47,8554162.47,1.0,0,,0,,resolucion-cipac-no-2018-176_validacion-de-inversion-constructora-del-pais-s-r-l-codelpa-motel.pdf
837,CIPAC-2018-177,2018,,,296,,art_39,approved,,,"FILM 007, INC",1-31-41943-7,,CHRIS MORRIS PROJECT,2018-06-25,2018-07-31,46571134.0,11642783.05,25.0,194463831.0,46571134.0,0.9,0,,1,tax_credit_dop|set_manual|null|11642783.05|OCR split SEGUNDO paragraph across pages losing amount|Resolution PDF SEGUNDO section|2026-08-03|JDP,resolucion-cipac-no-2018-177_validacion-de-inversion-film-007-inc-chris-morris-project.pdf
838,CIPAC-2018-178,2018,,,246,172,art_34,approved,"BANCO DE AHORRO Y CRÉDITO ADOPEM, S.A.",1-03-00310-9,"CANOA FILMS, S.R.L.",1-31-42379-5,,EL FANTASMA DE MI NOVIA,2018-06-03,2018-09-04,1400000.0,1400000.0,100.0,69976709.63,69906279.31,1.0,0,,0,,resolucion-cipac-no-2018-178-validacion-de-inversion-banco-de-ahorro-y-credito-adopem-s-a-el-fantasma-de-mi-novia.pdf
839,CIPAC-2018-179,2018,,,246,172,art_34,approved,"COLORÍN, S.A.",1-01-58194-8,"CANOA FILMS, S.R.L.",1-31-42379-5,,EL FANTASMA DE MI NOVIA,2018-08-03,2018-09-04,1200000.0,1200000.0,100.0,69976709.63,71106279.31,1.0,0,,0,,resolucion-cipac-no-2018-179_validacion-de-inversion-colorin-s-a-el-fantasma-de-mi-novia.pdf
840,CIPAC-2018-180,2018,,,302,197,art_34,approved,"AEROPUERTO INTERNACIONAL DEL CIBAO, S.A.",1-02-61324-9,"PELÍCULAS HECHAS A MANO, S.R.L.",1-31-29543-6,,COLOURS,2018-08-03,2018-09-04,2050640.0,2050640.0,100.0,47887537.08,45899540.19,0.9,0,,0,,resolucion-cipac-no-2018-180_validacion-de-inversion-aeropuerto-internacional-del-cibao-s-a-colours.pdf
841,CIPAC-2018-181,2018,,,302,197,art_34,approved,"BANCO MÚLTIPLE BHD, S.A.",1-01-13679-2,"PELÍCULAS HECHAS A MANO, S.R.L.",1-31-29543-6,,COLOURS,2018-08-03,2018-09-04,10350000.0,10348900.0,100.0,47887537.08,45899540.19,1.0,0,,0,,resolucion-cipac-no-2018-181_validacion-de-inversion-banco-multiple-bhd-leon-s-a-colours.pdf
842,CIPAC-2018-182,2018,,,327,192,art_34,approved,"LABORATORIOS FELTREX, S.A.",1-01-05037-3,"GRUPO TRUKEMER, S.R.L.",1-31-08399-4,,EL PROYECCIONISTA,2018-08-08,2018-09-04,1250000.0,1250000.0,100.0,26408648.0,68525264.0,1.0,0,,0,,resolucion-cipac-no-2018-182_validacion-de-inversion-laboratorios-feltrex-s-a-el-proyeccionista.pdf
843,CIPAC-2018-183,2018,,,385,223,art_34,approved,"AGENCIA BELLA, S.A.S.",1-01-00023-6,"PILÓN PRODUCTIONS, S.R.L.",1-30-99100-6,,MOTEL,2018-08-08,2018-09-04,3500000.0,3500000.0,100.0,17054162.47,8500000.0,1.0,0,,0,,resolucion-cipac-no-2018-183_validacion-de-inversion-agencia-bella-s-a-motel.pdf
844,CIPAC-2018-184,2018,,,374,242,art_34,approved,"CASA PACO, S.A.",1-01-19151-1,"VALFRANK, S.R.L.",1-30-90915-6,,JUGANDO A BAILAR,2018-07-10,2018-09-04,3000000.0,3000000.0,100.0,63249113.0,34207219.0,1.0,0,,0,,resolucion-cipac-no-2018-184_validacion-de-inversion-casa-paco-s-a-jugando-a-bailar.pdf
845,CIPAC-2018-185,2018,,,374,242,art_34,approved,"CERVECERÍA NACIONAL DOMINICANA, S.A.",1-01-00372-3,"VALFRANK, S.R.L.",1-30-90915-6,,JUGANDO A BAILAR,2018-07-10,2018-09-04,15000000.0,15000000.0,100.0,63249113.0,34207219.0,1.0,0,,0,,resolucion-cipac-no-2018-185_validacion-de-inversion-cerveceria-nacional-dominicana-s-a-jugando-a-bailar.pdf
846,CIPAC-2018-186,2018,,,308,,art_39,approved,,,"GRUPO 56P, S.R.L.",1-31-51719-6,,SURVIVOR CHALLENGE BRAZIL 2017,2018-06-25,2018-09-04,146531043.0,36632760.75,25.0,146531043.0,147412727.0,0.8,0,,1,tax_credit_dop|set_manual|null|36632760.75|OCR did not capture SEGUNDO paragraph|Resolution PDF SEGUNDO section|2026-08-03|JDP;;total_budget_approved|set_manual|null|146531043.00|OCR missed budget approval paragraph|Resolution PDF budget section|2026-08-03|JDP,resolucion-cipac-no-2018-186_validacion-de-inversion-acunmedya-view-produksiyon-reklam-survivor-challenge-brazil-2017.pdf
847,CIPAC-2018-187,2018,,,369,232,art_34,approved,"BANCO MÚLTIPLE LÓPEZ DE HARO, S.A.",1-01-14588-9,"ONE ALLIANCE, S.R.L.",1-30-99221-5,,CARTAS DE UN SICARIO,2018-08-17,2018-09-04,1000000.0,1000000.0,100.0,78250240.0,56931847.0,1.0,0,,0,,resolucion-cipac-no-2018-187_validacion-de-inversion-banco-multiple-lopez-de-haro-s-a-cartas-de-un-sicario.pdf
848,CIPAC-2018-188,2018,,,369,232,art_34,approved,"CASA PACO, S.A.",1-01-19151-1,"ONE ALLIANCE, S.R.L.",1-30-99221-5,,CARTAS DE UN SICARIO,2018-08-17,2018-09-04,3000000.0,3000000.0,100.0,78250240.0,56931847.0,1.0,0,,0,,resolucion-cipac-no-2018-188_validacion-de-inversion-casa-paco-s-a-cartas-de-un-sicario.pdf
849,CIPAC-2018-189,2018,,,369,232,art_34,approved,"INVERSIONES SARGO, S.R.L.",1-30-85662-1,"ONE ALLIANCE, S.R.L.",1-30-99221-5,,CARTAS DE UN SICARIO,2018-08-17,2018-09-04,1200000.0,1200000.0,100.0,78250240.0,56931847.0,1.0,0,,0,,resolucion-cipac-no-2018-189_validacion-de-inversion-inversiones-sargo-s-r-l-cartas-de-un-sicario.pdf
850,CIPAC-2018-190,2018,,,369,232,art_34,approved,"VILLA PALMERA INMOBILIARIA, S.R.L.",1-01-81075-2,"ONE ALLIANCE, S.R.L.",1-30-99221-5,,CARTAS DE UN SICARIO,2018-08-17,2018-09-04,5000000.0,5000000.0,100.0,78250240.0,56931847.0,1.0,0,,0,,resolucion-cipac-no-2018-190_validacion-de-inversion-villa-palmera-inmobiliaria-s-r-l-cartas-de-un-sicario.pdf
851,CIPAC-2018-191,2018,,,370,198,art_34,approved,"BANCO MÚLTIPLE BHD, S.A.",1-01-13679-2,"ECAH FILM, S.R.L.",1-31-14052-1,,FLOW,2018-10-18,2018-10-18,10149999.99,10149999.99,100.0,63872212.0,31746819.02,0.8,0,,1,total_budget_executed|set_manual|null|31746819.02|Propagated from sibling resolution CIPAC-2018-194 with same film title|cipac_2018_results.json|2026-08-03|JDP,resolucion-cipac-no-2018-191_validacion-de-inversion-banco-multiple-bhd-leon-s-a-flow.pdf
852,CIPAC-2018-192,2018,,,370,198,art_34,approved,"BANCO DE AHORRO Y CRÉDITO ADOPEM, S.A.",1-03-00310-9,"ECAH FILM, S.R.L.",1-31-14052-1,,FLOW,2018-10-18,2018-10-18,11598432.35,11598432.35,100.0,63872212.0,31746819.02,0.9,0,,1,total_budget_executed|set_manual|null|31746819.02|Propagated from sibling resolution CIPAC-2018-191 with same film title|cipac_2018_results.json|2026-08-03|JDP,resolucion-cipac-no-2018-192_validacion-de-inversion-banco-ahorro-y-credito-adopem-s-a-flow.pdf
853,CIPAC-2018-193,2018,,,370,198,art_34,approved,"ARS MONUMENTAL, S.A.",1-30-05800-8,"ECAH FILM, S.R.L.",1-31-14052-1,,FLOW,2018-10-18,2018-10-18,4000000.0,4000000.0,100.0,63872212.0,31746819.02,0.9,0,,1,total_budget_executed|set_manual|null|31746819.02|Propagated from sibling resolution CIPAC-2018-191 with same film title|cipac_2018_results.json|2026-08-03|JDP,resolucion-cipac-no-2018-193_validacion-de-inversion-ars-monumental-s-a-flow.pdf
854,CIPAC-2018-194,2018,,,370,198,art_34,approved,"LA MONUMENTAL DE SEGUROS, S.A.",1-02-30854-3,"ECAH FILM, S.R.L.",1-31-14052-1,,FLOW,2018-10-18,2018-10-18,4000000.0,4000000.0,100.0,63872212.0,31746819.02,1.0,0,,0,,resolucion-cipac-no-2018-194_validacion-de-inversion-la-monumental-de-seguros-s-a-flow.pdf
855,CIPAC-2018-195,2018,,,370,198,art_34,approved,"CAPITALIA PUESTO DE BOLSA, S.A.",1-31-18013-2,"ECAH FILM, S.R.L.",1-31-14052-1,,FLOW,2018-10-18,2018-10-18,1997094.9,1997094.9,100.0,63872212.0,31746819.02,1.0,0,,0,,resolucion-cipac-no-2018-195_validacion-de-inversion-mpb-multivalores-puesto-de-bolsa-s-a-flow.pdf
856,CIPAC-2018-196,2018,,,148,115,art_34,approved,"MOTOR CRÉDITO, S.A. (BANCO DE AHORRO Y CRÉDITO)",1-01-02828-9,"AG FILMS, S.R.L.",1-31-17818-9,,FLOR,2018-09-14,2018-10-18,500000.0,500000.0,100.0,53154140.0,39989577.03,0.9,0,,1,total_budget_executed|set_manual|null|39989577.03|Stamp covers budget executed paragraph|Resolution PDF budget section|2026-08-03|JDP,resolucion-cipac-no-2018-196_validacion-de-inversion-motor-credito-s-a-banco-de-ahorro-y-credito-flor.pdf
857,CIPAC-2018-197,2018,,,148,115,art_34,approved,"BANCO BACC DE AHORRO Y CRÉDITO DEL CARIBE, S.A.",1-01-13879-3,"AG FILMS, S.R.L.",1-31-17818-9,,FLOR,2018-09-14,2018-10-18,620000.0,620000.0,100.0,53154140.0,39989577.03,0.9,0,,1,total_budget_executed|set_manual|null|39989577.03|Stamp covers budget executed paragraph|Resolution PDF budget section|2026-08-03|JDP,resolucion-cipac-no-2018-197_validacion-de-inversion-banco-bacc-de-ahorro-y-credito-del-caribe-s-a-flor.pdf
858,CIPAC-2018-198,2018,,,148,115,art_34,approved,"SANUT DOMINICANA, S.A.S.",1-02-33461-7,"AG FILMS, S.R.L.",1-31-17818-9,,FLOR,2018-09-14,2018-10-18,3000000.0,3000000.0,100.0,53154140.0,39989577.03,0.8,0,,1,total_budget_executed|set_manual|null|39989577.03|Stamp covers budget executed paragraph|Resolution PDF budget section|2026-08-03|JDP,resolucion-cipac-no-2018-198_validacion-de-inversion-sanut-dominicana-s-a-s-flor.pdf
859,CIPAC-2018-199,2018,,,148,115,art_34,approved,"INVERSIONES IDF, S.A.",1-30-99775-6,"AG FILMS, S.R.L.",1-31-17818-9,,FLOR,2018-09-14,2018-10-18,1200000.0,1200000.0,100.0,53154140.0,39989577.03,0.8,0,,1,total_budget_executed|set_manual|null|39989577.03|Stamp covers budget executed paragraph|Resolution PDF budget section|2026-08-03|JDP,resolucion-cipac-no-2018-199_validacion-de-inversion-inversiones-idf-s-a-flor.pdf
860,CIPAC-2018-200,2018,,,150,123,art_34,approved,"BANCO MÚLTIPLE BDI, S.A.",1-01-04029-7,"CÓDIGO TRES FILMS, S.R.L.",1-31-04798-1,,LA OTRA PENELOPE,2018-09-14,2018-10-18,5000000.0,5000000.0,100.0,51924617.1,49312077.45,0.9,0,,1,request_date|set_manual|null|2018-09-14|OCR did not capture Solicitud de fecha line|Resolution PDF VISTOS section item 1|2026-08-03|JDP,resolucion-cipac-no-2018-200_validacion-de-inversion-banco-multiple-bdi-s-a-la-otra-penelope.pdf
861,CIPAC-2018-201,2018,,,150,123,art_34,approved,"BANCO BACC DE AHORRO Y CRÉDITO DEL CARIBE, S.A.",1-01-13879-3,"CÓDIGO TRES FILMS, S.R.L.",1-31-04798-1,,LA OTRA PENÉLOPE,2018-10-18,2018-10-18,3900000.0,3900000.0,100.0,51924617.1,49312077.45,1.0,0,,0,,resolucion-cipac-no-2018-201_validacion-de-inversion-banco-bacc-de-ahorro-y-credito-del-caribe-s-a-la-otra-penelope.pdf
862,CIPAC-2018-202,2018,,,150,123,art_34,approved,"AEROPUERTO INTERNACIONAL DEL CIBAO, S.A.",1-02-61324-9,"CÓDIGO TRES FILMS, S.R.L.",1-31-04798-1,,LA OTRA PENELOPE,2018-10-18,2018-10-18,700000.0,700000.0,100.0,51924617.1,49312077.45,1.0,0,,0,,resolucion-cipac-no-2018-202_validacion-de-inversion-aeropuerto-internacional-del-cibao-s-a-la-otra-penelope.pdf
863,CIPAC-2018-203,2018,,,328,200,art_34,approved,"BANCO MÚLTIPLE ADEMI, S.A.",1-01-74527-4,"CACIQUE FILMS, S.R.L.",1-31-09766-9,,HASTA LA BOYA,2018-09-17,2018-10-18,8000000.0,8000000.0,100.0,73059734.16,71836662.0,0.9,0,,1,request_date|set_manual|null|2018-09-17|OCR did not capture Solicitud de fecha line|Resolution PDF VISTOS section item 1|2026-08-04|JDP,resolucion-cipac-no-2018-203_validacion-de-inversion-banco-multiple-ademi-s-a-hasta-la-boya.pdf
864,CIPAC-2018-204,2018,,,328,200,art_34,approved,"LETERAGO, S.R.L.",1-01-01357-5,"CACIQUE FILMS, S.R.L.",1-31-09766-9,,HASTA LA BOYA,2018-09-17,2018-10-18,7000000.0,7000000.0,100.0,73059734.16,71836662.0,0.8,0,,1,total_budget_executed|set_manual|null|71836662.0|Propagated from sibling resolution CIPAC-2018-203 with same film title|cipac_2018_results.json|2026-08-03|JDP;;request_date|set_manual|null|2018-09-17|OCR did not capture Solicitud de fecha line|Resolution PDF VISTOS section item 1|2026-08-04|JDP,resolucion-cipac-no-2018-204_validacion-de-inversion-leterago-s-r-l-hasta-la-boya.pdf
865,CIPAC-2018-205,2018,,,328,200,art_34,approved,"PARALLAX VALORES PUESTO DE BOLSA, S.A.",1-01-56714-7,"CACIQUE FILMS, S.R.L.",1-31-09766-9,,HASTA LA BOYA,2018-09-17,2018-10-18,3946411.0,3946411.0,100.0,73059734.16,71836662.0,0.8,0,,1,total_budget_approved|set_manual|null|73059734.16|Stamp covers budget approval paragraph|Resolution PDF budget section|2026-08-04|JDP,resolucion-cipac-no-2018-205_validacion-de-inversion-parallax-valores-puesto-de-bolsa-s-a-hasta-la-boya.pdf
866,CIPAC-2018-206,2018,,,366,236,art_34,approved,"BANCO MÚLTIPLE SANTA CRUZ, S.A.",1-02-01292-1,"VEZLOP GROUP, S.R.L.",1-31-66655-8,,LA REBELIÓN (TRABAJO SUCIO),2018-09-18,2018-10-18,13000000.0,13000000.0,100.0,69877943.0,65088809.0,1.0,0,,0,,resolucion-cipac-no-2018-206_validacion-de-inversion-banco-multiple-santa-cruz-s-a-la-rebelion-trabajo-sucio.pdf
867,CIPAC-2018-207,2018,,,366,236,art_34,approved,"CERVECERÍA NACIONAL DOMINICANA, S.A.",1-01-00372-3,"VEZLOP GROUP, S.R.L.",1-31-66655-8,,LA REBELIÓN (TRABAJO SUCIO),2018-09-18,2018-10-18,20000000.0,20000000.0,100.0,69877943.0,65088809.0,1.0,0,,0,,resolucion-cipac-no-2018-207_validacion-de-inversion-cerveceria-nacional-dominicana-s-a-la-rebelion-trabajo-sucio.pdf
868,CIPAC-2018-208,2018,,,366,236,art_34,approved,"CONSTRUCTORA RIZEK & ASOCIADOS, S.R.L.",1-01-57804-1,"VEZLOP GROUP, S.R.L.",1-31-66655-8,,LA REBELIÓN (TRABAJO SUCIO),2018-09-18,2018-10-18,10000000.0,10000000.0,100.0,69877943.0,65088809.0,0.9,0,,1,total_budget_executed|set_manual|null|65088809.0|Propagated from sibling resolution CIPAC-2018-206 with same film title|cipac_2018_results.json|2026-08-03|JDP,resolucion-cipac-no-2018-208_validacion-de-inversion-constructora-rizek-_-asociados-s-r-l-la-rebelion-trabajo-sucio.pdf
869,CIPAC-2018-209,2018,,,366,236,art_34,approved,"PACIFIC ASSETS, CORP",1-22-01963-4,"VEZLOP GROUP, S.R.L.",1-31-66655-8,,LA REBELIÓN (TRABAJO SUCIO),2018-09-18,2018-10-18,7300000.0,7300000.0,100.0,69877943.0,65088809.0,1.0,0,,0,,resolucion-cipac-no-2018-209_validacion-de-inversion-pacific-assets-corp-la-rebelion-trabajo-sucio.pdf
870,CIPAC-2018-210,2018,,,366,236,art_34,approved,"PETROMÓVIL, S.A.",1-01-69727-1,"VEZLOP GROUP, S.R.L.",1-31-66655-8,,LA REBELIÓN (TRABAJO SUCIO),2018-09-18,2018-10-18,5000000.0,4737513.0,100.0,69877943.0,65088809.0,0.8,0,,1,total_budget_executed|set_manual|null|65088809.0|Propagated from sibling resolution CIPAC-2018-206 with same film title|cipac_2018_results.json|2026-08-03|JDP;;total_budget_approved|set_manual|null|69877943.0|Stamp covers budget approval paragraph|Resolution PDF budget section|2026-08-04|JDP,resolucion-cipac-no-2018-210_validacion-de-inversion-petromovil-s-a-la-rebelion-trabajo-sucio.pdf
871,CIPAC-2018-211,2018,,,366,236,art_34,approved,"PIMENTEL & CO, S.R.L.",1-02-00113-8,"VEZLOP GROUP, S.R.L.",1-31-66655-8,,LA REBELIÓN (TRABAJO SUCIO),2018-09-18,2018-10-18,5000000.0,5000000.0,100.0,69877943.0,65088809.0,1.0,0,,0,,resolucion-cipac-no-2018-211_validacion-de-inversion-pimentel-_-co-s-r-l-la-rebelion-trabajo-sucio.pdf
872,CIPAC-2018-212,2018,,,366,236,art_34,approved,"TERMO ENVASES, S.A.",1-01-57338-4,"VEZLOP GROUP, S.R.L.",1-31-66655-8,,LA REBELIÓN (TRABAJO SUCIO),2018-09-18,2018-10-18,5000000.0,5000000.0,100.0,69877943.0,65088809.0,0.9,0,,1,total_budget_executed|set_manual|null|65088809.0|Propagated from sibling resolution CIPAC-2018-206 with same film title|cipac_2018_results.json|2026-08-03|JDP,resolucion-cipac-no-2018-212_validacion-de-inversion-termo-envases-s-a-la-rebelion-trabajo-sucio.pdf
873,CIPAC-2018-215,2018,,,373,,art_39,approved,,,"FILM008, INC",1-31-68452-1,,THE LONG SONG,2018-09-26,2018-11-29,268643736.05,67160934.01,25.0,294106438.0,268643736.05,1.0,0,,0,,resolucion-cipac-no-2018-215_validacion-de-inversion-film008-inc-the-long-song.pdf
874,CIPAC-2018-216,2018,,,374,242,art_34,approved,"BANCO MÚLTIPLE BHD, S.A.",1-01-13679-2,"VALFRANK, S.R.L.",1-30-90915-6,,JUGANDO A BAILAR,2018-10-05,2018-11-29,10000000.0,10000000.0,100.0,60441686.0,45893613.0,1.0,0,,0,,resolucion-cipac-no-2018-216_validacion-de-inversion-banco-multiple-bhd-leon-s-a-jugando-a-bailar.pdf
875,CIPAC-2018-217,2018,,,374,242,art_34,approved,"COBINCA, S.A.",1-01-19447-2,"VALFRANK, S.R.L.",1-30-90915-6,,JUGANDO A BAILAR,2018-10-05,2018-11-29,18000000.0,17857147.0,100.0,60441686.0,45893613.0,1.0,0,,0,,resolucion-cipac-no-2018-217_validacion-de-inversion-cobinca-s-a-jugando-a-bailar.pdf
876,CIPAC-2018-218,2018,,,249,167,art_34,approved,"CONSORCIO ENERGÉTICO PUNTA CANA MACAO, S.A.",1-01-58340-1,"FAULA FILMS, S.R.L.",1-30-89356-1,,MIRIAM MIENTE,2018-10-09,2018-11-29,1300000.0,1300000.0,100.0,35213925.67,28262149.14,1.0,0,,0,,resolucion-cipac-no-2018-218_validacion-de-inversion-consorcio-energetico-punta-cana-macao-miriam-miente.pdf
877,CIPAC-2018-219,2018,,,249,167,art_34,approved,"TRANSBEL, S.R.L.",1-01-89378-8,"FAULA FILMS, S.R.L.",1-30-89356-1,,MIRIAM MIENTE,2018-10-09,2018-11-29,1637000.0,1637000.0,100.0,35213925.67,28262149.14,1.0,0,,0,,resolucion-cipac-no-2018-219_validacion-de-inversion-transbel-s-r-l-miriam-mienten.pdf
878,CIPAC-2018-220,2018,,,204,130,art_34,approved,"AEROPUERTO INTERNACIONAL DEL CIBAO, S. A.",1-02-61324-9,"DUHO CINEMA, S.R.L.",1-31-29320-4,,UN 4TO. DE JOSUE,2018-10-12,2018-11-29,1765000.0,1765000.0,100.0,24775349.0,23637474.0,1.0,0,,0,,resolucion-cipac-no-2018-220_validacion-de-inversion-aeropuerto-internacional-del-cibao-s-a-un-4to-de-josue.pdf
879,CIPAC-2018-221,2018,,,319,217,art_34,approved,"MOTOR CRÉDITO, S.A. (BANCO DE AHORRO Y CRÉDITO)",1-01-02828-9,"INVERSIONES BASSE TERRE, S.R.L.",1-31-61956-8,,REINADO DE BELLEZA,2018-10-19,2018-11-29,7500000.0,7500000.0,100.0,71206230.0,51543407.47,1.0,0,,1,,resolucion-cipac-no-2018-221_validacion-de-inversion-motor-credito-s-a-banco-de-ahorro-y-credito-reinado-de-belleza.pdf
880,CIPAC-2018-222,2018,,,406,257,art_34,approved,"BANCO MÚLTIPLE BHD, S.A.",1-01-13679-2,"BALSIE GUANABANA MACUTO, S.R.L.",1-30-88641-5,,PAPÁ LIBORIO,2018-10-25,2018-11-29,20000000.0,20000000.0,100.0,48421017.0,22385000.0,0.9,0,,1,validated_amount_dop|set_manual|null|20000000.00|OCR split PRIMERO paragraph across pages losing amount|Resolution PDF PRIMERO section|2026-08-04|JDP,resolucion-cipac-no-2018-222_validacion-de-inversion-banco-multiple-bhd-leon-s-a-papa-liborio.pdf
881,CIPAC-2018-223,2018,,,406,257,art_34,approved,"BANCO MÚLTIPLE ADEMI, S.A.",1-01-74527-4,"BALSIE GUANABANA MACUTO, S.R.L.",1-30-88641-5,,PAPÁ LIBORIO,2018-10-25,2018-11-29,2385000.0,2385000.0,100.0,48421017.0,22385000.0,1.0,0,,0,,resolucion-cipac-no-2018-223_validacion-de-inversion-banco-multiple-ademi-s-a-papa-liborio.pdf
882,CIPAC-2018-224,2018,,,378,244,art_34,approved,"BANCO POPULAR DOMINICANO, S. A. BANCO MÚLTIPLE",1-01-01063-2,"TRONATION FILMS, S.R.L.",1-31-63628-4,,QUE LEÓN,2018-10-30,2018-11-29,50000000.0,50000000.0,100.0,75240090.0,72437410.0,0.9,0,,1,total_budget_executed|set_manual|null|72437410.0|Propagated from sibling resolution CIPAC-2018-225 with same film title|cipac_2018_results.json|2026-08-03|JDP,resolucion-cipac-no-2018-224_validacion-de-inversion-banco-popular-dominicano-s-a-banco-multiple-que-leon.pdf
883,CIPAC-2018-225,2018,,,378,244,art_34,approved,"CERVECERÍA NACIONAL DOMINICANA, S.A.",1-01-00372-3,"TRONATION FILMS, S.R.L.",1-31-63628-4,,QUE LEÓN,2018-10-30,2018-11-29,20000000.0,20000000.0,100.0,75240090.0,72437410.0,1.0,0,,0,,resolucion-cipac-no-2018-225_validacion-de-inversion-cerveceria-nacional-dominicana-s-a-que-leon.pdf
884,CIPAC-2018-226,2018,,,378,244,art_34,approved,"CENTROS DEL CARIBE, S.A.S.",1-01-70451-9,"TRONATION FILMS, S.R.L.",1-31-63628-4,,QUE LEÓN,2018-10-30,2018-11-29,2650000.0,2437410.0,100.0,75240090.0,72437410.0,0.9,0,,1,total_budget_executed|set_manual|null|72437410.0|Propagated from sibling resolution CIPAC-2018-224 with same film title|cipac_2018_results.json|2026-08-03|JDP,resolucion-cipac-no-2018-226_validacion-de-inversion-centros-del-caribe-s-a-s-papa-liborio.pdf
885,CIPAC-2018-227,2018,,,386,245,art_34,approved,"CENTRO CUESTA NACIONAL, S.A.S.",1-01-01992-1,"CACIQUE FILMS, S.R.L.",1-31-09766-9,,ISLA DE PLÁSTICO,2018-11-08,2018-11-29,4600000.0,4455255.0,100.0,38017180.0,34455255.0,1.0,0,,0,,resolucion-cipac-no-2018-227_validacion-de-inversion-centro-cuesta-nacional-s-a-s-isla-de-plastico.pdf
886,CIPAC-2018-228,2018,,,386,245,art_34,approved,"CERVECERÍA NACIONAL DOMINICANA, S.A.",1-01-00372-3,"CACIQUE FILMS, S.R.L.",1-31-09766-9,,ISLA DE PLÁSTICO,2018-11-08,2018-11-29,30000000.0,30000000.0,100.0,38017180.0,34455255.0,1.0,0,,0,,resolucion-cipac-no-2018-228_validacion-de-inversion-cerveceria-nacional-dominicana-s-a-isla-de-plastico.pdf
887,CIPAC-2018-229,2018,,,333,227,art_34,approved,"COSANCA, S.A.S.",1-01-02235-3,"CHIC FILMS, S.R.L.",1-31-61831-6,,A TU LADO,2018-11-29,2018-11-29,1000000.0,1000000.0,100.0,53829657.07,22860000.0,1.0,0,,0,,resolucion-cipac-no-2018-229_validacion-de-inversion-cosanca-s-a-s-a-tu-lado.pdf
888,CIPAC-2018-230,2018,,,333,227,art_34,approved,"COBINCA, S.A.",1-01-19447-2,"CHIC FILMS, S.R.L.",1-31-61831-6,,A TU LADO,2018-11-29,2018-11-29,4000000.0,4000000.0,100.0,53829657.07,22860000.0,1.0,0,,0,,resolucion-cipac-no-2018-230_validacion-de-inversion-cobinca-s-a-a-tu-lado.pdf
889,CIPAC-2018-237,2018,,,342,208,art_34,approved,"IMPLEMENTOS Y MAQUINARIAS (IMCA), S.A.",1-01-01021-5,"GUAYACÁN FILMS, S.R.L.",1-31-46486-6,,LA CASA DE CAOBA,2018-12-20,2018-12-20,1235500.0,1235500.0,100.0,54445205.0,39101667.0,1.0,0,,0,,resolucion-cipac-no-2018-237_validacion-inversion-implementos-y-maquinarias-imca-s-a-la-casa-de-caoba.pdf
890,CIPAC-2018-238,2018,,,342,208,art_34,approved,"AGENCIAS NAVIERAS RANNIK, S.A.S.",1-01-01473-3,"GUAYACÁN FILMS, S.R.L.",1-31-46486-6,,LA CASA DE CAOBA,2018-12-20,2018-12-20,1200000.0,1200000.0,100.0,54445205.0,39101667.0,1.0,0,,0,,resolucion-cipac-no-2018-238_validacion-de-inversion-agencias-navieras-b_r-s-a-s-la-casa-de-caoba.pdf
891,CIPAC-2018-239,2018,,,342,208,art_34,approved,"OSCAR A. RENTA NEGRÓN, S.A.",1-01-01161-2,"GUAYACÁN FILMS, S.R.L.",1-31-46486-6,,LA CASA DE CAOBA,2018-11-19,2018-12-20,4000000.0,4000000.0,100.0,54445205.0,39101667.0,1.0,0,,0,,resolucion-cipac-no-2018-239_validacion-de-inversion-oscar-a-renta-negron-s-a-la-casa-de-caoba.pdf
892,CIPAC-2018-240,2018,,,342,208,art_34,approved,"TRANSPORTE RANNIK, S.A.S.",1-01-51078-1,"GUAYACÁN FILMS, S.R.L.",1-31-46486-6,,LA CASA DE CAOBA,2018-12-20,2018-12-20,1500000.0,1500000.0,100.0,54445205.0,39101667.0,1.0,0,,0,,resolucion-cipac-no-2018-240_validacion-de-inversion-transporte-b_r-s-a-s-la-casa-de-caoba.pdf
893,CIPAC-2018-241,2018,,,342,208,art_34,approved,"BIT DOMINICANA, S.R.L.",1-01-81302-4,"GUAYACÁN FILMS, S.R.L.",1-31-46486-6,,LA CASA DE CAOBA,2018-11-19,2018-12-20,700000.0,700000.0,100.0,54445205.0,39101667.0,1.0,0,,0,,resolucion-cipac-no-2018-241_validacion-de-inversion-bit-dominicana-s-r-l-la-casa-de-caoba.pdf
894,CIPAC-2018-242,2018,,,271,150,art_34,approved,"COBINCA, S.A.",1-01-19447-2,"HELIX, S.R.L.",1-31-39469-8,,ESPAÑOLES POR EL CARIBE,2018-11-06,2018-12-20,5000000.0,5000000.0,100.0,55191344.58,40999930.92,1.0,0,,0,,resolucion-cipac-no-2018-242_validacion-de-inversion-cobinca-s-a-espanoles-por-el-caribe.pdf
895,CIPAC-2018-243,2018,,,237,154,art_34,approved,"PLANETA AZUL, S.A.",1-01-50393-9,"MAMUT FILMS, S.R.L.",1-31-30903-8,,ISLA DE LAS REPÚBLICAS,2018-12-20,2018-12-20,2510000.0,2510000.0,100.0,19854690.57,19853696.22,1.0,0,,0,,resolucion-cipac-no-2019-243_validacion-de-inversion-agua-planeta-azul-s-a-isla-de-las-republicas.pdf
896,CIPAC-2019-001,2019,,,343,228,art_34,approved,"BANCO POPULAR DOMINICANO, S. A. BANCO MÚLTIPLE",1-01-01063-2,"FHALET BUSINESS, S.R.L.",1-31-43509-2,,EL ARENERO,2019-01-17,2019-01-17,5354720.0,5354720.0,100.0,63443186.0,57350247.0,1.0,0,,0,,resolucion-cipac-no-2019-001_validacion-de-inversion-banco-popular-dominicano-s-a-el-arenero.pdf
897,CIPAC-2019-002,2019,,,384,,art_39,approved,,,"FILM002, INC.",1-30-89380-2,,TROPICAL COP TALES,2018-12-11,2019-01-17,93643406.0,23410851.5,25.0,98548751.0,93643406.0,1.0,0,,0,,resolucion-cipac-no-2019-002_validacion-de-inversion-film002-inc-tropical-cop-tales.pdf
898,CIPAC-2019-003,2019,,,385,223,art_34,approved,"UNIQUE REPRESENTACIONES, S.R.L.",1-01-56244-7,"PILÓN PRODUCTIONS, S.R.L.",1-30-99100-6,,MOTEL,2018-12-19,2019-01-17,500000.0,500000.0,100.0,17054162.47,9000000.0,1.0,0,,0,,resolucion-cipac-no-2019-003_validacion-de-inversion-unique-representaciones-s-r-l-motel.pdf
899,CIPAC-2019-004,2019,,,306,143,art_34,approved,"BANCO MÚLTIPLE BHD, S.A.",1-01-13679-2,"F & B FILMS, S.R.L.",1-30-78516-3,,DOMINICANOS EN EL MEDIO ORIENTE,2018-12-11,2019-01-17,3500000.0,3500000.0,100.0,13855529.74,9700000.0,1.0,0,,0,,resolucion-cipac-no-2019-004_validacion-de-inversion-banco-multiple-bhd-leon-s-a-dominicanos-en-el-medio-oriente.pdf
900,CIPAC-2019-005,2019,,,426,218,art_34,approved,"CONSORCIO ENERGÉTICO PUNTA CANA MACAO, S.A.",1-01-58340-1,"MILBO PRODUCTIONS, S.R.L.",1-31-22322-2,,MILVIO,2018-12-10,2019-01-17,4000000.0,4000000.0,100.0,37178810.0,12194415.0,1.0,0,,0,,resolucion-cipac-no-2019-005_validacion-de-inversion-consorcio-energetico-punta-cana-macao-s-a-milvio.pdf
901,CIPAC-2019-006,2019,,,426,218,art_34,approved,"AEROPUERTO INTERNACIONAL DEL CIBAO, S.A.",1-02-61324-9,"MILBO PRODUCTIONS, S.R.L.",1-31-22322-2,,MILVIO,2018-12-10,2019-01-17,8194360.0,8194360.0,100.0,37178810.0,12194415.0,1.0,0,,0,,resolucion-cipac-no-2019-006_validacion-de-inversion-aeropuerto-internacional-del-cibao-s-a-milvio.pdf
902,CIPAC-2019-007,2019,,,349,234,art_34,approved,"SUED & FARGESA, S.R.L.",1-01-02772-1,"CIELO FILMS, S.R.L.",1-31-09573-9,,CULPABLES,2018-12-07,2019-01-17,14990185.15,14990185.15,100.0,51707227.68,39929640.0,1.0,0,,0,,resolucion-cipac-no-2019-007_validacion-de-inversion-sued-_-fargesa-s-r-l-culpables.pdf
903,CIPAC-2019-008,2019,,,349,234,art_34,approved,"BANCO MÚLTIPLE BHD, S.A.",1-01-13679-2,"CIELO FILMS, S.R.L.",1-31-09573-9,,CULPABLES,2018-12-07,2019-01-17,9939705.26,9939705.26,100.0,51707227.68,39929640.0,1.0,0,,0,,resolucion-cipac-no-2019-008_validacion-de-inversion-banco-multiple-bhd-leon-s-a-culpables.pdf
904,CIPAC-2019-009,2019,,,233,165,art_34,approved,"SUED & FARGESA, S.R.L.",1-01-02772-1,"FENUMARTE, S.R.L.",1-31-42980-7,,LO QUE SIENTO POR TI,2018-12-11,2019-01-17,4895147.07,4895147.07,100.0,69121034.0,67991204.0,1.0,0,,0,,resolucion-cipac-no-2019-009_validacion-de-inversion-sued-_-fargesa-s-r-l-lo-que-siento-por-ti.pdf
905,CIPAC-2019-010,2019,,,436,268,art_34,approved,"UNIQUE REPRESENTACIONES, S.R.L.",1-01-56244-7,"PILÓN PRODUCTIONS, S.R.L.",1-30-99100-6,,ATRAVESANDO EL JORDÁN,2019-02-07,2019-02-07,2000000.0,200000.0,100.0,26073164.47,2000000.0,1.0,0,,0,,resolucion-cipac-no-2019-010_validacion-de-inversion-unique-representaciones-s-r-l-atravesando-el-jordan.pdf
906,CIPAC-2019-011,2019,,,436,268,art_34,approved,"BODY SHOP ATHLETIC CLUB, S.R.L.",1-01-63758-7,"PILÓN PRODUCTIONS, S.R.L.",1-30-99100-6,,ATRAVESANDO EL JORDÁN,2019-02-07,2019-02-07,700000.0,700000.0,100.0,26073164.47,9000000.0,1.0,0,,0,,resolucion-cipac-no-2019-011_validacion-de-inversion-body-shop-athletic-club-s-r-l-atravesando-el-jordan.pdf
907,CIPAC-2019-012,2019,,,147,116,art_34,approved,"ALMACENES IBERIA, S.R.L.",1-11-00047-5,"EZARO FILMS, S.R.L.",1-31-13483-1,,SOL Y LUNA,2019-02-07,2019-02-07,6489500.0,6489500.0,100.0,45303399.37,6489500.0,1.0,0,,0,,resolucion-cipac-no-2019-012_validacion-de-inversion-almacenes-iberia-s-r-l-sol-y-luna.pdf
908,CIPAC-2019-013,2019,,,385,223,art_34,approved,"KELNET COMPUTER, S.R.L.",1-30-72141-6,"PILÓN PRODUCTIONS, S.R.L.",1-30-99100-6,,MOTEL,2019-01-11,2019-02-07,100000.0,100000.0,100.0,17054162.47,10200000.0,1.0,0,,0,,resolucion-cipac-no-2019-013_validacion-de-inversion-kelnet-computer-s-r-l-motel.pdf
909,CIPAC-2019-014,2019,,,385,223,art_34,approved,"KHALICCO INVESTMENTS, S.R.L.",1-31-04844-7,"PILÓN PRODUCTIONS, S.R.L.",1-30-99100-6,,MOTEL,2019-01-11,2019-02-07,100000.0,100000.0,100.0,17054162.47,10200000.0,1.0,0,,0,,resolucion-cipac-no-2019-014_validacion-de-inversion-khalisco-investments-s-r-l-motel.pdf
910,CIPAC-2019-015,2019,,,385,223,art_34,approved,"PUNTO MARKET, S.R.L.",1-30-11191-1,"PILÓN PRODUCTIONS, S.R.L.",1-30-99100-6,,MOTEL,2019-01-11,2019-02-07,1000000.0,1000000.0,100.0,17054162.47,10200000.0,1.0,0,,0,,resolucion-cipac-no-2019-015_validacion-de-inversion-punto-market-s-r-l-motel.pdf
911,CIPAC-2019-016,2019,,,377,243,art_34,approved,"CERVECERÍA NACIONAL DOMINICANA, S.A.",1-01-00372-3,"XEPINON INVESTMENT, S.R.L.",1-31-38635-2,,KANIBARÚ: VISA POR UN SUEÑO,2019-01-16,2019-02-07,55000000.0,55000000.0,100.0,61967023.03,55000000.0,1.0,0,,0,,resolucion-cipac-no-2019-016_validacion-de-inversion-cerveceria-nacional-dominicana-s-a-kanibaru_-visa-por-un-sueno.pdf
912,CIPAC-2019-017,2019,,,346,196,art_34,approved,"CERVECERÍA NACIONAL DOMINICANA, S.A.",1-01-00372-3,"PRODUCCIONES LÍNEA ESPIRAL, S.R.L.",1-22-01660-2,,JUANITA,2019-01-16,2019-02-07,30000000.0,30000000.0,100.0,57616641.0,55883789.0,1.0,0,,0,,resolucion-cipac-no-2019-017_validacion-de-inversion-cerveceria-nacional-dominicana-s-a-juanita.pdf
913,CIPAC-2019-018,2019,,,346,196,art_34,approved,"CENTRO CUESTA NACIONAL, S.A.S.",1-01-01992-1,"PRODUCCIONES LÍNEA ESPIRAL, S.R.L.",1-22-01660-2,,JUANITA,2019-01-16,2019-02-07,6000000.0,6000000.0,100.0,57616641.0,55883789.0,1.0,0,,0,,resolucion-cipac-no-2019-018_validacion-de-inversion-centro-cuesta-nacional-s-a-s-juanita.pdf
914,CIPAC-2019-019,2019,,,346,196,art_34,approved,"BANCO MÚLTIPLE BHD, S.A.",1-01-13679-2,"PRODUCCIONES LÍNEA ESPIRAL, S.R.L.",1-22-01660-2,,JUANITA,2019-01-16,2019-02-07,9852800.0,9852800.0,100.0,57616641.0,55883789.0,1.0,0,,0,,resolucion-cipac-no-2019-019_validacion-de-inversion-banco-multiple-bhd-leon-s-a-juanita.pdf
915,CIPAC-2019-020,2019,,,305,182,art_34,approved,"QUALA DOMINICANA, S.A.",1-01-74167-8,"MACARITO FILMS, S.R.L.",1-30-90960-1,,MÁS QUE EL AGUA,2019-01-16,2019-02-07,2000000.0,2000000.0,100.0,40502931.0,37027626.0,1.0,0,,0,,resolucion-cipac-no-2019-020_validacion-de-inversion-quala-dominicana-s-a-mas-que-el-agua.pdf
916,CIPAC-2019-021,2019,,,330,185,art_34,approved,"GULFSTREAM PETROLEUM DOMINICANA, S.R.L.",1-01-00849-2,"XEPINON INVESTMENT, S.R.L.",1-31-38635-2,,MALCRIADOS,2019-01-16,2019-02-07,5000000.0,5000000.0,100.0,54557868.0,54287897.0,1.0,0,,0,,resolucion-cipac-no-2019-021_validacion-de-inversion-gulfsfream-petroleum-dominicana-s-de-r-l-malcriados.pdf
917,CIPAC-2019-022,2019,,,401,190,art_34,approved,"COMPANÍA DOMINICANA DE TELÉFONOS, S.A.",1-01-00157-7,"GUERRA TOONS, S.R.L.",1-31-38978-3,,CAPITÁN AVISPA,2019-01-22,2019-02-07,76773704.56,76773704.56,100.0,129067055.0,76773704.56,1.0,0,,0,,resolucion-cipac-no-2019-022_validacion-de-inversion-compania-dominicana-de-telefonos-s-a-capitan-avispa.pdf
918,CIPAC-2019-023,2019,,,385,250,art_34,approved,"MERCASID, S.A.",1-01-80768-7,"BONTER MEDIA, S.R.L.",1-30-94031-2,,THE PARTY (LA FIESTA),2019-01-09,2019-02-07,30037752.0,30037752.0,100.0,60688102.0,55725854.0,1.0,0,,0,,resolucion-cipac-no-2019-023_validacion-de-inversion-mercasid-s-a-the-party-la-fiesta.pdf
919,CIPAC-2019-024,2019,,,385,250,art_34,approved,"INDUVECA, S.A.",1-22-01122-6,"BONTER MEDIA, S.R.L.",1-30-94031-2,,THE PARTY (LA FIESTA),2019-01-09,2019-02-07,25688102.0,25688102.0,100.0,60688102.0,55725854.0,1.0,0,,0,,resolucion-cipac-no-2019-024_validacion-de-inversion-induveca-s-a-the-party-la-fiesta.pdf
920,CIPAC-2019-026,2019,,,423,237,art_34,approved,"PROPANO Y DERIVADOS, S.A.",1-01-03373-8,"NATURALISTA MEDIA, S.R.L.",1-31-61053-6,,ISLA NATURALISTA,2019-01-25,2019-02-22,7500000.0,7500000.0,100.0,20020125.0,7500000.0,1.0,0,,0,,resolucion-cipac-no-2019-026_validacion-de-inversion-propano-y-derivados-s-a-isla-naturalista.pdf
921,CIPAC-2019-027,2019,,,412,252,art_34,approved,"CERVECERÍA NACIONAL DOMINICANA, S.A.",1-01-00372-3,"TRES TRES NUEVE FILMES, S.R.L.",1-31-31731-6,,SUENA LA CALLE,2019-01-28,2019-02-22,4000000.0,4000000.0,100.0,37842433.0,4000250.0,1.0,0,,0,,resolucion-cipac-no-2019-027_validacion-de-inversion-cerveceria-nacional-dominicana-s-a-suena-la-calle.pdf
922,CIPAC-2019-028,2019,,,400,249,art_34,approved,"BANCO POPULAR DOMINICANO, S. A. BANCO MÚLTIPLE",1-01-01063-2,"INGENIO LATERAL, S.R.L.",1-30-96216-2,,REPÚBLICA DEL ARTE,2019-01-28,2019-02-22,39200000.0,36835814.8,100.0,39243800.0,36855467.0,1.0,0,,0,,resolucion-cipac-no-2019-028_validacion-de-inversion-banco-popular-dominicano-s-a-banco-multiple-republica-del-arte.pdf
923,CIPAC-2019-029,2019,,,335,211,art_34,approved,"BANCO MÚLTIPLE BHD, S.A.",1-01-13679-2,"AGUA DE LUNA FILMS, S.R.L.",1-31-19093-6,,ADOPCIONES,2019-01-28,2019-02-22,5000000.0,5000000.0,100.0,18160993.0,15558314.0,1.0,0,,0,,resolucion-cipac-no-2019-029_validacion-de-inversion-banco-multiple-bhd-leon-s-a-adopciones.pdf
924,CIPAC-2019-030,2019,,,342,208,art_34,approved,"AEROPUERTO INTERNACIONAL DEL CIBAO, S.A.",1-02-61324-9,"GUAYACÁN FILMS, S.R.L.",1-31-46486-6,,LA CASA DE CAOBA,2019-01-28,2019-02-22,4500000.0,4500000.0,100.0,54445205.0,43609775.0,1.0,0,,0,,resolucion-cipac-no-2019-030_validacion-de-inversion-aeropuerto-internacional-del-cibao-s-a-la-casa-de-caoba.pdf
925,CIPAC-2019-031,2019,,,421,251,art_34,approved,"CONSORCIO ENERGÉTICO PUNTA CANA MACAO, S.A.",1-01-58340-1,"YUQUITA FILMS, S.R.L.",1-31-77527-6,,INESPERADAMENTE LUCÍA,2019-01-29,2019-02-22,6000000.0,6000000.0,100.0,62823370.0,32126725.0,1.0,0,,0,,resolucion-cipac-no-2019-031_validacion-de-inversion-consorcio-energetico-punta-cana-macao-s-a-inesperadamente-lucia.pdf
926,CIPAC-2019-032,2019,,,421,251,art_34,approved,"CENTRO AVANZADO DE RADIOTERAPIA SAVIA CARE, S.R.L.",1-30-92079-6,"YUQUITA FILMS, S.R.L.",1-31-77527-6,,INESPERADAMENTE LUCÍA,2019-01-29,2019-02-22,971883.4,971883.4,100.0,62823370.0,32126725.0,0.9,0,,1,total_budget_executed|set_manual|null|32126725.0|Propagated from sibling resolution CIPAC-2019-031 with same film title|cipac_2019_results.json|2026-07-29|JDP,resolucion-cipac-no-2019-032_validacion-de-inversion-centro-avanzado-de-radioterapia-savia-care-s-r-l-inesperadamente-lucia.pdf
927,CIPAC-2019-033,2019,,,421,251,art_34,approved,"CERVECERÍA NACIONAL DOMINICANA, S.A.",1-01-00372-3,"YUQUITA FILMS, S.R.L.",1-31-77527-6,,INESPERADAMENTE LUCÍA,2019-01-29,2019-02-22,25000000.0,24994035.0,100.0,62823370.0,32126725.0,1.0,0,,0,,resolucion-cipac-no-2019-033_validacion-de-inversion-cerveceria-nacional-dominicana-s-a-inesperadamente-lucia.pdf
928,CIPAC-2019-034,2019,,,369,232,art_34,approved,"CINEMA CENTRO DE SANTIAGO, S.R.L.",1-01-55942-1,"ONE ALLIANCE, S.R.L.",1-30-99221-5,,CARTAS DE UN SICARIO,2019-01-24,2019-02-22,2000000.0,200000.0,100.0,78250240.0,77807651.0,1.0,0,,0,,resolucion-cipac-no-2019-034_validacion-de-inversion-cinema-centro-de-santiago-s-r-l-cartas-de-un-sicario.pdf
929,CIPAC-2019-035,2019,,,369,232,art_34,approved,"PLAZA CENTRAL CINEMAS, S.R.L.",1-01-65198-9,"ONE ALLIANCE, S.R.L.",1-30-99221-5,,CARTAS DE UN SICARIO,2019-01-24,2019-02-22,1000000.0,100000.0,100.0,78250240.0,77807651.0,1.0,0,,0,,resolucion-cipac-no-2019-035_validacion-de-inversion-plaza-central-cinemas-s-r-l-cartas-de-un-sicario.pdf
930,CIPAC-2019-036,2019,,,369,232,art_34,approved,"LOTERÍA ELECTRÓNICA INTERNACIONAL DOMINICANA, S.A.",1-01-70527-2,"ONE ALLIANCE, S.R.L.",1-30-99221-5,,CARTAS DE UN SICARIO,2019-01-24,2019-02-22,5000000.0,500000.0,100.0,78250240.0,77807651.0,0.9,0,,1,total_budget_executed|set_manual|null|77807651.0|Propagated from sibling resolution CIPAC-2019-034 with same film title|cipac_2019_results.json|2026-07-29|JDP,resolucion-cipac-no-2019-036_validacion-de-inversion-loteria-electronica-internacional-dominicana-s-a-leidsa-cartas-de-un-sicario.pdf
931,CIPAC-2019-037,2019,,,369,232,art_34,approved,"BANCO MÚLTIPLE BHD, S.A.",1-01-13679-2,"ONE ALLIANCE, S.R.L.",1-30-99221-5,,CARTAS DE UN SICARIO,2019-01-24,2019-02-22,10000000.0,10000000.0,100.0,78250240.0,77807651.0,1.0,0,,0,,resolucion-cipac-no-2019-037_validacion-de-inversion-banco-multiple-bhd-leon-s-a-cartas-de-un-sicario.pdf
932,CIPAC-2019-038,2019,,,442,285,art_34,approved,"GRUPO COMETA, S.A.S.",1-01-01943-3,"DUHO CINEMA, S.R.L.",1-31-29320-4,,CONSUELO,2019-01-31,2019-02-22,2000000.0,2000000.0,100.0,29911917.0,8000000.0,1.0,0,,0,,resolucion-cipac-no-2019-038_validacion-de-inversion-grupo-cometa-s-a-s-consuelo.pdf
933,CIPAC-2019-039,2019,,,442,285,art_34,approved,"EQUIFAX DOMINICANA, S.R.L.",1-01-19566-5,"DUHO CINEMA, S.R.L.",1-31-29320-4,,CONSUELO,2019-01-31,2019-02-22,6000000.0,6000000.0,100.0,29911917.0,8000000.0,1.0,0,,0,,resolucion-cipac-no-2019-039_validacion-de-inversion-consultores-de-datos-del-caribe-s-r-l-consuelo.pdf
934,CIPAC-2019-040,2019,,,235,171,art_34,approved,"LEAR INVESTMENTS, S.A.",1-31-29583-5,"CUABA, S.R.L.",1-31-36014-9,,D,2019-02-04,2019-02-22,4234180.0,4234180.0,100.0,9852500.0,9621373.35,1.0,0,,0,,resolucion-cipac-no-2019-040_validacion-de-inversion-lear-investments-s-a-d-sory.pdf
935,CIPAC-2019-041,2019,,,316,216,art_34,approved,"BANCO POPULAR DOMINICANO, S. A. BANCO MÚLTIPLE",1-01-01063-2,"ART3+4 PRODUCCIONES, S.R.L.",1-31-17333-2,,PAPI,2019-02-11,2019-02-22,6209715.0,6209715.0,100.0,71179771.0,71436966.0,0.9,0,,1,total_budget_executed|set_manual|null|71436966.0|Propagated from sibling resolution CIPAC-2019-042 with same film title|cipac_2019_results.json|2026-07-29|JDP,resolucion-cipac-no-2019-041_validacion-de-inversion-banco-popular-dominicano-s-a-banco-multiple-papi.pdf
936,CIPAC-2019-042,2019,,,316,216,art_34,approved,"AEROPUERTO INTERNACIONAL DEL CIBAO, S.A.",1-02-61324-9,"ART3+4 PRODUCCIONES, S.R.L.",1-31-17333-2,,PAPI,2019-02-11,2019-02-22,640000.0,640000.0,100.0,71179771.0,71436966.0,1.0,0,,0,,resolucion-cipac-no-2019-042_validacion-de-inversion-aeropuerto-internacional-del-cibao-s-a-papi.pdf
937,CIPAC-2019-043,2019,,,350,210,art_34,approved,"PARALLAX FACTORING, S.A.",1-01-88881-4,"DALISA ALEGRIA PRODUCTIONS, S.R.L.",1-31-55026-6,,KILLING SARAI,2019-01-24,2019-02-22,3000000.0,3000000.0,100.0,79302130.55,68500004.0,1.0,0,,0,,resolucion-cipac-no-2019-043_validacion-de-inversion-parallax-factoring-s-a-killing-sarai.pdf
938,CIPAC-2019-044,2019,,,350,210,art_34,approved,"BANCO BACC DE AHORRO Y CRÉDITO DEL CARIBE, S.A.",1-01-13879-3,"DALISA ALEGRIA PRODUCTIONS, S.R.L.",1-31-55026-6,,KILLING SARAI,2019-01-24,2019-02-22,4500000.0,4500000.0,100.0,79302130.55,68500004.0,0.9,0,,1,total_budget_executed|set_manual|null|68500004.0|Propagated from sibling resolution CIPAC-2019-043 with same film title|cipac_2019_results.json|2026-07-29|JDP,resolucion-cipac-no-2019-044_validacion-de-inversion-banco-bacc-de-ahorro-y-credito-del-caribe-s-a-killing-sarai.pdf
939,CIPAC-2019-045,2019,,,350,210,art_34,approved,"TRANSBEL, S.R.L.",1-01-89378-8,"DALISA ALEGRIA PRODUCTIONS, S.R.L.",1-31-55026-6,,KILLING SARAI,2019-01-24,2019-02-22,11000000.0,10928754.2,100.0,79302130.55,68500004.0,1.0,0,,0,,resolucion-cipac-no-2019-045_validacion-de-inversion-transbel-s-r-l-killing-sarai.pdf
940,CIPAC-2019-046,2019,,,350,210,art_34,approved,"LOTERÍA ELECTRÓNICA INTERNACIONAL DOMINICANA, S.A.",1-01-70527-2,"DALISA ALEGRIA PRODUCTIONS, S.R.L.",1-31-55026-6,,KILLING SARAI,2019-01-24,2019-02-22,34981644.4,34981644.4,100.0,79302130.55,68500004.0,1.0,0,,0,,resolucion-cipac-no-2019-046_validacion-de-inversion-loteria-electronica-internacional-dominicana-s-a-leidsa-killing-sarai.pdf
941,CIPAC-2019-047,2019,,,424,269,art_34,approved,"ADMINISTRADORA DE FONDOS DE PENSIONES SIEMBRA, S.A.",1-01-78432-6,"FHALET BUSINESS, S.R.L.",1-31-43509-2,,LA MARAVILLA,2019-01-28,2019-02-22,14971892.0,14971892.0,100.0,66770712.0,52770712.0,1.0,0,,0,,resolucion-cipac-no-2019-047_validacion-de-inversion-administradora-de-fondos-de-pensiones-siembra-s-a-afp-siembra-la-maravilla.pdf
942,CIPAC-2019-048,2019,,,369,232,art_34,approved,"CAMILO LABS, S.R.L.",1-01-07531-7,"ONE ALLIANCE, S.R.L.",1-30-99221-5,,CARTAS DE UN SICARIO,2019-01-24,2019-02-22,2000000.0,200000.0,100.0,78250240.0,77807651.0,1.0,0,,0,,resolucion-cipac-no-2019-048_validacion-de-inversion-camilo-labs-s-r-l-carta-de-un-sicario.pdf
943,CIPAC-2019-049,2019,,,424,269,art_34,approved,"BANCO MÚLTIPLE BHD, S.A.",1-01-13679-2,"FHALET BUSINESS, S.R.L.",1-31-43509-2,,LA MARAVILLA,2019-01-28,2019-02-22,19945607.6,19945607.6,100.0,66770712.0,52770712.0,1.0,0,,0,,resolucion-cipac-no-2019-049_validacion-de-inversion-banco-multiple-bhd-leon-s-a-la-maravilla.pdf
944,CIPAC-2019-050,2019,,,424,269,art_34,approved,"FLOR DE ORO, S.R.L.",1-01-04469-1,"FHALET BUSINESS, S.R.L.",1-31-43509-2,,LA MARAVILLA,2019-01-28,2019-02-22,2770712.0,2770712.0,100.0,66770712.0,52770712.0,1.0,0,,0,,resolucion-cipac-no-2019-050_validacion-de-inversion-flor-de-oro-s-r-l-la-maravilla.pdf
945,CIPAC-2019-051,2019,,,424,269,art_34,approved,"MAGNA, S.R.L.",1-01-07254-7,"FHALET BUSINESS, S.R.L.",1-31-43509-2,,LA MARAVILLA,2019-01-28,2019-02-22,10000000.0,10000000.0,100.0,66770712.0,52770712.0,1.0,0,,0,,resolucion-cipac-no-2019-051_validacion-de-inversion-magna-s-r-l-la-maravilla.pdf
946,CIPAC-2019-052,2019,,,424,269,art_34,approved,"TERMO ENVASES, S.A.",1-01-57338-4,"FHALET BUSINESS, S.R.L.",1-31-43509-2,,LA MARAVILLA,2019-01-28,2019-02-22,5000000.0,5000000.0,100.0,66770712.0,52770712.0,1.0,0,,0,,resolucion-cipac-no-2019-052_validacion-de-inversion-termo-envases-s-a-la-maravilla.pdf
947,CIPAC-2019-053,2019,,,326,219,art_34,approved,"BANCO MÚLTIPLE BHD, S.A.",1-01-13679-2,"ART3+4 PRODUCCIONES, S.R.L.",1-31-17333-2,,MIS 500 LOCOS,2019-02-11,2019-02-22,8642599.0,8642599.0,100.0,69787539.0,69863139.0,0.9,0,,1,request_date|set_manual|null|2019-02-11|Stamp covers word Solicitud in request date line|Resolution PDF VISTOS section|2026-07-30|JDP,resolucion-cipac-no-2019-053_validacion-de-inversion-banco-multiple-bhd-leon-s-a-mis-500-locos.pdf
948,CIPAC-2019-054,2019,,,326,219,art_34,approved,"JIMÉNEZ PEÑA, S.A.S.",1-24-03218-2,"ART3+4 PRODUCCIONES, S.R.L.",1-31-17333-2,,MIS 500 LOCOS,2019-02-11,2019-02-22,500000.0,500000.0,100.0,69863139.0,69863139.0,0.9,0,,1,request_date|set_manual|null|2019-02-11|Stamp covers word Solicitud in request date line|Resolution PDF VISTOS section|2026-07-30|JDP,resolucion-cipac-no-2019-054_validacion-de-inversion-jimenez-cruz-pena-s-a-s-mis-500-locos.pdf
949,CIPAC-2019-055,2019,,,326,219,art_34,approved,"AEROPUERTO INTERNACIONAL DEL CIBAO, S.A.",1-02-61324-9,"ART3+4 PRODUCCIONES, S.R.L.",1-31-17333-2,,MIS 500 LOCOS,2019-02-11,2019-02-22,1650000.0,1650000.0,100.0,69863139.0,69863139.0,0.9,0,,1,request_date|set_manual|null|2019-02-11|Stamp covers word Solicitud in request date line|Resolution PDF VISTOS section|2026-07-30|JDP,resolucion-cipac-no-2019-055_validacion-de-inversion-aeropuerto-internacional-del-cibao-s-a-mis-500-locos.pdf
950,CIPAC-2019-056,2019,,,315,285,art_34,approved,"ÁMBITO, S.R.L.",1-30-10545-6,"CABARETE FILMS, S.R.L.",1-31-46030-5,,CABARETE,2019-01-30,2019-03-15,698793.94,698793.94,100.0,63591682.0,52990445.6,1.0,0,,0,,resolucion-cipac-no-2019-056_validacion-de-inversion-ambito-s-r-l-cabarete.pdf
951,CIPAC-2019-057,2019,,,315,285,art_34,approved,"INVERSIONES LOMBAS, S.A.",1-01-06157-1,"CABARETE FILMS, S.R.L.",1-31-46030-5,,CABARETE,2019-01-30,2019-03-15,1799879.66,1799879.66,100.0,63591682.0,52990445.6,1.0,0,,0,,resolucion-cipac-no-2019-057_validacion-de-inversion-lombas-s-a-cabarete.pdf
952,CIPAC-2019-058,2019,,,315,193,art_34,approved,"PANADERÍA Y PRODUCTOS MARÍA ALDAPE, S.R.L.",1-02-34410-8,"CABARETE FILMS, S.R.L.",1-31-46030-5,,CABARETE,2019-01-30,2019-03-15,1000000.0,1000000.0,100.0,63591682.0,52990445.6,1.0,0,,0,,resolucion-cipac-no-2019-058_validacion-de-inversion-panaderia-y-productos-maria-aldape-s-r-l-cabarete.pdf
953,CIPAC-2019-059,2019,,,315,285,art_34,approved,"CONSTRUCTORA AYBAR, S.R.L.",1-01-50812-4,"CABARETE FILMS, S.R.L.",1-31-46030-5,,CABARETE,2019-01-30,2019-03-15,991772.0,991772.0,100.0,63591682.0,52990445.6,1.0,0,,0,,resolucion-cipac-no-2019-059_validacion-de-inversion-constructora-aybar-s-r-l-cabarete.pdf
954,CIPAC-2019-060,2019,,,315,285,art_34,approved,"AEROPUERTO INTERNACIONAL DEL CIBAO, S.A.",1-02-61324-9,"CABARETE FILMS, S.R.L.",1-31-46030-5,,CABARETE,2019-01-30,2019-03-15,3000000.0,3000000.0,100.0,63591682.0,52990445.6,1.0,0,,0,,resolucion-cipac-no-2019-060_validacion-de-inversion-aeropuerto-internacional-del-cibao-s-a-cabarete.pdf
955,CIPAC-2019-061,2019,,,134,091,art_34,approved,"INVERSIONES ALZEN, S.R.L.",1-31-59864-1,"LOS INMIGRANTES, S.R.L.",1-31-21588-2,,"ENTRAR NO ES FÁCIL, SALIR TAMPOCO (LOS INMIGRANTES)",2019-02-01,2019-03-15,1000000.0,1000000.0,100.0,70896107.48,61125753.0,1.0,0,,0,,resolucion-cipac-no-2019-061_validacion-de-inversion-inversiones-alzen-s-r-l-entrar-no-es-facil-salir-tampoco-los-inmigrantes.pdf
956,CIPAC-2019-062,2019,,,134,091,art_34,approved,"CIELOS ACÚSTICOS, S.R.L.",1-01-75637-3,"LOS INMIGRANTES, S.R.L.",1-31-21588-2,,"ENTRAR NO ES FÁCIL, SALIR TAMPOCO (LOS INMIGRANTES)",2019-02-01,2019-03-15,2000000.0,2000000.0,100.0,70896107.48,61125753.0,0.9,0,,1,investor_rnc|set_manual|null|1-01-75637-3|OCR read 1-0175637-3 missing hyphen in RNC format|Resolution PDF header p.1|2026-07-30|JDP,resolucion-cipac-no-2019-062_validacion-de-inversion-cielos-acusticos-s-r-l-entrar-no-es-facil-salir-tampoco-los-inmigrantes.pdf
957,CIPAC-2019-063,2019,,,134,091,art_34,approved,"CERVECERÍA NACIONAL DOMINICANA, S.A.",1-01-00372-3,"LOS INMIGRANTES, S.R.L.",1-31-21588-2,,"ENTRAR NO ES FÁCIL, SALIR TAMPOCO (LOS INMIGRANTES)",2019-02-01,2019-03-15,19998145.0,19998145.0,100.0,70896107.48,61125753.0,1.0,0,,0,,resolucion-cipac-no-2019-063_validacion-de-inversion-cerveceria-nacional-dominicana-s-a-entrar-no-es-facil-salir-tampoco-los-inmigrantes.pdf
958,CIPAC-2019-064,2019,,,134,091,art_34,approved,"COPY SOLUTIONS INTERNATIONAL, S.A.",1-01-89885-2,"LOS INMIGRANTES, S.R.L.",1-31-21588-2,,"ENTRAR NO ES FÁCIL, SALIR TAMPOCO (LOS INMIGRANTES)",2019-02-01,2019-03-15,5000000.0,5000000.0,100.0,70896107.48,61125753.0,1.0,0,,0,,resolucion-cipac-no-2019-064_validacion-de-inversion-copi-solutions-international-s-a-entrar-no-es-facil-salir-tampoco-los-inmigrantes.pdf
959,CIPAC-2019-065,2019,,,134,091,art_34,approved,"CONSTRUCTORA GLOBAL, S.R.L.",1-22-00099-2,"LOS INMIGRANTES, S.R.L.",1-31-21588-2,,"ENTRAR NO ES FÁCIL, SALIR TAMPOCO (LOS INMIGRANTES)",2019-02-01,2019-03-15,5000000.0,5000000.0,100.0,70896107.48,61125753.0,1.0,0,,0,,resolucion-cipac-no-2019-065_validacion-de-inversion-constructora-global-s-r-l-entrar-no-es-facil-salir-tampoco-los-inmigrantes.pdf
960,CIPAC-2019-066,2019,,,134,091,art_34,approved,"DOMICEM, S.A.",1-01-81679-1,"LOS INMIGRANTES, S.R.L.",1-31-21588-2,,"ENTRAR NO ES FÁCIL, SALIR TAMPOCO (LOS INMIGRANTES)",2019-02-01,2019-03-15,10000000.0,10000000.0,100.0,70896107.48,61125753.0,1.0,0,,0,,resolucion-cipac-no-2019-066_validacion-de-inversion-domicen-s-a-entrar-no-es-facil-salir-tampoco-los-inmigrantes.pdf
961,CIPAC-2019-067,2019,,,134,091,art_34,approved,"MUEBLES OMAR, S.A.",1-01-04984-7,"LOS INMIGRANTES, S.R.L.",1-31-21588-2,,"ENTRAR NO ES FÁCIL, SALIR TAMPOCO (LOS INMIGRANTES)",2019-02-01,2019-03-15,4000000.0,4000000.0,100.0,70896107.48,61125753.0,1.0,0,,0,,resolucion-cipac-no-2019-067_validacion-de-inversion-muebles-omar-s-a-entrar-no-es-facil-salir-tampoco-los-inmigrantes.pdf
962,CIPAC-2019-068,2019,,,134,091,art_34,approved,"NEWTECH, S.R.L.",1-30-17049-5,"LOS INMIGRANTES, S.R.L.",1-31-21588-2,,"ENTRAR NO ES FÁCIL, SALIR TAMPOCO (LOS INMIGRANTES)",2019-02-01,2019-03-15,1200000.0,1200000.0,100.0,70896107.48,61125753.0,1.0,0,,0,,resolucion-cipac-no-2019-068_validacion-de-inversion-newtech-s-a-entrar-no-es-facil-salir-tampoco-los-inmigrantes.pdf
963,CIPAC-2019-069,2019,,,134,091,art_34,approved,"FREDERIC SCHAD, S.A.S.",1-01-00456-8,"LOS INMIGRANTES, S.R.L.",1-31-21588-2,,"ENTRAR NO ES FÁCIL, SALIR TAMPOCO (LOS INMIGRANTES)",2019-02-01,2019-03-15,10000000.0,10000000.0,100.0,70896107.48,61125753.0,1.0,0,,0,,resolucion-cipac-no-2019-069_validacion-de-inversion-frederic-schad-s-a-s-entrar-no-es-facil-salir-tampoco-los-inmigrantes.pdf
964,CIPAC-2019-070,2019,,,134,091,art_34,approved,"MAROLCA, S.R.L.",1-01-70798-4,"LOS INMIGRANTES, S.R.L.",1-31-21588-2,,"ENTRAR NO ES FÁCIL, SALIR TAMPOCO (LOS INMIGRANTES)",2019-02-01,2019-03-15,850000.0,850000.0,100.0,70896107.48,61125753.0,1.0,0,,0,,resolucion-cipac-no-2019-070_validacion-de-inversion-marolca-s-r-l-entrar-no-es-facil-salir-tampoco-los-inmigrantes.pdf
965,CIPAC-2019-071,2019,,,411,267,art_34,approved,"BRINSA DOMINICANA, S.A.",1-30-49362-6,"VALFRANK, S.R.L.",1-30-90915-6,,CASI FIEL,2019-02-01,2019-03-15,3000000.0,3000000.0,100.0,60704585.0,39800000.0,1.0,0,,0,,resolucion-cipac-no-2019-071_validacion-de-inversion-brinsa-dominicana-s-a-casi-fiel.pdf
966,CIPAC-2019-072,2019,,,411,267,art_34,approved,"EMPRESA GENERADORA DE ELECTRICIDAD ITABO, S.A.",1-01-82350-1,"VALFRANK, S.R.L.",1-30-90915-6,,CASI FIEL,2019-02-01,2019-03-15,24944977.7,24944977.7,100.0,60704585.0,39800000.0,0.9,0,,1,total_budget_executed|set_manual|null|39800000.0|Propagated from sibling resolution CIPAC-2019-071 with same film title|cipac_2019_results.json|2026-07-29|JDP,resolucion-cipac-no-2019-072_validacion-de-inversion-empresa-generadora-de-electricidad-itabo-s-a-casi-fiel.pdf
967,CIPAC-2019-073,2019,,,411,267,art_34,approved,"LABELS CARIBE, INC",1-30-70227-6,"VALFRANK, S.R.L.",1-30-90915-6,,CASI FIEL,2019-02-01,2019-03-15,1999100.0,1999100.0,100.0,60704585.0,39800000.0,1.0,0,,0,,resolucion-cipac-no-2019-073_validacion-de-inversion-labels-caribe-inc-casi-fiel.pdf
968,CIPAC-2019-074,2019,,,411,267,art_34,approved,"RAVI CARIBE, S.A.",1-30-28788-2,"VALFRANK, S.R.L.",1-30-90915-6,,CASI FIEL,2019-02-01,2019-03-15,4000000.0,4000000.0,100.0,60704585.0,39800000.0,1.0,0,,0,,resolucion-cipac-no-2019-074_validacion-de-inversion-ravi-caribe-s-a-casi-fiel.pdf
969,CIPAC-2019-075,2019,,,411,267,art_34,approved,"FARMACIA MEDICAR GBC, S.R.L.",1-30-06442-3,"VALFRANK, S.R.L.",1-30-90915-6,,CASI FIEL,2019-02-01,2019-03-15,800000.0,800000.0,100.0,60704585.0,39800000.0,1.0,0,,0,,resolucion-cipac-no-2019-075_validacion-de-inversion-farmacia-medicar-gbc-s-r-l-casi-fiel.pdf
970,CIPAC-2019-076,2019,,,411,267,art_34,approved,"NORTONESKI DEVELOPMENT OFFICE, S.R.L.",1-30-26556-9,"VALFRANK, S.R.L.",1-30-90915-6,,CASI FIEL,2019-02-01,2019-03-15,5000000.0,5000000.0,100.0,60704585.0,39800000.0,1.0,0,,0,,resolucion-cipac-no-2019-076_validacion-de-inversion-nortonesky-development-office-s-r-l-casi-fiel.pdf
971,CIPAC-2019-077,2019,,,395,248,art_34,approved,"NEXT DOMINICANA, S.A.",1-01-83193-6,"BACANARAMA PRODUCCIONES, S.R.L.",1-31-46554-4,,CONSTANZA,2019-02-01,2019-03-15,7500000.0,7500000.0,100.0,58175335.0,58175335.0,0.9,0,,1,request_date|set_manual|null|2019-02-01|Stamp covers word Solicitud in request date line|Resolution PDF VISTOS section|2026-07-30|JDP,resolucion-cipac-no-2019-077_validacion-de-inversion-distribuidores-internacionales-de-petroleo-s-a-constanza.pdf
972,CIPAC-2019-078,2019,,,395,248,art_34,approved,"PROPANO Y DERIVADOS, S.A.",1-01-03373-8,"BACANARAMA PRODUCCIONES, S.R.L.",1-31-46554-4,,CONSTANZA,2019-02-01,2019-03-15,7500000.0,6631869.0,100.0,59222110.0,58175335.0,1.0,0,,0,,resolucion-cipac-no-2019-078_validacion-de-inversion-propano-y-derivados-s-a-constanza.pdf
973,CIPAC-2019-079,2019,,,395,248,art_34,approved,"BANCO MÚLTIPLE BDI, S.A.",1-01-04029-7,"BACANARAMA PRODUCCIONES, S.R.L.",1-31-46554-4,,CONSTANZA,2019-02-01,2019-03-15,4000000.0,4000000.0,100.0,59222110.0,58175335.0,1.0,0,,0,,resolucion-cipac-no-2019-079_validacion-de-inversion-banco-multiple-bdi-s-a-constanza.pdf
974,CIPAC-2019-080,2019,,,395,248,art_34,approved,"BANCO MÚLTIPLE BHD, S.A.",1-01-13679-2,"BACANARAMA PRODUCCIONES, S.R.L.",1-31-46554-4,,CONSTANZA,2019-02-01,2019-03-15,10000000.0,10000000.0,100.0,59222110.0,58175335.0,1.0,0,,0,,resolucion-cipac-no-2019-080_validacion-de-inversion-banco-multiple-bhd-leon-s-a-constanza.pdf
975,CIPAC-2019-081,2019,,,395,248,art_34,approved,"BRAVO, S.A.",1-01-60246-5,"BACANARAMA PRODUCCIONES, S.R.L.",1-31-46554-4,,CONSTANZA,2019-02-01,2019-03-15,12500000.0,12500000.0,100.0,59222110.0,58175335.0,1.0,0,,0,,resolucion-cipac-no-2019-081_validacion-de-inversion-bravo-s-a-constanza.pdf
976,CIPAC-2019-082,2019,,,395,248,art_34,approved,"TOTALENERGIES MARKETING DOMINICANA, S.A.",1-01-06874-4,"BACANARAMA PRODUCCIONES, S.R.L.",1-31-46554-4,,CONSTANZA,2019-02-01,2019-03-15,10000000.0,10000000.0,100.0,59222110.0,58175335.0,0.8,0,,1,total_budget_executed|set_manual|null|58175335.0|Propagated from sibling resolution CIPAC-2019-077 with same film title|cipac_2019_results.json|2026-07-29|JDP,resolucion-cipac-no-2019-082_validacion-de-inversion-v-energy-s-a-constanza.pdf
977,CIPAC-2019-083,2019,,,395,248,art_34,approved,"ASOCIACIÓN CIBAO DE AHORRO Y PRÉSTAMOS, S.A.",4-02-00186-4,"BACANARAMA PRODUCCIONES, S.R.L.",1-31-46554-4,,CONSTANZA,2019-02-01,2019-03-15,7500000.0,7500000.0,100.0,59222110.0,58175335.0,1.0,0,,0,,resolucion-cipac-no-2019-083_validacion-de-inversion-asociacion-cibao-de-ahorro-y-prestamos-s-a-constanza.pdf
978,CIPAC-2019-084,2019,,,410,261,art_34,approved,"BANCO MÚLTIPLE BHD, S.A.",1-01-13679-2,"KALIDOSCOPIC, S.R.L.",1-31-42240-3,,CANDELA,2019-01-30,2019-03-15,10000000.0,10000000.0,100.0,67322304.0,59000000.0,0.9,0,,1,request_date|set_manual|null|2019-01-30|Stamp covers word Solicitud in request date line|Resolution PDF VISTOS section|2026-07-30|JDP,resolucion-cipac-no-2019-084_validacion-de-inversion-banco-multiple-bhd-leon-s-a-candela.pdf
979,CIPAC-2019-085,2019,,,410,261,art_34,approved,"EMPRESA GENERADORA DE ELECTRICIDAD ITABO, S.A.",1-01-82350-1,"KALIDOSCOPIC, S.R.L.",1-31-42240-3,,CANDELA,2019-01-30,2019-03-15,20000000.0,20000000.0,100.0,67322304.0,59000000.0,0.9,0,,1,request_date|set_manual|null|2019-01-30|Stamp covers word Solicitud in request date line|Resolution PDF VISTOS section|2026-07-30|JDP,resolucion-cipac-no-2019-085_validacion-de-inversion-empresa-generadora-de-electricidad-itabo-s-a-candela.pdf
980,CIPAC-2019-086,2019,,,410,261,art_34,approved,"CERVECERÍA NACIONAL DOMINICANA, S.A.",1-01-00372-3,"KALIDOSCOPIC, S.R.L.",1-31-42240-3,,CANDELA,2019-01-30,2019-03-15,25000000.0,25000000.0,100.0,67322304.0,59000000.0,0.9,0,,1,request_date|set_manual|null|2019-01-30|Stamp covers word Solicitud in request date line|Resolution PDF VISTOS section|2026-07-30|JDP,resolucion-cipac-no-2019-086_validacion-de-inversion-cerveceria-nacional-dominicana-s-a-candela.pdf
981,CIPAC-2019-087,2019,,,410,261,art_34,approved,"EQUIMAX, S.A.",1-01-58436-1,"KALIDOSCOPIC, S.R.L.",1-31-42240-3,,CANDELA,2019-01-30,2019-03-15,3982639.0,3982639.0,100.0,67322304.0,59000000.0,1.0,0,,0,,resolucion-cipac-no-2019-087_validacion-de-inversion-equimax-s-a-candela.pdf
982,CIPAC-2019-088,2019,,,440,146,art_34,approved,"GERDAU METALDOM, S.A.",1-01-00484-3,"DESTINY'S FILMS PRODUCTIONS, S.R.L.",1-31-19291-2,,RAFAELA,2019-02-06,2019-03-15,8000000.0,8000000.0,100.0,28030828.88,17500000.0,1.0,0,,0,,resolucion-cipac-no-2019-088_validacion-de-inversion-gerdau-metaldom-s-a-rafaela.pdf
983,CIPAC-2019-089,2019,,,440,146,art_34,approved,"7 LABS, S.R.L.",1-30-82698-6,"DESTINY'S FILMS PRODUCTIONS, S.R.L.",1-31-19291-2,,RAFAELA,2019-02-06,2019-03-15,4000000.0,4000000.0,100.0,28030828.88,17500000.0,1.0,0,,0,,resolucion-cipac-no-2019-089_validacion-de-inversion-7-labs-s-r-l-rafaela.pdf
984,CIPAC-2019-090,2019,,,440,146,art_34,approved,"LA ANTILLANA COMERCIAL, S.A.",1-01-00566-1,"DESTINY'S FILMS PRODUCTIONS, S.R.L.",1-31-19291-2,,RAFAELA,2019-02-06,2019-03-14,2500000.0,2500000.0,100.0,28030828.88,17500000.0,1.0,0,,0,,resolucion-cipac-no-2019-090_validacion-de-inversion-la-antillana-comercial-s-a-rafaela.pdf
985,CIPAC-2019-091,2019,,,440,146,art_34,approved,"EL YAQUE MOTORS, S.R.L.",1-02-00275-4,"DESTINY'S FILMS PRODUCTIONS, S.R.L.",1-31-19291-2,,RAFAELA,2019-02-06,2019-03-15,3000000.0,3000000.0,100.0,28030828.88,17500000.0,1.0,0,,0,,resolucion-cipac-no-2019-091_validacion-de-inversion-el-yaque-motors-s-r-l-rafaela.pdf
986,CIPAC-2019-092,2019,,,420,272,art_34,approved,"BANCO POPULAR DOMINICANO, S. A. BANCO MÚLTIPLE",1-01-01063-2,"ART3+4 PRODUCCIONES, S.R.L.",1-31-17333-2,,HOTEL X,2019-02-11,2019-03-15,65531939.2,65531939.2,100.0,90867034.0,90618017.0,1.0,0,,0,,resolucion-cipac-no-2019-092_validacion-de-inversion-banco-popular-dominicano-s-a-banco-multiple-hotel-x.pdf
987,CIPAC-2019-093,2019,,,420,272,art_34,approved,"CERVECERÍA NACIONAL DOMINICANA, S.A.",1-01-00372-3,"ART3+4 PRODUCCIONES, S.R.L.",1-31-17333-2,,HOTEL X,2019-03-15,2019-03-15,25000000.0,24887428.0,100.0,90867034.0,90618017.0,1.0,0,,0,,resolucion-cipac-no-2019-093_validacion-de-inversion-cerveceria-nacional-dominicana-s-a-hotel-x.pdf
988,CIPAC-2019-094,2019,,,314,221,art_34,approved,"LUBRICANTES DOMINICANOS, S.R.L.",1-01-05451-4,"RAZANTE FILMS, S.R.L.",1-31-60589-3,,LA RASANTE,2019-02-11,2019-03-15,11400000.0,11400000.0,100.0,48912223.03,33599541.0,1.0,0,,0,,resolucion-cipac-no-2019-094_validacion-de-inversion-lubricantes-dominicanos-s-r-l-la-rasante.pdf
989,CIPAC-2019-095,2019,,,314,221,art_34,approved,"LEASING AUTOMOTRIZ DEL SUR, S.R.L.",1-01-59128-5,"RAZANTE FILMS, S.R.L.",1-31-60589-3,,LA RASANTE,2019-02-11,2019-03-15,500000.0,500000.0,100.0,48912223.03,33599541.0,1.0,0,,0,,resolucion-cipac-no-2019-095_validacion-de-inversion-leasing-automotriz-del-sur-s-r-l-la-rasante.pdf
990,CIPAC-2019-096,2019,,,314,221,art_34,approved,"GRUPO BARLOVENTO, S.R.L.",1-22-02754-8,"RAZANTE FILMS, S.R.L.",1-31-60589-3,,LA RASANTE,2019-02-11,2019-03-15,500000.0,500000.0,100.0,48912223.03,33599541.0,0.9,0,,1,total_budget_executed|set_manual|null|33599541.0|Propagated from sibling resolution CIPAC-2019-094 with same film title|cipac_2019_results.json|2026-07-29|JDP,resolucion-cipac-no-2019-096_validacion-de-inversion-grupo-barlovento-s-r-l-la-rasante.pdf
991,CIPAC-2019-097,2019,,,314,221,art_34,approved,"ENVASES MUNDIAL, S.R.L.",1-01-50276-2,"RAZANTE FILMS, S.R.L.",1-31-60589-3,,LA RASANTE,2019-03-15,2019-03-15,3000000.0,3000000.0,100.0,48912223.03,33599541.0,0.9,0,,1,cpnd_number|set_manual|null|221|Stamp covers CPND number in document|Resolution PDF VISTOS section|2026-07-30|JDP,resolucion-cipac-no-2019-097_validacion-de-inversion-envases-mundial-s-r-l-la-rasante.pdf
992,CIPAC-2019-098,2019,,,314,221,art_34,approved,"COMERCIALIZADORA NACIONAL Y DE EXPORTACIÓN, S.R.L.",1-02-00184-7,"RAZANTE FILMS, S.R.L.",1-31-60589-3,,LA RASANTE,2019-02-11,2019-03-15,500000.0,500000.0,100.0,48912223.03,33599541.0,1.0,0,,0,,resolucion-cipac-no-2019-098_validacion-de-inversion-comercializadora-nacional-y-de-exportacion-s-r-l-la-rasante.pdf
993,CIPAC-2019-099,2019,,,314,221,art_34,approved,"RAFAEL ÁLVAREZ, S.R.L.",1-02-00040-9,"RAZANTE FILMS, S.R.L.",1-31-60589-3,,LA RASANTE,2019-02-11,2019-03-15,649500.0,649500.0,100.0,48912223.03,33599541.0,1.0,0,,0,,resolucion-cipac-no-2019-099_validacion-de-inversion-rafael-alvarez-s-r-l-la-rasante.pdf
994,CIPAC-2019-100,2019,,,314,221,art_34,approved,"SERVICIOS ÁLVAREZ DE ADMINISTRACIÓN TÉCNICA, S.R.L.",1-01-13714-2,"RAZANTE FILMS, S.R.L.",1-31-60589-3,,LA RASANTE,2019-02-11,2019-03-15,750000.0,750000.0,100.0,48912223.03,33599541.0,1.0,0,,0,,resolucion-cipac-no-2019-100_validacion-servicios-alvarez-de-administracion-tecnica-s-r-l-la-rasante.pdf
995,CIPAC-2019-101,2019,,,405,255,art_34,approved,"BANCO POPULAR DOMINICANO, S. A. BANCO MÚLTIPLE",1-01-01063-2,"ART3+4 PRODUCCIONES, S.R.L.",1-31-17333-2,,SOL EN EL AGUA,2019-02-11,2019-03-15,65969900.0,65221538.0,100.0,65847419.0,65221538.0,1.0,0,,0,,resolucion-cipac-no-2019-101_validacion-de-inversion-banco-popular-dominicano-s-a-banco-multiple-sol-en-el-agua.pdf
996,CIPAC-2019-102,2019,,,422,278,art_34,approved,"UNITED PETROLEUM GRUPO HAINA, S.R.L.",1-30-07102-2,"CATASTRÓPICO, S.R.L.",1-30-96403-3,,DE REGRESO AL ABISMO,2019-02-08,2019-03-15,10000000.0,10000000.0,100.0,35507331.0,21472961.23,1.0,0,,0,,resolucion-cipac-no-2019-102_validacion-de-inversion-united-petroleum-grupo-haina-s-r-l-de-regreso-al-abismo.pdf
997,CIPAC-2019-103,2019,,,422,278,art_34,approved,"SINERCON, S.A.",1-01-65694-8,"CATASTRÓPICO, S.R.L.",1-30-96403-3,,DE REGRESO AL ABISMO,2019-02-08,2019-03-15,7500000.0,7500000.0,100.0,35507331.0,21472961.23,1.0,0,,0,,resolucion-cipac-no-2019-103_validacion-de-inversion-sinercon-s-a-de-regreso-al-abismo.pdf
998,CIPAC-2019-104,2019,,,422,278,art_34,approved,"CONSORCIO REMIX, S.A.",1-01-59313-1,"CATASTRÓPICO, S.R.L.",1-30-96403-3,,DE REGRESO AL ABISMO,2019-02-08,2019-03-15,3972961.23,3972961.23,100.0,35507331.0,21472961.23,1.0,0,,0,,resolucion-cipac-no-2019-104_validacion-de-inversion-consorcio-remix-s-a-de-regreso-al-abismo.pdf
999,CIPAC-2019-105,2019,,,427,258,art_34,approved,"DISASHOP DOMINICANA, S.R.L.",1-30-17301-1,"REMEDIO FILMS, S.R.L.",1-31-12165-9,,PEDRO EL POETA,2019-02-11,2019-03-15,250000.0,2500000.0,100.0,23971075.0,4986199.9,0.9,0,,1,,resolucion-cipac-no-2019-105_validacion-de-inversion-disashop-dominicana-s-r-l-pedro-el-poeta.pdf
1000,CIPAC-2019-106,2019,,,427,258,art_34,approved,"GRUPO COMETA, S.A.S.",1-01-01943-3,"REMEDIO FILMS, S.R.L.",1-31-12165-9,,PEDRO EL POETA,2019-02-11,2019-03-15,2500000.0,2486199.9,100.0,23971075.0,4986199.9,0.8,0,,1,total_budget_executed|set_manual|null|4986199.9|Propagated from sibling resolution CIPAC-2019-105 with same film title|cipac_2019_results.json|2026-07-30|JDP;;request_date|set_manual|null|2019-02-11|OCR read 20 19 instead of 2019 in request date|Resolution PDF VISTOS section|2026-07-29|JDP,resolucion-cipac-no-2019-106_validacion-de-inversion-grupo-cometa-s-a-s-pedro-el-poeta.pdf
1001,CIPAC-2019-107,2019,,,425,276,art_34,approved,"ALMACENES AMERICA, S.R.L.",1-01-58123-9,"CINE CARMELITA, S.R.L.",1-31-04575-8,,VALS DE SANTO DOMINGO,2019-02-20,2019-03-15,1000000.0,1000000.0,100.0,5997742.0,1000000.0,1.0,0,,0,,resolucion-cipac-no-2019-107_validacion-de-inversion-almacenes-america-s-r-l-vals-de-santo-domingo.pdf
1002,CIPAC-2019-108,2019,,,333,227,art_34,approved,"PLAZA LAMA, S.A.",1-01-17111-1,"CHIC FILMS, S.R.L.",1-31-61831-6,,A TU LADO,2019-02-28,2019-03-28,5000000.0,5000000.0,100.0,53829657.07,22860000.0,1.0,0,,0,,resolucion-cipac-no-2019-108_validacion-de-inversion-plaza-lama-s-a-a-tu-lado.pdf
1003,CIPAC-2019-109,2019,,,382,233,art_34,approved,"CERVECERÍA NACIONAL DOMINICANA, S.A.",1-01-00372-3,"BELLAJU PRODUCTION, S.R.L.",1-31-62195-3,,"GILBERT, HÉROE DE DOS PUEBLOS",2019-04-01,2019-04-11,8000000.0,8000000.0,100.0,10920644.25,10097097.79,0.9,0,,1,total_budget_executed|set_manual|null|10097097.79|Stamp covers budget executed paragraph|Resolution PDF budget section|2026-07-30|JDP,resolucion-cipac-no-2019-109_validacion-de-inversion-cerveceria-nacional-dominicana-s-a-gilbert-heroe-de-dos-pueblos.pdf
1004,CIPAC-2019-110,2019,,,382,233,art_34,approved,"SIGMA PETROLEUM CORP, S.R.L.",1-30-68916-4,"BELLAJU PRODUCTION, S.R.L.",1-31-62195-3,,"GILBERT, HÉROE DE DOS PUEBLOS",2019-04-01,2019-04-11,2600000.0,2097097.79,100.0,10920644.25,10097097.79,0.9,0,,1,total_budget_executed|set_manual|null|10097097.79|Stamp covers budget executed paragraph|Resolution PDF budget section|2026-07-30|JDP,resolucion-cipac-no-2019-110_validacion-de-inversion-sigma-petroleum-corp-s-r-l-gilbert-heroe-de-dos-pueblos.pdf
1005,CIPAC-2019-111,2019,,,435,254,art_34,approved,"BRAVO, S.A.",1-01-60246-5,"BOMBEROS FILMS, S.R.L.",1-31-61836-7,,EL SÚPER CUARTEL DE BOMBEROS,2019-03-12,2019-04-11,7498536.19,7498536.19,100.0,73488566.7,32498551.08,1.0,0,,0,,resolucion-cipac-no-2019-111_validacion-de-inversion-bravo-s-a-el-super-cuartel-de-bomberos.pdf
1006,CIPAC-2019-112,2019,,,435,254,art_34,approved,"GRUPO COMETA, S.A.S.",1-01-01943-3,"BOMBEROS FILMS, S.R.L.",1-31-61836-7,,EL SÚPER CUARTEL DE BOMBEROS,2019-03-12,2019-04-11,1510000.0,1510000.0,100.0,73488566.7,32498551.08,1.0,0,,0,,resolucion-cipac-no-2019-112_validacion-de-inversion-grupo-cometa-s-a-s-el-super-cuartel-de-bomberos.pdf
1007,CIPAC-2019-113,2019,,,435,254,art_34,approved,"PLAZA LAMA, S.A.",1-01-17111-1,"BOMBEROS FILMS, S.R.L.",1-31-61836-7,,EL SÚPER CUARTEL DE BOMBEROS,2019-03-12,2019-04-11,15000000.0,13943113.5,100.0,73488566.7,32498551.08,1.0,0,,0,,resolucion-cipac-no-2019-113_validacion-de-inversion-plaza-lama-s-a-el-super-cuartel-de-bomberos.pdf
1008,CIPAC-2019-114,2019,,,435,254,art_34,approved,"COSANCA, S.A.S.",1-01-02235-3,"BOMBEROS FILMS, S.R.L.",1-31-61836-7,,EL SÚPER CUARTEL DE BOMBEROS,2019-03-12,2019-04-11,8000000.0,7840656.07,100.0,73488566.7,32498551.08,1.0,0,,0,,resolucion-cipac-no-2019-114_validacion-de-inversion-s-a-s-el-super-cuartel-de-bomberos.pdf
1009,CIPAC-2019-115,2019,,,430,201,art_34,approved,"UNITRADE, S.R.L.",1-01-56691-4,"GEM FILMS, S.R.L.",1-31-43346-4,,TOY AFICIAO,2019-03-21,2019-04-11,4000000.0,4000000.0,100.0,40266001.0,26958637.0,1.0,0,,0,,resolucion-cipac-no-2019-115_validacion-de-inversion-unitrade-s-r-l-toy-aficiao.pdf
1010,CIPAC-2019-116,2019,,,430,201,art_34,approved,"CORPORACIÓN AEROPORTUARIA DEL ESTE, S.A.S.",1-01-09214-9,"GEM FILMS, S.R.L.",1-31-43346-4,,TOY AFICIAO,2019-03-21,2019-04-11,10000000.0,10000000.0,100.0,40266001.0,26958637.0,0.9,0,,1,total_budget_executed|set_manual|null|26958637.0|Propagated from sibling resolution CIPAC-2019-115 with same film title|cipac_2019_results.json|2026-07-29|JDP,resolucion-cipac-no-2019-116_validacion-de-inversion-corporacion-aeroportuaria-del-este-s-a-s-toy-aficiao.pdf
1011,CIPAC-2019-117,2019,,,430,201,art_34,approved,"SERVICIOS DE CIRUGÍA ESTÉTICA Y BARIÁTRICA DOMINICANA, S.R.L.",1-31-46702-4,"GEM FILMS, S.R.L.",1-31-43346-4,,TOY AFICIAO,2019-03-21,2019-04-11,2000000.0,2000000.0,100.0,40266001.0,26958637.0,0.9,0,,1,total_budget_executed|set_manual|null|26958637.0|Propagated from sibling resolution CIPAC-2019-115 with same film title|cipac_2019_results.json|2026-07-29|JDP,resolucion-cipac-no-2019-117_validacion-de-inversion-servicios-de-cirugia-estetica-y-bariatrica-dominicana-serceb-s-r-l-toy-aficiao.pdf
1012,CIPAC-2019-118,2019,,,430,201,art_34,approved,"AEROPUERTO INTERNACIONAL DEL CIBAO, S.A.",1-02-61324-9,"GEM FILMS, S.R.L.",1-31-43346-4,,TOY AFICIAO,2019-03-21,2019-04-11,5000000.0,5000000.0,100.0,40266001.0,26958637.0,0.9,0,,1,total_budget_executed|set_manual|null|26958637.0|Propagated from sibling resolution CIPAC-2019-115 with same film title|cipac_2019_results.json|2026-07-29|JDP,resolucion-cipac-no-2019-118_validacion-de-inversion-aeropuerto-internacional-del-cibao-s-a-toy-aficiao.pdf
1013,CIPAC-2019-119,2019,,,430,201,art_34,approved,"BANCO MÚLTIPLE BHD, S.A.",1-01-13679-2,"GEM FILMS, S.R.L.",1-31-43346-4,,TOY AFICIAO,2019-03-21,2019-04-11,5000000.0,5000000.0,100.0,40266001.0,26958637.0,1.0,0,,0,,resolucion-cipac-no-2019-119_validacion-de-inversion-banco-multiple-bhd-leon-s-a-toy-aficiao.pdf
1014,CIPAC-2019-120,2019,,,360,,art_39,approved,,,"GRUPO 56P, S.R.L.",1-31-51719-6,,SURVIVOR EXATLÓN MÉXICO 2018,2019-04-02,2019-06-05,186618055.25,46654513.81,25.0,319603269.0,243143031.0,1.0,0,,0,,resolucion-cipac-no-2019-120_validacion-de-inversion-grupo-56p-s-r-l-survivor-exatlon-mexico-2018.pdf
1015,CIPAC-2019-122,2019,,,435,254,art_34,approved,"EL YAQUE MOTORS, S.R.L.",1-02-00275-4,"BOMBEROS FILMS, S.R.L.",1-31-61836-7,,EL SÚPER CUARTEL DE BOMBEROS,2019-05-07,2019-06-05,2000000.0,2000090.0,100.0,73426653.31,37499270.61,1.0,0,,0,,resolucion-cipac-no-2019-122_validacion-de-inversion-el-yaque-motors-s-r-l-el-super-cuartel-de-bomberos.pdf
1016,CIPAC-2019-123,2019,,,435,254,art_34,approved,"PLÁSTICOS MULTIFORM, S.A.S.",1-01-07061-7,"BOMBEROS FILMS, S.R.L.",1-31-61836-7,,EL SÚPER CUARTEL DE BOMBEROS,2019-05-07,2019-06-05,3000000.0,3000000.0,100.0,73426653.31,37499270.61,1.0,0,,0,,resolucion-cipac-no-2019-123_validacion-de-inversion-plastico-multiform-s-a-s-el-super-cuartel-de-bomberos.pdf
1017,CIPAC-2019-124,2019,,,411,267,art_34,approved,"LOTERÍA ELECTRÓNICA INTERNACIONAL DOMINICANA, S.A.",1-01-70527-2,"VALFRANK, S.R.L.",1-30-90915-6,,CASI FIEL,2019-05-08,2019-06-05,15000000.0,13951898.0,100.0,60704585.0,53751898.0,0.8,0,,1,total_budget_approved|set_manual|null|60704585.00|OCR cut paragraph before numeric amount in parentheses|Resolution PDF budget section|2026-07-30|JDP,resolucion-cipac-no-2019-124_validacion-de-inversion-loteria-electronica-internacional-dominicana-s-a-leidsa-casi-fiel.pdf
1018,CIPAC-2019-125,2019,,,377,243,art_34,approved,"CERVECERÍA NACIONAL DOMINICANA, S.A.",1-01-00372-3,"XEPINON INVESTMENT, S.R.L.",1-31-38635-2,,KANIBARÚ: VISA POR UN SUEÑO,2019-05-08,2019-06-05,6011089.0,6011089.0,100.0,61993240.46,6011089.0,1.0,0,,0,,resolucion-cipac-no-2019-125_validacion-de-inversion-cerveceria-nacional-dominicana-s-a-kanibaru_-visa-por-un-sueno.pdf
1019,CIPAC-2019-126,2019,,,370,198,art_34,approved,"CASA PACO, S.A.",1-01-19151-1,"ECAH FILM, S.R.L.",1-31-14052-1,,FLOW,2019-05-09,2019-06-05,2000000.0,2000000.0,100.0,63872212.0,33746819.02,1.0,0,,0,,resolucion-cipac-no-2019-126_validacion-de-inversion-casa-paco-s-a-flow.pdf
1020,CIPAC-2019-127,2019,,,419,,art_39,approved,,,"FILM 011, S.R.L.",1-31-80435-7,,47 METERS DOWN: THE NEXT CHAPTER,2019-05-23,2019-06-05,46800427.0,11700106.75,25.0,59919855.0,46888046.0,1.0,0,,0,,resolucion-cipac-no-2019-127_validacion-de-inversion-film-001-s-r-l-47-meters-down_-the-next-chapter.pdf
1021,CIPAC-2019-128,2019,,,403,,art_39,approved,,,"FILM 009, S.R.L.",1-31-77364-8,,THE I LAND,2019-06-11,2019-07-16,696926273.0,174231568.25,25.0,966209903.0,698107827.0,1.0,0,,0,,resolucion-cipac-no-2019-128_validacion-de-inversion-film-009-s-r-l-the-i-land.pdf
1022,CIPAC-2019-129,2019,,,427,258,art_34,approved,"ALMACENES IBERIA, S.R.L.",1-11-00047-5,"REMEDIO FILMS, S.R.L.",1-31-12165-9,,PEDRO EL POETA,2019-06-11,2019-07-16,9997464.72,9997464.72,100.0,23871075.0,14990213.59,1.0,0,,0,,resolucion-cipac-no-2019-129_validacion-de-inversion-almacenes-iberia-s-r-l-pedro-el-poeta.pdf
1023,CIPAC-2019-130,2019,,,425,276,art_34,approved,"EL DIAMANTE, S.R.L.",1-01-00366-9,"CINE CARMELITA, S.R.L.",1-31-04575-8,,VALS DE SANTO DOMINGO,2019-06-26,2019-07-16,500000.0,500000.0,100.0,5997742.0,1500000.0,1.0,0,,0,,resolucion-cipac-no-2019-130_validacion-de-inversion-el-diamante-s-r-l-vals-de-santo-domingo.pdf
1024,CIPAC-2019-131,2019,,,484,262,art_34,approved,"CONSTRUCTORA DEL PAÍS, S.R.L.",1-02-30847-2,"FRONTERA FILMS, S.R.L.",1-31-75564-1,,SIN PALABRAS,2019-06-25,2019-07-16,15000000.0,15000000.0,100.0,53358143.01,15000000.0,1.0,0,,0,,resolucion-cipac-no-2019-131_validacion-de-inversion-constructora-del-pais-s-r-l-codelpa-sin-palabras.pdf
1025,CIPAC-2019-132,2019,,,385,223,art_34,approved,"BANCO DE AHORRO Y CRÉDITO ADOPEM, S.A.",1-03-00310-9,"PILÓN PRODUCTIONS, S.R.L.",1-30-99100-6,,MOTEL,2019-06-28,2019-07-16,3540000.0,3540000.0,100.0,17054162.47,13740000.0,1.0,0,,0,,resolucion-cipac-no-2019-132_validacion-de-inversion-banco-de-ahorro-y-credito-adopem-s-a-motel.pdf
1026,CIPAC-2019-133,2019,,,453,291,art_34,approved,"CORPORACIÓN AEROPORTUARIA DEL ESTE, S.A.S.",1-01-09214-9,"XEPINON INVESTMENT, S.R.L.",1-31-38635-2,,FREDDY,2019-07-08,2019-08-19,99545491.75,99545491.75,100.0,99649499.29,99576907.0,1.0,0,,0,,resolucion-cipac-no-2019-133_validacion-de-inversion-corporacion-aeroportuaria-del-este-s-a-s-freddy.pdf
1027,CIPAC-2019-134,2019,,,406,257,art_34,approved,"MOTOR CRÉDITO, S.A. (BANCO DE AHORRO Y CRÉDITO)",1-01-02828-9,"BALSIE GUANABANA MACUTO, S.R.L.",1-30-88641-5,,PAPÁ LIBORIO,2019-07-15,2019-08-19,3540000.0,3540000.0,100.0,48421017.0,25925000.0,0.8,0,,1,investor_rnc|set_manual|null|1-01-02828-9|OCR read header in wrong column order|Resolution PDF header p.1|2026-07-30|JDP;;pur_number|set_manual|null|406|OCR read header in wrong column order|Resolution PDF header p.1|2026-07-30|JDP,resolucion-cipac-no-2019-134_validacion-de-inversion-motor-credito-s-a-banco-de-ahorro-y-credito-papa-liborio.pdf
1028,CIPAC-2019-135,2019,,,315,193,art_34,approved,"MADESOL, S.A.",1-01-67633-7,"CABARETE FILMS, S.R.L.",1-31-46030-5,,CABARETE,2019-07-18,2019-07-29,2500000.0,2500000.0,100.0,60877153.0,55581595.0,1.0,0,,0,,resolucion-cipac-no-2019-135_validacion-de-inversion-madesol-s-a-cabarete.pdf
1029,CIPAC-2019-136,2019,,,448,284,art_34,approved,"CORPORACIÓN AEROPORTUARIA DEL ESTE, S.A.S.",1-01-09214-9,"RAZANTE FILMS, S.R.L.",1-31-60589-3,,EL VENDEDOR DE ARTE,2019-07-18,2019-08-19,30000000.0,29954262.0,100.0,44335794.28,30000000.0,1.0,0,,0,,resolucion-cipac-no-2019-136_validacion-de-inversion-corporacion-aeroportuaria-del-este-s-a-s-el-vendedor-de-artes.pdf
1030,CIPAC-2019-137,2019,,,419,,art_39,approved,,,"FILM 011, S.R.L.",1-31-80435-7,,47 METERS DOWN: THE NEXT CHAPTER,2019-08-20,2019-09-12,11919716.0,2979929.0,25.0,59919855.0,58830862.0,0.9,0,,1,tax_credit_dop|set_manual|null|2979929.00|Stamp covers tax credit amount|Resolution PDF budget section|2026-07-30|JDP,resolucion-cipac-no-2019-137_validacion-de-inversion-the-fyzz-facility-film-11-limited-47-meters-down-the-next-chapter.pdf
1031,CIPAC-2019-138,2019,,,458,292,art_34,approved,"LOTERÍA ELECTRÓNICA INTERNACIONAL DOMINICANA, S.A.",1-01-70527-2,"CACIQUE FILMS, S.R.L.",1-31-09766-9,,SE HIZO LA NOCHE,2019-08-20,2019-09-12,7988949.0,7988949.0,100.0,41418139.0,32999771.0,1.0,0,,0,,resolucion-cipac-no-2019-138_validacion-de-inversion-loteria-electronica-internacional-dominicana-s-a-leidsa-se-hizo-de-noche.pdf
1032,CIPAC-2019-139,2019,,,458,216,art_34,approved,"CERVECERÍA NACIONAL DOMINICANA, S.A.",1-01-00372-3,"CACIQUE FILMS, S.R.L.",1-31-09766-9,,SE HIZO LA NOCHE,2019-08-20,2019-09-12,25000000.0,25000000.0,100.0,41418139.0,32999771.0,1.0,0,,0,,resolucion-cipac-no-2019-139_validacion-de-inversion-cerveceria-nacional-dominicana-s-a-se-hizo-de-noche.pdf
1033,CIPAC-2019-140,2019,,,442,285,art_34,approved,"MARÍTIMA DOMINICANA, S.A.S.",1-01-02960-9,"DUHO CINEMA, S.R.L.",1-31-29320-4,,CONSUELO,2019-08-06,2019-09-12,11851806.0,11851806.0,100.0,29848067.0,19851806.0,1.0,0,,0,,resolucion-cipac-no-2019-140_validacion-de-inversion-maritima-dominicana-s-a-s-consuelo.pdf
1034,CIPAC-2019-141,2019,,,466,293,art_34,approved,"BANCO POPULAR DOMINICANO, S. A. BANCO MÚLTIPLE",1-01-01063-2,"FHALET BUSINESS, S.R.L.",1-31-43509-2,,LOS NIÑOS PERDIDOS,2019-08-20,2019-09-12,30821343.0,30821343.0,100.0,34420136.0,30835663.0,0.7,0,,1,investor_rnc|set_manual|null|1-01-01063-2|OCR read header in wrong column order|Resolution PDF header p.1|2026-07-30|JDP;;pur_number|set_manual|null|466|OCR read header in wrong column order|Resolution PDF header p.1|2026-07-30|JDP;;total_budget_executed|set_manual|null|30835663.00|OCR did not capture executed budget paragraph|Resolution PDF budget section|2026-07-30|JDP,resolucion-cipac-no-2019-141_validacion-de-inversion-banco-popular-dominicano-s-a-banco-multiple-los-ninos-perdidos.pdf
1035,CIPAC-2019-142,2019,,,424,269,art_34,approved,"BANCO MÚLTIPLE SANTA CRUZ, S.A.",1-02-01292-1,"FHALET BUSINESS, S.R.L.",1-31-43509-2,,LA MARAVILLA,2019-08-04,2019-10-31,8000000.0,8000000.0,100.0,67433645.0,65413809.0,1.0,0,,0,,resolucion-cipac-no-2019-142_validacion-de-inversion-banco-multiple-santa-cruz-s-a-la-maravilla.pdf
1036,CIPAC-2019-143,2019,,,424,269,art_34,approved,"PIMENTEL & CO, S.R.L.",1-02-00113-8,"FHALET BUSINESS, S.R.L.",1-31-43509-2,,LA MARAVILLA,2019-08-04,2019-10-31,5000000.0,4639582.0,100.0,67433645.0,65413809.0,1.0,0,,0,,resolucion-cipac-no-2019-143_validacion-de-inversion-pimentel-_-co-s-r-l-la-maravilla.pdf
1037,CIPAC-2019-144,2019,,,397,256,art_34,approved,"CERVECERÍA NACIONAL DOMINICANA, S.A.",1-01-00372-3,"CAMINO FILMS, S.R.L.",1-31-47499-3,,ATRAKO POR JODER,2019-10-02,2019-10-31,6536000.0,6531009.0,100.0,6536000.0,6576065.0,1.0,0,,0,,resolucion-cipac-no-2019-144_validacion-de-inversion-cerveceria-nacional-dominicana-s-a-atrakao-por-joder.pdf
1038,CIPAC-2019-145,2019,,,435,254,art_34,approved,"GULFSTREAM PETROLEUM DOMINICANA, S.R.L.",1-01-00849-2,"BOMBEROS FILMS, S.R.L.",1-31-61836-7,,EL SÚPER CUARTEL DE BOMBEROS,2019-09-06,2019-10-31,6975492.05,6975492.05,100.0,73488566.7,53500279.27,0.9,0,,0,,resolucion-cipac-no-2019-145_validacion-de-inversion-gulfstream-petroleum-dominicana-s-de-rl-el-super-cuartel-de-bomberos.pdf
1039,CIPAC-2019-146,2019,,,435,254,art_34,approved,"COBINCA, S.A.",1-01-19447-2,"BOMBEROS FILMS, S.R.L.",1-31-61836-7,,EL SÚPER CUARTEL DE BOMBEROS,2019-09-06,2019-10-31,9000000.0,9000000.0,100.0,73488566.7,53500279.27,1.0,0,,0,,resolucion-cipac-no-2019-146_validacion-de-inversion-cobinca-s-a-el-super-cuartel-de-bomberos.pdf
1040,CIPAC-2019-147,2019,,,435,254,art_34,approved,"BANCO BACC DE AHORRO Y CRÉDITO DEL CARIBE, S.A.",1-01-13879-3,"BOMBEROS FILMS, S.R.L.",1-31-61836-7,,EL SÚPER CUARTEL DE BOMBEROS,2019-10-04,2019-10-31,3140000.0,3140000.0,100.0,73488566.7,53474762.66,1.0,0,,0,,resolucion-cipac-no-2019-147_validacion-de-inversion-banco-bacc-de-ahorro-y-credito-del-caribe-s-a-el-super-cuartel-de-bomberos.pdf
1041,CIPAC-2019-148,2019,,,435,254,art_34,approved,"LABORATORIOS MALLÉN, S.A.",1-01-03231-6,"BOMBEROS FILMS, S.R.L.",1-31-61836-7,,EL SÚPER CUARTEL DE BOMBEROS,2019-10-04,2019-10-31,5000000.0,5000000.0,100.0,73488566.7,53474762.66,1.0,0,,0,,resolucion-cipac-no-2019-148_validacion-de-inversion-laboratorios-mallen-s-a-el-super-cuartel-de-bomberos.pdf
1042,CIPAC-2019-149,2019,,,435,254,art_34,approved,"BANCO MÚLTIPLE BDI, S.A.",1-01-04029-7,"BOMBEROS FILMS, S.R.L.",1-31-61836-7,,EL SÚPER CUARTEL DE BOMBEROS,2019-10-04,2019-10-31,3000000.0,3000000.0,100.0,73488566.7,53474762.66,1.0,0,,0,,resolucion-cipac-no-2019-149_validacion-de-inversion-banco-multiple-bdi-s-a-super-cuartel-de-bomberos.pdf
1043,CIPAC-2019-150,2019,,,451,,art_39,approved,,,"FILM 012, S.R.L.",1-31-83799-9,,MALIBU GAMES,2019-11-11,2019-12-13,65687571.0,16421892.75,25.0,65687571.0,65890066.0,1.0,0,,0,,resolucion-cipac-no-2019-150_validacion-de-inversion-film-012-s-r-l-malibu-games.pdf
1044,CIPAC-2019-151,2019,,,389,,art_39,approved,,,"CLOVER PRODUCTIONS, S.R.L.",1-31-70574-1,,E PROJECT,2019-11-11,2019-12-13,273781994.94,68445498.74,25.0,554403222.26,320767065.0,0.9,0,,1,total_budget_executed|set_manual|null|320767065.00|OCR did not capture executed budget paragraph|Resolution PDF budget section|2026-07-31|JDP,resolucion-cipac-no-2019-151_validacion-de-inversion-acun-medya-produksiyon-ve-reklam-hizmetleri-a-s-e-project.pdf
1045,CIPAC-2019-152,2019,,,349,234,art_34,approved,"SUED & FARGESA, S.R.L.",1-01-02772-1,"CIELO FILMS, S.R.L.",1-31-09573-9,,CULPABLES,2019-11-01,2019-11-13,5594890.13,5594890.13,100.0,47988195.3,45528690.0,1.0,0,,0,,resolucion-cipac-no-2019-152_validacion-de-invesion-sued-_-farhesa-s-r-l-culpables.pdf
1046,CIPAC-2019-153,2019,,,495,305,art_34,approved,"BANCO MÚLTIPLE ADEMI, S.A.",1-01-74527-4,"CARIBOO PRODUCTIONS, S.R.L.",1-31-90383-5,,MABOYA,2019-11-19,2019-12-13,5000000.0,5000000.0,100.0,47159368.34,29971120.0,1.0,0,,0,,resolucion-cipac-no-2019-153_validacion-de-inversion-banco-multiple-ademi-s-a-maboya.pdf
1047,CIPAC-2019-154,2019,,,495,305,art_34,approved,"BANCO DE AHORRO Y CRÉDITO ADOPEM, S.A.",1-03-00310-9,"CARIBOO PRODUCTIONS, S.R.L.",1-31-90383-5,,MABOYA,2019-11-19,2019-12-13,2460000.0,2460000.0,100.0,47159368.34,29971120.0,1.0,0,,0,,resolucion-cipac-no-2019-154_validacion-de-inversion-banco-de-ahorro-y-credito-adopem-s-a-maboya.pdf
1048,CIPAC-2019-155,2019,,,495,305,art_34,approved,"BANCO MÚLTIPLE BHD, S.A.",1-01-13679-2,"CARIBOO PRODUCTIONS, S.R.L.",1-31-90383-5,,MABOYA,2019-11-19,2019-12-13,14983093.97,14983093.97,100.0,47159368.34,29971120.0,1.0,0,,0,,resolucion-cipac-no-2019-155_validacion-de-inversion-banco-multiple-bhd-leon-s-a-maboya.pdf
1049,CIPAC-2019-156,2019,,,495,305,art_34,approved,"AEROPUERTO INTERNACIONAL DEL CIBAO, S.A.",1-02-61324-9,"CARIBOO PRODUCTIONS, S.R.L.",1-31-90383-5,,MABOYA,2019-11-19,2019-12-13,1161120.0,1161120.0,100.0,47159368.34,29971120.0,1.0,0,,0,,resolucion-cipac-no-2019-156_validacion-de-inversion-aeropuerto-internacional-del-cibao-s-a-maboya.pdf
1050,CIPAC-2019-157,2019,,,495,305,art_34,approved,"CONSORCIO ENERGÉTICO PUNTA CANA MACAO, S.A.",1-01-58340-1,"CARIBOO PRODUCTIONS, S.R.L.",1-31-90383-5,,MABOYA,2019-11-19,2019-12-13,5000000.0,5000000.0,100.0,47159368.34,29971120.0,1.0,0,,0,,resolucion-cipac-no-2019-157_validacion-de-inversion-consorcio-energetico-punta-cana-macao-cepm-s-a-maboya.pdf
1051,CIPAC-2019-158,2019,,,495,305,art_34,approved,"INVERSIONES IDF, S.A.",1-30-99775-6,"CARIBOO PRODUCTIONS, S.R.L.",1-31-90383-5,,MABOYA,2019-11-19,2019-12-13,900000.0,900000.0,100.0,47159368.34,29971120.0,1.0,0,,0,,resolucion-cipac-no-2019-158_validacion-de-inversion-inversiones-idf-s-a-maboya.pdf
1052,CIPAC-2019-159,2019,,,495,305,art_34,approved,"TE-EX TERMINACIONES EXCLUSIVAS, S.R.L.",1-30-29566-2,"CARIBOO PRODUCTIONS, S.R.L.",1-31-90383-5,,MABOYA,2019-11-19,2019-12-13,200000.0,200000.0,100.0,47159368.34,29971120.0,1.0,0,,0,,resolucion-cipac-no-2019-159_validacion-de-inversion-te-ex-terminaciones-exclusivas-s-r-l-maboya.pdf
1053,CIPAC-2019-160,2019,,,495,305,art_34,approved,"ROTULPAK, S.A.",1-01-80430-2,"CARIBOO PRODUCTIONS, S.R.L.",1-31-90383-5,,MABOYA,2019-11-19,2019-12-13,250000.0,250000.0,100.0,47159368.34,29971120.0,1.0,0,,0,,resolucion-cipac-no-2019-160_validacion-de-inversion-rotulpak-s-a-maboya.pdf
1054,CIPAC-2019-161,2019,,,469,273,art_34,approved,"CONSORCIO ENERGÉTICO PUNTA CANA MACAO, S.A.",1-01-58340-1,"PELÍCULAS HECHAS A MANO, S.R.L.",1-31-29543-6,,JUEGO DE HOMBRE,2019-11-13,2019-12-13,5000000.0,5000000.0,100.0,69668024.96,62965000.0,0.9,0,,1,total_budget_executed|set_manual|null|62965000.0|Propagated from sibling resolution CIPAC-2019-163 with same film title|cipac_2019_results.json|2026-07-29|JDP,resolucion-cipac-no-2019-161_validacion-de-inversion-consorcio-energetico-punta-cana-macao-cepm-s-a-juego-de-hombres.pdf
1055,CIPAC-2019-162,2019,,,469,273,art_34,approved,"BANCO BACC DE AHORRO Y CRÉDITO DEL CARIBE, S.A.",1-01-13879-3,"PELÍCULAS HECHAS A MANO, S.R.L.",1-31-29543-6,,JUEGO DE HOMBRE,2019-11-13,2019-12-13,5087570.0,5087570.0,100.0,69668024.96,62965000.0,0.9,0,,1,total_budget_executed|set_manual|null|62965000.0|Propagated from sibling resolution CIPAC-2019-161 with same film title|cipac_2019_results.json|2026-07-29|JDP,resolucion-cipac-no-2019-162_validacion-de-inversion-banco-bacc-de-ahorro-y-credito-del-caribe-s-a-juego-de-hombres.pdf
1056,CIPAC-2019-163,2019,,,469,273,art_34,approved,"BANCO MÚLTIPLE BHD, S.A.",1-01-13679-2,"PELÍCULAS HECHAS A MANO, S.R.L.",1-31-29543-6,,JUEGO DE HOMBRE,2019-11-13,2019-12-13,20000000.0,20000000.0,100.0,69668024.96,62965000.0,1.0,0,,0,,resolucion-cipac-no-2019-163_validacion-de-inversion-banco-multiple-bhd-leon-s-a-juego-de-hombres.pdf
1057,CIPAC-2019-164,2019,,,469,273,art_34,approved,"BANCO MÚLTIPLE ADEMI, S.A.",1-01-74527-4,"PELÍCULAS HECHAS A MANO, S.R.L.",1-31-29543-6,,JUEGO DE HOMBRE,2019-11-13,2019-12-13,8875000.0,8875000.0,100.0,69668024.96,62965000.0,1.0,0,,0,,resolucion-cipac-no-2019-164_validacion-de-invesion-banco-multiple-ademi-s-a-juego-de-hombres.pdf
1058,CIPAC-2019-165,2019,,,469,273,art_34,approved,"BANCO DE AHORRO Y CRÉDITO ADOPEM, S.A.",1-03-00310-9,"PELÍCULAS HECHAS A MANO, S.R.L.",1-31-29543-6,,JUEGO DE HOMBRE,2019-11-13,2019-12-13,18975442.55,18975442.55,100.0,69668024.96,62965000.0,0.9,0,,1,total_budget_executed|set_manual|null|62965000.0|Propagated from sibling resolution CIPAC-2019-161 with same film title|cipac_2019_results.json|2026-07-29|JDP,resolucion-cipac-no-2019-165_validacion-de-inversion-banco-de-ahorro-y-credito-adopem-s-a-juego-de-hombres.pdf
1059,CIPAC-2019-166,2019,,,469,273,art_34,approved,"MOTOR CRÉDITO, S.A. (BANCO DE AHORRO Y CRÉDITO)",1-01-02828-9,"PELÍCULAS HECHAS A MANO, S.R.L.",1-31-29543-6,,JUEGO DE HOMBRE,2019-11-13,2019-12-13,5000000.0,5000000.0,100.0,69668024.96,62965000.0,0.9,0,,1,total_budget_executed|set_manual|null|62965000.0|Propagated from sibling resolution CIPAC-2019-161 with same film title|cipac_2019_results.json|2026-07-29|JDP,resolucion-cipac-no-2019-166_validacion-de-inversion-motor-credito-s-a-banco-de-ahorro-y-credito-juego-de-hombres.pdf
1060,CIPAC-2020-001,2020,,,342,208,art_34,approved,"SIGMA PETROLEUM CORP, S.R.L.",1-30-68916-4,"GUAYACÁN FILMS, S.R.L.",1-31-46486-6,,LA CASA DE CAOBA,2019-12-06,2020-01-16,2000000.0,2000000.0,100.0,54445205.0,45612407.0,1.0,0,,0,,resolucion-cipac-no-2020-001_validacion-de-inversion-sigma-petroleum-corp-s-r-l-la-casa-de-caoba.pdf
1061,CIPAC-2020-002,2020,,,305,182,art_34,approved,"INDUVECA, S.A.",1-22-01122-6,"MACARITO FILMS, S.R.L.",1-30-90960-1,,MÁS QUE EL AGUA,2019-12-17,2020-01-16,2808666.0,2808666.0,100.0,40502931.0,39838944.0,1.0,0,,0,,resolucion-cipac-no-2020-002_validacion-de-inversion-induveca-s-a-mas-que-el-agua.pdf
1062,CIPAC-2020-003,2020,,,511,328,art_34,approved,"SANUT DOMINICANA, S.A.S.",1-02-33461-7,"LARIMAR FILM HOUSE, S.R.L.",1-30-93429-2,,LA ESTRATEGIA DEL MERO,2019-12-18,2020-01-16,4505401.0,4505401.0,100.0,24646959.73,8905401.66,1.0,0,,0,,resolucion-cipac-no-2020-003_validacion-de-inversion-sanut-dominicana-s-a-s-la-estragia-del-mero.pdf
1063,CIPAC-2020-004,2020,,,511,328,art_34,approved,"CÉSAR IGLESIAS, S.A.",1-01-01938-7,"LARIMAR FILM HOUSE, S.R.L.",1-30-93429-2,,LA ESTRATEGIA DEL MERO,2019-12-09,2020-01-16,3000000.0,3000000.0,100.0,4400000.0,4400000.0,1.0,0,,0,,resolucion-cipac-no-2020-004_validacion-de-inversion-cesar-iglesias-s-a-la-estrategia-del-mero.pdf
1064,CIPAC-2020-005,2020,,,511,328,art_34,approved,"BANCO MÚLTIPLE BDI, S.A.",1-01-04029-7,"LARIMAR FILM HOUSE, S.R.L.",1-30-93429-2,,LA ESTRATEGIA DEL MERO,2019-12-09,2020-01-16,400000.0,400000.0,100.0,24646959.73,4400000.0,1.0,0,,0,,resolucion-cipac-no-2020-005_validacion-de-inversion-banco-multiple-bdi-s-a-la-estrategia-del-mero.pdf
1065,CIPAC-2020-006,2020,,,511,328,art_34,approved,"TERMO ENVASES, S.A.",1-01-57338-4,"LARIMAR FILM HOUSE, S.R.L.",1-30-93429-2,,LA ESTRATEGIA DEL MERO,2019-12-09,2020-01-16,1000000.0,1000000.0,100.0,24646959.73,4400000.0,1.0,0,,0,,resolucion-cipac-no-2020-006_validacion-de-inversion-termo-envases-s-a-la-estrategia-del-mero.pdf
1066,CIPAC-2020-007,2020,,,406,257,art_34,approved,"BANCO MÚLTIPLE ADEMI, S.A.",1-01-74527-4,"BALSIE GUANABANA MACUTO, S.R.L.",1-30-88641-5,,PAPÁ LIBORIO,2019-11-20,2020-01-16,1125000.0,1125000.0,100.0,48421017.0,31567651.0,1.0,0,,0,,resolucion-cipac-no-2020-007_validacion-de-inversion-banco-multiple-ademi-s-a-papa-liborio.pdf
1067,CIPAC-2020-008,2020,,,426,218,art_34,approved,"BANCO MÚLTIPLE BDI, S.A.",1-01-04029-7,"MILBO PRODUCTIONS, S.R.L.",1-31-22322-2,,MILVIO,2019-12-03,2020-01-16,1600000.0,1600000.0,100.0,37178810.0,17794415.0,1.0,0,,0,,resolucion-cipac-no-2020-008_validacion-de-inversion-banco-multiple-bdi-s-a-milvio.pdf
1068,CIPAC-2020-009,2020,,,426,218,art_34,approved,"AEROPUERTO INTERNACIONAL DEL CIBAO, S. A.",1-02-61324-9,"MILBO PRODUCTIONS, S.R.L.",1-31-22322-2,,MILVIO,2019-12-03,2020-01-16,4000000.0,4000000.0,100.0,37178810.0,17794415.0,1.0,0,,0,,resolucion-cipac-no-2020-009_validacion-de-inversion-aeropuerto-internacional-del-cibao-s-a-milvio.pdf
1069,CIPAC-2020-010,2020,,,436,268,art_34,approved,"HIPERMERCADOS OLÉ, S.A.",1-01-53248-3,"PILÓN PRODUCTIONS, S.R.L.",1-30-99100-6,,ATRAVESANDO EL JORDÁN,2019-12-12,2020-01-16,6414000.0,6414000.0,100.0,26073164.0,18914000.0,1.0,0,,0,,resolucion-cipac-no-2020-010_validacion-de-inversion-hipermercado-ole-s-a-atravesando-el-jordan.pdf
1070,CIPAC-2020-011,2020,,,436,268,art_34,approved,"BANCO MÚLTIPLE BHD, S.A.",1-01-13679-2,"PILÓN PRODUCTIONS, S.R.L.",1-30-99100-6,,ATRAVESANDO EL JORDÁN,2019-12-12,2020-01-16,3500000.0,3500000.0,100.0,26073164.0,18914000.0,1.0,0,,0,,resolucion-cipac-no-2020-011_validacion-de-inversion-banco-multiple-bhd-leon-s-a-atravesando-el-jordan.pdf
1071,CIPAC-2020-012,2020,,,421,251,art_34,approved,"AEROPUERTO INTERNACIONAL DEL CIBAO, S. A.",1-02-61324-9,"YUQUITA FILMS, S.R.L.",1-31-77527-6,,INESPERADAMENTE LUCIA,2019-12-16,2020-01-16,1357000.0,1357000.0,100.0,62823370.0,43494015.0,1.0,0,,0,,resolucion-cipac-no-2020-012_validacion-de-inversion-aeropuerto-internacional-del-cibao-s-a-inesperadamente-lucia.pdf
1072,CIPAC-2020-013,2020,,,421,251,art_34,approved,"TRANSBEL, S.R.L.",1-01-89378-8,"YUQUITA FILMS, S.R.L.",1-31-77527-6,,INESPERADAMENTE LUCIA,2019-12-16,2020-01-16,10000000.0,10000000.0,100.0,62823370.0,43494015.0,1.0,0,,0,,resolucion-cipac-no-2020-013_validacion-de-inversion-transbel-s-r-l-inesperadamente-lucia.pdf
1073,CIPAC-2020-014,2020,,,468,300,art_34,approved,"BANCO POPULAR DOMINICANO, S.A- BANCO MÚLTIPLE",1-01-01063-2,"REGENCY FILMS, S.R.L.",1-31-71366-1,,QUE LEÓN 2,2019-12-17,2020-01-16,60000000.0,60000000.0,100.0,94570918.0,93793338.0,1.0,0,,0,,resolucion-cipac-no-2020-014_validacion-de-inversion-banco-popular-dominicano-s-a-banco-multiple-que-leon-2.pdf
1074,CIPAC-2020-015,2020,,,468,300,art_34,approved,"ALTICE DOMINICANA, S.A.",1-01-61878-7,"REGENCY FILMS, S.R.L.",1-31-71366-1,,QUE LEÓN 2,2019-12-17,2020-01-16,12552209.0,12552209.0,100.0,94570918.0,93793338.0,1.0,0,,0,,resolucion-cipac-no-2020-015_validacion-de-inversion-altice-dominicana-s-a.-que-leon-2.pdf
1075,CIPAC-2020-016,2020,,,459,,art_39,approved,,,"FILM 013, S.R.L.",1-31-83530-9,,ATTACKED,2019-12-16,2020-01-16,152313679.0,38078419.75,25.0,152316233.0,152313679.0,1.0,0,,0,,resolucion-cipac-no-2020-016_validacion-de-inversion-film-013-s-r-l-attacked.pdf
1076,CIPAC-2020-017,2020,,,468,300,art_34,approved,"CERVECERÍA NACIONAL DOMINICANA, S.A.",1-01-00372-3,"REGENCY FILMS, S.R.L.",1-31-71366-1,,QUE LEÓN 2,2019-12-17,2020-01-16,20000000.0,20000000.0,100.0,94570918.0,93793338.0,1.0,0,,0,,resolucion-cipac-no-2020-017_validacion-de-inversion-cerveceria-nacional-dominicana-s-a-que-leon-2.pdf
1077,CIPAC-2020-018,2020,,,486,310,art_34,approved,"DESPACHOS PORTUARIOS HISPANIOLA, S.A.S.",1-01-61518-4,"VALFRANK, S.R.L.",1-30-90915-6,,EL EQUIPITO,2019-12-23,2020-02-18,2000000.0,2000000.0,100.0,57353472.0,55684501.0,0.8,0,,1,total_budget_executed|set_manual|null|55684501.0|Propagated from sibling resolution CIPAC-2020-019 with same film title|cipac_2020_results.json|2026-07-29|JDP;;total_budget_approved|set_manual|null|57353472.00|Stamp covers budget approval paragraph|Resolution PDF budget section|2026-07-29|JDP,resolucion-cipac-no-2020-018_validacion-de-inversion-despachos-portuarios-hispaniona-s-a-s-el-equipito.pdf
1078,CIPAC-2020-019,2020,,,486,310,art_34,approved,"COBINCA, S.A.",1-01-19447-2,"VALFRANK, S.R.L.",1-30-90915-6,,EL EQUIPITO,2019-12-23,2020-02-18,10000000.0,10000000.0,100.0,57353472.0,55684501.0,1.0,0,,0,,resolucion-cipac-no-2020-019_validacion-de-inversion-cobinca-s-a-el-equipito.pdf
1079,CIPAC-2020-020,2020,,,486,310,art_34,approved,"BANCO MÚLTIPLE BHD, S.A.",1-01-13679-2,"VALFRANK, S.R.L.",1-30-90915-6,,EL EQUIPITO,2019-12-23,2020-02-18,7000000.0,7000000.0,100.0,57353472.0,55684501.0,1.0,0,,0,,resolucion-cipac-no-2020-020_validacion-de-inversion-banco-multiple-bhd-leon-s-a-el-equipito.pdf
1080,CIPAC-2020-021,2020,,,486,310,art_34,approved,"LA ANTILLANA COMERCIAL, S.A.",1-01-00566-1,"VALFRANK, S.R.L.",1-30-90915-6,,EL EQUIPITO,2019-12-23,2020-02-18,3000000.0,3000000.0,100.0,57353472.0,55684501.0,1.0,0,,0,,resolucion-cipac-no-2020-021_validacion-de-validacion-la-antillana-comercial-s-a-el-equipito.pdf
1081,CIPAC-2020-022,2020,,,486,310,art_34,approved,"PLAZA LAMA, S.A.",1-01-17111-1,"VALFRANK, S.R.L.",1-30-90915-6,,EL EQUIPITO,2019-12-23,2020-02-18,19625188.0,19625188.0,100.0,57353472.0,55684501.0,1.0,0,,0,,resolucion-cipac-no-2020-022_validacion-de-inversion-plaza-lama-s-a-el-equipito.pdf
1082,CIPAC-2020-023,2020,,,486,310,art_34,approved,"PASTEURIZADORA RICA, S.A.",1-01-00441-1,"VALFRANK, S.R.L.",1-30-90915-6,,EL EQUIPITO,2019-12-23,2020-02-18,5000000.0,5000000.0,100.0,57353472.0,55684501.0,1.0,0,,0,,resolucion-cipac-no-2020-023_validacion-de-inversion-pasteurizadora-rica-s-a-el-equipito.pdf
1083,CIPAC-2020-024,2020,,,486,310,art_34,approved,"PROPANO Y DERIVADOS, S.A.",1-01-03373-8,"VALFRANK, S.R.L.",1-30-90915-6,,EL EQUIPITO,2019-12-23,2020-02-18,6000000.0,6000000.0,100.0,57353472.0,55684501.0,1.0,0,,0,,resolucion-cipac-no-2020-024_validacion-de-inversion-propano-y-derivados-s-a.pdf
1084,CIPAC-2020-025,2020,,,486,310,art_34,approved,"TERMO ENVASES, S.A.",1-01-57338-4,"VALFRANK, S.R.L.",1-30-90915-6,,EL EQUIPITO,2019-12-23,2020-02-18,3000000.0,3000000.0,100.0,55684501.0,55684501.0,0.9,0,,1,request_date|set_manual|null|2019-12-23|Stamp covers word Solicitud in request date line|Resolution PDF VISTOS section|2026-07-29|JDP,resolucion-cipac-no-2020-025_validacion-de-inversion-termo-envases-s-a-el-equipito.pdf
1085,CIPAC-2020-026,2020,,,370,198,art_34,approved,"LA MONUMENTAL DE SEGUROS, S.A.",1-02-30854-3,"ECAH FILM, S.R.L.",1-31-14052-1,,FLOW,2019-01-26,2020-02-18,1000000.0,1000000.0,100.0,63872212.0,40981815.23,0.9,0,,1,total_budget_executed|set_manual|null|40981815.23|Stamp covers budget executed paragraph|Resolution PDF budget section|2026-07-29|JDP,resolucion-cipac-no-2020-026_validacion-de-inversion-la-monumental-de-seguros-s-a-flow.pdf
1086,CIPAC-2020-030,2020,,,501,298,art_34,approved,"BANCO MÚLTIPLE SANTA CRUZ, S.A.",1-02-01292-1,"STONE PRODUCTIONS, S.R.L.",1-31-90601-1,,FAMILIA NUMEROSA,2019-12-27,2020-02-18,2155318.0,2155318.0,100.0,69034330.0,67312706.0,0.9,0,,1,total_budget_executed|set_manual|null|67312706.0|Propagated from sibling resolution CIPAC-2020-032 with same film title|cipac_2020_results.json|2026-07-29|JDP,resolucion-cipac-no-2020-030_validacion-de-inversion-banco-multiple-santa-cruz-s-a-familia-numerosa.pdf
1087,CIPAC-2020-031,2020,,,501,298,art_34,approved,"BANCO MÚLTIPLE BHD, S.A.",1-01-13679-2,"STONE PRODUCTIONS, S.R.L.",1-31-90601-1,,FAMILIA NUMEROSA,2019-12-27,2020-02-18,15000000.0,15000000.0,100.0,69034330.0,67312706.0,0.9,0,,1,total_budget_executed|set_manual|null|67312706.0|Propagated from sibling resolution CIPAC-2020-030 with same film title|cipac_2020_results.json|2026-07-29|JDP,resolucion-cipac-no-2020-031_validacion-de-inversion-banco-multiple-bhd-leon-s-a-familia-numerosa.pdf
1088,CIPAC-2020-032,2020,,,501,298,art_34,approved,"CERVECERÍA NACIONAL DOMINICANA, S.A.",1-01-00372-3,"STONE PRODUCTIONS, S.R.L.",1-31-90601-1,,FAMILIA NUMEROSA,2019-12-27,2020-02-18,20000000.0,20000000.0,100.0,69034330.0,67312706.0,1.0,0,,0,,resolucion-cipac-no-2020-032_validacion-de-inversion-cerveceria-nacional-dominicana-s-a-familia-numerosa.pdf
1089,CIPAC-2020-033,2020,,,440,146,art_34,approved,"QUALA DOMINICANA, S.A.",1-01-74167-8,"DESTINY'S FILMS PRODUCTIONS, S.R.L.",1-31-19291-2,,RAFAELA,2020-01-07,2020-02-18,7400000.0,7400000.0,100.0,28030828.88,26900000.0,1.0,0,,0,,resolucion-cipac-no-2020-033_validacion-de-inversion-quala-dominicana-s-a-rafaela.pdf
1090,CIPAC-2020-034,2020,,,440,146,art_34,approved,"LABORATORIOS KEY, S.R.L.",1-01-00132-1,"DESTINY'S FILMS PRODUCTIONS, S.R.L.",1-31-19291-2,,RAFAELA,2020-01-07,2020-02-18,2000000.0,2000000.0,100.0,28030828.88,26900000.0,1.0,0,,0,,resolucion-cipac-no-2020-034_validacion-de-inversion-laboratorios-key-s-r-l-rafaela.pdf
1091,CIPAC-2020-035,2020,,,134,091,art_34,approved,"NORTONESKI DEVELOPMENT OFFICE, S.R.L.",1-30-26556-9,"LOS INMIGRANTES, S.R.L.",1-31-21588-2,,"ENTRAR NO ES FÁCIL, SALIR TAMPOCO",2020-01-14,2020-02-18,3500000.0,3500000.0,100.0,68596841.44,65400916.0,0.9,0,,1,total_budget_executed|set_manual|null|65400916.00|Stamp covers budget executed paragraph|Resolution PDF budget section|2026-07-29|JDP,resolucion-cipac-no-2020-035_validacion-de-inversion-nortonesky-development-office-s-r-l-entrar-no-es-facil-salir-tampoco.pdf
1092,CIPAC-2020-036,2020,,,484,262,art_34,approved,"BANCO BACC DE AHORRO Y CRÉDITO DEL CARIBE, S.A.",1-01-13879-3,"FRONTERA FILMS, S.R.L.",1-31-75564-1,,SIN PALABRAS,2020-01-15,2020-02-18,1770000.0,1770000.0,100.0,63428501.09,21770001.46,1.0,0,,0,,resolucion-cipac-no-2020-036_validacion-de-inversion-banco-bacc-de-ahorro-y-credito-del-caribe-s-a-sin-palabras.pdf
1093,CIPAC-2020-037,2020,,,484,262,art_34,approved,"BANCO MÚLTIPLE BHD, S.A.",1-01-13679-2,"FRONTERA FILMS, S.R.L.",1-31-75564-1,,SIN PALABRAS,2020-01-15,2020-02-18,5000000.0,5000000.0,100.0,63428501.09,21770001.46,0.9,0,,1,total_budget_executed|set_manual|null|21770001.46|Propagated from sibling resolution CIPAC-2020-036 with same film title|cipac_2020_results.json|2026-07-29|JDP,resolucion-cipac-no-2020-037_validacion-de-inversion-banco-multiple-bhd-leon-s-a-sin-palabras.pdf
1094,CIPAC-2020-038,2020,,,495,305,art_34,approved,"SOCIEDAD ADMINISTRADORA DE FONDOS DE INVERSIÓN BHD, S.A. (SAFI-BHD)",1-30-90241-2,"CARIBOO PRODUCTIONS, S.R.L.",1-31-90383-5,,MABOYA,2020-01-22,2020-02-18,3000000.0,3000000.0,100.0,32977619.99,32977619.99,1.0,0,,0,,resolucion-cipac-no-2020-038_validacion-de-inversion-administradora-de-fondos-de-inversion-bhd-s-a-maboya.pdf
1095,CIPAC-2020-039,2020,,,507,318,art_34,approved,"MERCASID, S.A.",1-01-80768-7,"BONTER MEDIA, S.R.L.",1-30-94031-2,,PADRE SE BUSCA,2020-01-09,2020-02-18,20801599.0,20801599.0,100.0,76903430.0,69801754.0,1.0,0,,0,,resolucion-cipac-no-2020-039_validacion-de-inversion-mercacid-s-a-padre-se-busca.pdf
1096,CIPAC-2020-040,2020,,,507,318,art_34,approved,"INDUVECA, S.A.",1-22-01122-6,"BONTER MEDIA, S.R.L.",1-30-94031-2,,PADRE SE BUSCA,2020-01-09,2020-02-18,40000000.0,40000000.0,100.0,76903430.0,69801754.0,1.0,0,,0,,resolucion-cipac-no-2020-040_validacion-de-inversion-induveca-s-a-padre-se-busca.pdf
1097,CIPAC-2020-041,2020,,,410,261,art_34,approved,"AEROPUERTO INTERNACIONAL DEL CIBAO, S.A.",1-02-61324-9,"KALIDOSCOPIC, S.R.L.",1-31-42240-3,,CANDELA,2019-01-14,2020-02-18,1500000.0,1500000.0,100.0,67322304.0,65043082.0,0.9,0,,1,total_budget_executed|set_manual|null|65043082.00|Stamp covers budget executed paragraph|Resolution PDF budget section|2026-07-29|JDP,resolucion-cipac-no-2020-041_validacion-de-inversion-aeropuerto-internacional-del-cibao-s-a-candela.pdf
1098,CIPAC-2020-042,2020,,,169,273,art_34,approved,"AEROPUERTO INTERNACIONAL DEL CIBAO, S.A.",1-02-61324-9,"PELÍCULAS HECHAS A MANO, S.R.L.",1-31-29543-6,,JUEGO DE HOMBRE,2019-01-08,2020-02-18,2000000.0,2000000.0,100.0,69668024.96,64965000.0,1.0,0,,0,,resolucion-cipac-no-2020-042_validacion-de-inversion-aeropuerto-internacional-del-cibao-s-a-juego-de-hombres.pdf
1099,CIPAC-2020-043,2020,,,2350,210,art_34,approved,"TRANSBEL, S.R.L.",1-01-89378-8,"DALISA ALEGRIA PRODUCTIONS, S.R.L.",1-31-55026-6,,KILLING SARAI,2020-01-14,2020-02-18,4980649.0,4980649.0,100.0,79302130.55,78007534.0,1.0,0,,0,,resolucion-cipac-no-2020-043_validacion-de-inversion-transbel-s-r-l-killing-sarai.pdf
1100,CIPAC-2020-044,2020,,,350,210,art_34,approved,"TERMO ENVASES, S.A.",1-01-57338-4,"DALISA ALEGRIA PRODUCTIONS, S.R.L.",1-31-55026-6,,KILLING SARAI,2020-01-14,2020-02-18,3000000.0,3000000.0,100.0,79302130.55,78007534.0,0.8,0,,0,total_budget_executed|set_manual|null|78007534.0|Propagated from sibling resolution CIPAC-2020-043 with same film title|cipac_2020_results.json|2026-07-29|JDP;;total_budget_approved|set_manual|null|79302130.55|Poor scan quality on paragraph|Resolution PDF budget section|2026-07-29|JDP,resolucion-cipac-no-2020-044_validacion-de-inversion-termo-envases-s-a-killing-sarai.pdf
1101,CIPAC-2020-045,2020,,,548,339,art_34,approved,"GERDAU METALDOM, S.A.",1-01-00484-3,"PANORÁMICA FILMS, S.R.L.",1-31-73183-1,,LOS JUEGOS GODÍNEZ: DESAFIANDO A PAOLA,2019-01-08,2020-02-18,10000000.0,10000000.0,100.0,69393147.76,10000000.0,1.0,0,,0,,resolucion-cipac-no-2020-045_validacion-de-inversion-gerdau-metaldom-s-a-los-juegos-de-godinez_-desafiando-a-paola.pdf
1102,CIPAC-2020-046,2020,,,499,288,art_34,approved,"PJ GAFFERS AND FILM RD, INC",1-30-94103-3,"SKY FILMS, S.R.L.",1-31-72360-8,,EL MÉTODO,2019-12-27,2020-02-18,2996525.0,2996525.0,100.0,72674978.0,70020201.0,1.0,0,,0,,resolucion-cipac-no-2020-046_validacion-de-inversion-pj-gaffers-and-film-rd-inc-el-metodo.pdf
1103,CIPAC-2020-047,2020,,,499,288,art_34,approved,"DOMICEM, S.A.",1-01-81679-1,"SKY FILMS, S.R.L.",1-31-72360-8,,EL MÉTODO,2019-12-27,2020-02-18,15000000.0,15000000.0,100.0,72674978.0,70020201.0,1.0,0,,0,,resolucion-cipac-no-2020-047_validacion-de-inversion-domicem-s-a-el-metodo.pdf
1104,CIPAC-2020-048,2020,,,499,288,art_34,approved,"PASTEURIZADORA RICA, S.A.",1-01-00441-1,"SKY FILMS, S.R.L.",1-31-72360-8,,EL MÉTODO,2019-12-27,2020-02-18,20000000.0,20000000.0,100.0,72674978.0,70020201.0,1.0,0,,0,,resolucion-cipac-no-2020-048_validacion-de-inversion-pasteurizadora-rica-s-a-el-metodo.pdf
1105,CIPAC-2020-049,2020,,,499,288,art_34,approved,"PROPANO Y DERIVADOS, S.A.",1-01-03373-8,"SKY FILMS, S.R.L.",1-31-72360-8,,EL MÉTODO,2019-12-27,2020-02-18,7000000.0,7000000.0,100.0,72674978.0,70020201.0,1.0,0,,0,,resolucion-cipac-no-2020-049_validacion-de-inversion-propano-y-derivados-s-a-el-metodo.pdf
1106,CIPAC-2020-050,2020,,,499,288,art_34,approved,"CERVECERÍA NACIONAL DOMINICANA, S.A.",1-01-00372-3,"SKY FILMS, S.R.L.",1-31-72360-8,,EL MÉTODO,2019-12-27,2020-02-18,24993952.0,24993952.0,100.0,72674978.0,70020201.0,1.0,0,,0,,resolucion-cipac-no-2020-050_validacion-de-inversion-cerveceria-nacional-dominicana-s-a-el-metodo.pdf
1107,CIPAC-2020-051,2020,,,479,282,art_34,approved,"BANCO MÚLTIPLE BHD, S.A.",1-01-13679-2,"PRODUCCIONES AMARU, S.R.L.",1-31-39513-9,,TRAVESIÍA,2020-01-14,2020-02-18,68917735.15,68817735.15,100.0,69451898.82,69055263.79,0.9,0,,1,total_budget_executed|set_manual|null|69055263.79|Stamp covers budget executed paragraph|Resolution PDF budget section|2026-07-29|JDP,resolucion-cipac-no-2020-051_validacion-de-inversion-banco-multiple-bhd-leon-s-a-travesia.pdf
1108,CIPAC-2020-052,2020,,,459,273,art_34,approved,"INVERSIONES YUBINA, S.R.L.",1-30-09649-1,"PELÍCULAS HECHAS A MANO, S.R.L.",1-31-29543-6,,JUEGO DE HOMBRE,2015-01-27,2020-02-18,350000.0,350000.0,100.0,65315000.0,64965000.0,0.8,0,,1,total_budget_executed|set_manual|null|64965000.0|Propagated from sibling resolution CIPAC-2020-042 with same film title|cipac_2020_results.json|2026-07-29|JDP;;total_budget_executed|set_manual|null|65315000.00|Stamp covers budget executed paragraph|Resolution PDF budget section|2026-07-29|JDP,resolucion-cipac-no-2020-052_validacion-de-inversion-inversiones-yubina-s-r-l-juego-de-hombres.pdf
1109,CIPAC-2020-053,2020,,,474,306,art_34,approved,"BANCO POPULAR DOMINICANO, S. A. BANCO MÚLTIPLE",1-01-01063-2,"ART3+4 PRODUCCIONES, S.R.L.",1-31-17333-2,,EL BLANCO,2019-01-07,2020-02-18,65174936.0,65174936.0,100.0,65500000.0,65174936.0,1.0,0,,0,,resolucion-cipac-no-2020-053_validacion-de-inversion-banco-popular-dominicano-s-a-banco-multiple-el-blanco.pdf
1110,CIPAC-2020-054,2020,,,426,218,art_34,approved,"AEROPUERTO INTERNACIONAL DEL CIBAO, S. A.",1-02-61324-9,"MILBO PRODUCTIONS, S.R.L.",1-31-22322-2,,MILVIO,2020-01-27,2020-02-18,1849186.65,1849186.65,100.0,37178810.0,20351601.69,1.0,0,,0,,resolucion-cipac-no-2020-054_validacion-de-inversion-aeropuerto-internacional-del-cibao-s-a-milvio.pdf
1111,CIPAC-2020-055,2020,,,426,218,art_34,approved,"BANCO MÚLTIPLE LÓPEZ DE HARO, S.A.",1-01-14588-9,"MILBO PRODUCTIONS, S.R.L.",1-31-22322-2,,MILVIO,2020-01-27,2020-02-18,708000.65,708000.65,100.0,37178810.0,20351601.69,0.9,0,,1,total_budget_executed|set_manual|null|20351601.69|Propagated from sibling resolution CIPAC-2020-008 with same film title|cipac_2020_results.json|2026-07-29|JDP,resolucion-cipac-no-2020-055_validacion-de-inversion-banco-multiple-lopez-de-haro-s-a-milvio.pdf
1112,CIPAC-2020-056,2020,,,406,257,art_34,approved,"NORTONESKI DEVELOPMENT OFFICE, S.R.L.",1-30-26556-9,"BALSIE GUANABANA MACUTO, S.R.L.",1-30-88641-5,,PAPÁ LIBORIO,2019-01-16,2020-02-18,5000000.0,5000000.0,100.0,47110305.0,38567531.72,0.8,0,,1,total_budget_executed|set_manual|null|38567531.72|Propagated from sibling resolution CIPAC-2020-007 with same film title|cipac_2020_results.json|2026-07-29|JDP;;total_budget_approved|set_manual|null|47110305.00|Page containing budget approval paragraph is rotated OCR could not extract|Resolution PDF budget section|2026-07-29|JDP,resolucion-cipac-no-2020-056_validacion-de-inversion-nortoneski-development-office-s-r-l-papa-liborio.pdf
1113,CIPAC-2020-057,2020,,,406,257,art_34,approved,"GRUPO COMETA, S.A.S.",1-01-01943-3,"BALSIE GUANABANA MACUTO, S.R.L.",1-30-88641-5,,PAPÁ LIBORIO,2019-01-16,2020-02-18,2000000.0,2000000.0,100.0,47110305.0,38567531.72,0.9,0,,1,total_budget_executed|set_manual|null|38567531.72|Propagated from sibling resolution CIPAC-2020-007 with same film title|cipac_2020_results.json|2026-07-29|JDP,resolucion-cipac-no-2020-057_validacion-de-inversion-grupo-cometa-s-a-papa-liborio.pdf
1114,CIPAC-2020-058,2020,,,561,286,art_34,approved,"CASA RODRÍGUEZ, S.A.S.",1-01-00106-2,"BU-K-PIE PRODUCCIONES, S.R.L.",1-01-87599-2,,VUELO DE LUCIÉRNAGAS,2020-01-30,2020-02-20,10000000.0,10000000.0,100.0,60108906.0,10000000.0,0.9,0,,1,request_date|set_manual|null|2020-01-30|Stamp covers word Solicitud in request date line|Resolution PDF VISTOS section|2026-07-29|JDP,resolucion-cipac-no-2020-058_validacion-de-inversion-casa-rodriguez-s-a-s-vuelo-de-luciernagas.pdf
1115,CIPAC-2020-059,2020,,,319,217,art_34,approved,"INVERSIONES PLEDMON, S.A.S.",1-30-24208-9,"INVERSIONES BASSE TERRE, S.R.L.",1-31-61956-8,,REINADO DE BELLEZA,2020-01-30,2020-02-20,5000000.0,5000000.0,100.0,70704900.0,56543407.47,1.0,0,,0,,resolucion-cipac-no-2020-059_validacion-de-inversion-inversiones-pledmon-s-a-s-reinado-de-belleza.pdf
1116,CIPAC-2020-060,2020,,,567,303,art_34,approved,"GRUPO COMETA, S.A.S.",1-01-01943-3,"WOODEN BOAT PRODUCTIONS, S.R.L.",1-31-90670-2,,LA SEGUNDA HIJA,2020-01-30,2020-02-20,5000000.0,5000000.0,100.0,61903425.0,8993493.0,0.8,0,,1,total_budget_executed|set_manual|null|8993493.0|Propagated from sibling resolution CIPAC-2020-190 with same film title|cipac_2020_results.json|2026-07-29|JDP;;total_budget_approved|set_manual|null|61903425.00|Stamp covers budget approval paragraph|Resolution PDF budget section|2026-07-29|JDP,resolucion-cipac-no-2020-060_validacion-de-inversion-grupo-cometa-s-a-s-la-segunda-hija.pdf
1117,CIPAC-2020-061,2020,,,567,303,art_34,approved,"MAGNA, S.R.L.",1-01-07254-7,"WOODEN BOAT PRODUCTIONS, S.R.L.",1-31-90670-2,,LA SEGUNDA HIJA,2020-01-30,2020-02-20,3993493.0,3993493.0,100.0,61903425.0,8993493.0,0.9,0,,1,total_budget_executed|set_manual|null|8993493.0|Propagated from sibling resolution CIPAC-2020-060 with same film title|cipac_2020_results.json|2026-07-29|JDP,resolucion-cipac-no-2020-061_validacion-de-inversion-magna-s-r-l-la-segunda-hija.pdf
1118,CIPAC-2020-062,2020,,,510,327,art_34,approved,"BANCO POPULAR DOMINICANO, S. A. BANCO MÚLTIPLE",1-01-01063-2,"VALFRANK, S.R.L.",1-30-90915-6,,ME GUSTA LA TUYA,2019-01-27,2020-02-20,60000000.0,60000000.0,100.0,61978905.25,60000000.0,0.9,0,,1,total_budget_executed|set_manual|null|60000000.00|Stamp covers budget executed paragraph|Resolution PDF budget section|2026-07-29|JDP,resolucion-cipac-no-2020-062_validacion-de-inversion-banco-popular-dominicano-s-a-banco-multiple-me-gusta-la-tuya.pdf
1119,CIPAC-2020-063,2020,,,560,349,art_34,approved,"DISASHOP DOMINICANA, S.R.L.",1-30-17301-1,"CIELO FILMS, S.R.L.",1-31-09573-9,,LOS GULOYAS,2020-01-28,2020-02-20,2997600.0,2997600.0,100.0,25451132.0,2997600.0,1.0,0,,0,,resolucion-cipac-no-2020-063_validacion-de-inversion-disashop-dominicana-s-r-l-los-guloyas.pdf
1120,CIPAC-2020-064,2020,,,484,262,art_34,approved,"CERVECERÍA NACIONAL DOMINICANA, S.A.",1-01-00372-3,"FRONTERA FILMS, S.R.L.",1-31-75564-1,,SIN PALABRAS,2020-01-30,2020-02-20,24999997.0,24999997.0,100.0,63428501.09,46769997.46,0.9,0,,1,total_budget_executed|set_manual|null|46769997.46|Propagated from sibling resolution CIPAC-2020-036 with same film title|cipac_2020_results.json|2026-07-29|JDP,resolucion-cipac-no-2020-064_validacion-de-inversion-cerveceria-nacional-dominicana-s-a-sin-palabras.pdf
1121,CIPAC-2020-065,2020,,,370,198,art_34,approved,"CENTRO AVANZADO DE RADIOTERAPIA SAVIA CARE, S.R.L.",1-30-92079-6,"ECAH FILM, S.R.L.",1-31-14052-1,,FLOW,2019-01-26,2020-02-20,1500000.0,1500000.0,100.0,63872212.0,43531815.23,0.9,0,,1,total_budget_executed|set_manual|null|43531815.23.00|Stamp covers budget executed paragraph|Resolution PDF budget section|2026-07-29|JDP,resolucion-cipac-no-2020-065_validacion-de-inversion-centro-avanzado-de-rafioterapia-savia-care-s-r-l-flow.pdf
1122,CIPAC-2020-066,2020,,,370,198,art_34,approved,"CENTRO DE RADIOTERAPIA IORC, S.R.L.",1-31-23758-4,"ECAH FILM, S.R.L.",1-31-14052-1,,FLOW,2019-01-26,2020-02-20,1050000.0,1050000.0,100.0,63872212.0,43531815.23,0.9,0,,1,total_budget_executed|set_manual|null|43531815.23.00|Stamp covers budget executed paragraph|Resolution PDF budget section|2026-07-29|JDP,resolucion-cipac-no-2020-066_validacion-de-inversion-centro-de-radioterapia-iorc-s-r-l-flow.pdf
1123,CIPAC-2020-067,2020,,,435,254,art_34,approved,"CERVECERÍA NACIONAL DOMINICANA, S.A.",1-01-00372-3,"BOMBEROS FILMS, S.R.L.",1-31-61836-7,,EL SÚPER CUARTEL DE BOMBEROS,2020-01-30,2020-02-20,8101485.3,8101485.3,100.0,73488566.7,73488566.7,0.9,0,,1,total_budget_executed|set_manual|null|73488566.70|Stamp covers budget executed paragraph|Resolution PDF budget section|2026-07-29|JDP,resolucion-cipac-no-2020-067_validacion-de-inversion-cerveceria-nacional-dominicana-s-a-el-super-cuartel-de-bomberos.pdf
1124,CIPAC-2020-068,2020,,,493,309,art_34,approved,"BANCO POPULAR DOMINICANO, S. A. BANCO MÚLTIPLE",1-01-01063-2,"PRODUCCIONES GUAYACANES 001, S.R.L.",1-31-92337-2,,EN EL PAÍS DE LAS ÚLTIMAS COSAS,2020-01-27,2020-02-20,84455530.0,84455530.0,100.0,84464868.0,84606893.0,1.0,0,,0,,resolucion-cipac-no-2020-068_validacion-de-inversion-banco-popular-dominicano-s-a-banco-multiple-en-el-pais-de-las-ultimas-cosas.pdf
1125,CIPAC-2020-069,2020,,,412,252,art_34,approved,"CERVECERÍA NACIONAL DOMINICANA, S.A.",1-01-00372-3,"TRES TRES NUEVE FILMES, S.R.L.",1-31-31731-6,,SUENA LA CALLE,2020-02-03,2020-02-20,30421270.0,30421270.0,100.0,34478728.0,34478728.0,0.8,0,,1,total_budget_approved|set_manual|null|34478728.00|Stamp covers budget approval paragraph|Resolution PDF budget section|2026-07-29|JDP;;total_budget_executed|set_manual|null|34478728.00|Stamp covers budget executed paragraph|Resolution PDF budget section|2026-07-29|JDP,resolucion-cipac-no-2020-069_validacion-de-inversion-cerveceria-nacional-dominicana-s-a-suena-la-calle.pdf
1126,CIPAC-2020-070,2020,,,540,333,art_34,approved,"CONSTRUCTORA RIZEK & ASOCIADOS, S.R.L.",1-01-57804-1,"STONE PRODUCTIONS, S.R.L.",1-31-90601-1,,MEDICINA PARA EL CORAZÓN,2020-01-30,2020-02-20,3000000.0,3000000.0,100.0,69986914.0,68057846.0,1.0,0,,0,,resolucion-cipac-no-2020-070_validacion-de-inversion-constructora-rizek-_-asosiados-s-r-l-medicina-para-el-corazon.pdf
1127,CIPAC-2020-071,2020,,,540,333,art_34,approved,"TERMO ENVASES, S.A.",1-01-57338-4,"STONE PRODUCTIONS, S.R.L.",1-31-90601-1,,MEDICINA PARA EL CORAZÓN,2020-01-30,2020-02-20,10000000.0,10000000.0,100.0,69986914.0,68057846.0,0.9,0,,1,total_budget_executed|set_manual|null|68057846.0|Propagated from sibling resolution CIPAC-2020-070 with same film title|cipac_2020_results.json|2026-07-29|JDP,resolucion-cipac-no-2020-071_validacion-de-inversion-termo-envases-s-a-medicina-para-el-corazon.pdf
1128,CIPAC-2020-072,2020,,,540,333,art_34,approved,"MAGNA, S.R.L.",1-01-07254-7,"STONE PRODUCTIONS, S.R.L.",1-31-90601-1,,MEDICINA PARA EL CORAZÓN,2020-01-30,2020-02-20,10000000.0,10000000.0,100.0,69986914.0,68057846.0,0.9,0,,1,total_budget_executed|set_manual|null|68057846.0|Propagated from sibling resolution CIPAC-2020-070 with same film title|cipac_2020_results.json|2026-07-29|JDP,resolucion-cipac-no-2020-072_validacion-de-inversion-magna-s-r-l-medicina-para-el-corazon.pdf
1129,CIPAC-2020-073,2020,,,540,333,art_34,approved,"BANCO POPULAR DOMINICANO, S. A. BANCO MÚLTIPLE",1-01-01063-2,"STONE PRODUCTIONS, S.R.L.",1-31-90601-1,,MEDICINA PARA EL CORAZÓN,2020-01-30,2020-02-20,40000000.0,40000000.0,100.0,69986914.0,68057846.0,1.0,0,,0,,resolucion-cipac-no-2020-073_validacion-de-inversion-banco-popular-dominicano-s-a-banco-multiple-medicina-para-el-corazon.pdf
1130,CIPAC-2020-074,2020,,,540,333,art_34,approved,"PROMOTORA PRADERA VERDE, S.R.L.",1-01-84677-1,"STONE PRODUCTIONS, S.R.L.",1-31-90601-1,,MEDICINA PARA EL CORAZÓN,2020-01-30,2020-02-20,5000000.0,5000000.0,100.0,69986914.0,68057846.0,0.9,0,,1,total_budget_executed|set_manual|null|68057846.0|Propagated from sibling resolution CIPAC-2020-070 with same film title|cipac_2020_results.json|2026-07-29|JDP,resolucion-cipac-no-2020-074_validacion-de-inversion-promotora-pradera-verde-s-r-l-medicina-para-el-corazon.pdf
1131,CIPAC-2020-075,2020,,,514,317,art_34,approved,"AEROPUERTO INTERNACIONAL DEL CIBAO, S.A.",1-02-61324-9,"POB FILMS, S.R.L.",1-31-15524-3,,YAQUE 296,2020-01-27,2020-02-20,3000000.0,3000000.0,100.0,34837583.0,16950000.0,0.9,0,,1,total_budget_executed|set_manual|null|16950000.0|Propagated from sibling resolution CIPAC-2020-080 with same film title|cipac_2020_results.json|2026-07-29|JDP,resolucion-cipac-no-2020-075_validacion-de-inversion-aeropuerto-internacional-del-cibao-s-a-yaque-296.pdf
1132,CIPAC-2020-076,2020,,,514,317,art_34,approved,"DIVERSIFICACIÓN COMERCIAL, S.R.L.",1-02-00765-9,"POB FILMS, S.R.L.",1-31-15524-3,,YAQUE 296,2020-01-27,2020-02-20,1000000.0,1000000.0,100.0,34837583.0,16950000.0,0.9,0,,1,total_budget_executed|set_manual|null|16950000.0|Propagated from sibling resolution CIPAC-2020-080 with same film title|cipac_2020_results.json|2026-07-29|JDP,resolucion-cipac-no-2020-076_validacion-de-inversion-diversificacion-comercial-s-r-l-yaque-296.pdf
1133,CIPAC-2020-077,2020,,,514,317,art_34,approved,"BANCO POPULAR DOMINICANO, S. A. BANCO MÚLTIPLE",1-01-01063-2,"POB FILMS, S.R.L.",1-31-15524-3,,YAQUE 296,2020-01-27,2020-02-20,10000000.0,10000000.0,100.0,34837583.0,16950000.0,0.9,0,,1,total_budget_executed|set_manual|null|16950000.0|Propagated from sibling resolution CIPAC-2020-075 with same film title|cipac_2020_results.json|2026-07-29|JDP,resolucion-cipac-no-2020-077_validacion-de-inversion-banco-popular-dominicano-s-a-banco-multiple-yaque-296.pdf
1134,CIPAC-2020-078,2020,,,514,317,art_34,approved,"ALTRON TRADING COMPANY, S.R.L.",1-30-14714-2,"POB FILMS, S.R.L.",1-31-15524-3,,YAQUE 296,2020-01-27,2020-02-20,750000.0,750000.0,100.0,34837583.0,16950000.0,0.9,0,,1,total_budget_executed|set_manual|null|16950000.0|Propagated from sibling resolution CIPAC-2020-080 with same film title|cipac_2020_results.json|2026-07-29|JDP,resolucion-cipac-no-2020-078_validacion-de-inversion-altron-tranding-company-s-r-l-yaque-296.pdf
1135,CIPAC-2020-079,2020,,,514,317,art_34,approved,"ECO PETRÓLEO DOMINICANA, S.A.",1-30-71483-5,"POB FILMS, S.R.L.",1-31-15524-3,,YAQUE 296,2020-01-27,2020-02-20,700000.0,700000.0,100.0,34837583.0,16950000.0,0.9,0,,1,total_budget_executed|set_manual|null|16950000.0|Propagated from sibling resolution CIPAC-2020-075 with same film title|cipac_2020_results.json|2026-07-29|JDP,resolucion-cipac-no-2020-079_validacion-de-inversion-eco-petroleo-dominicana-s-a-ecopetrodom-yaque-296.pdf
1136,CIPAC-2020-080,2020,,,514,317,art_34,approved,"GRUPO COMETA, S.A.S.",1-01-01943-3,"POB FILMS, S.R.L.",1-31-15524-3,,YAQUE 296,2020-01-27,2020-02-20,1500000.0,1500000.0,100.0,34837583.0,16950000.0,1.0,0,,0,,resolucion-cipac-no-2020-080_validacion-de-inversion-grupo-cometa-s-a-s-yaque-296.pdf
1137,CIPAC-2020-081,2020,,,555,343,art_34,approved,"COBINCA, S.A.",1-01-19447-2,"FAULA FILMS, S.R.L.",1-30-89356-1,,HISTORIA DE SANTO DOMINGO,2020-01-27,2020-02-20,7940000.0,7940000.0,100.0,33458046.0,33229018.0,1.0,0,,0,,resolucion-cipac-no-2020-081_validacion-de-inversion-cobinca-s-a-historias-de-santo-domingo.pdf
1138,CIPAC-2020-082,2020,,,555,343,art_34,approved,"DOMICEM, S.A.",1-01-81679-1,"FAULA FILMS, S.R.L.",1-30-89356-1,,HISTORIA DE SANTO DOMINGO,2020-01-27,2020-02-20,25000000.0,25000000.0,100.0,33458046.0,33229018.0,0.9,0,,1,total_budget_executed|set_manual|null|33229018.0|Propagated from sibling resolution CIPAC-2020-081 with same film title|cipac_2020_results.json|2026-07-29|JDP,resolucion-cipac-no-2020-082_validacion-de-inversion-domicem-s-a-historias-de-santo-domingo.pdf
1139,CIPAC-2020-083,2020,,,563,344,art_34,approved,"BANCO MÚLTIPLE BHD, S.A.",1-01-13679-2,"LA FICHA FILMS, S.R.L.",1-31-94206-7,,JOSEITO: EL REY DEL MERENGUE,2020-02-04,2020-03-05,5000000.0,5000000.0,100.0,48362570.61,5000000.0,0.9,0,,1,total_budget_executed|set_manual|null|5000000.00|Stamp covers budget executed paragraph|Resolution PDF budget section|2026-07-29|JDP,resolucion-cipac-no-2020-083_validacion-de-inversion-banco-multiple-bhd-leon-s-a-joseito-mateo-el-rey-del-merengue.pdf
1140,CIPAC-2020-084,2020,,,462,295,art_34,approved,"COSANCA, S.A.S.",1-01-02235-3,"ESTANDARF FILMS, S.R.L.",1-31-53936-1,,JEREMIAS 17:5,2020-02-04,2020-03-05,5000000.0,5000000.0,100.0,41907710.59,26349906.0,1.0,0,,0,,resolucion-cipac-no-2020-083_validacion-de-inversion-cosanca-s-a-s-jeremias-17-5.pdf
1141,CIPAC-2020-085,2020,,,462,295,art_34,approved,"FREDERIC SCHAD, S.A.S.",1-01-00456-8,"ESTANDARF FILMS, S.R.L.",1-31-53936-1,,JEREMIAS 17:5,2020-02-04,2020-03-05,4000000.0,4000000.0,100.0,41907710.59,26349906.0,1.0,0,,0,,resolucion-cipac-no-2020-085_validacion-de-inversion-frederic-schad-s-a-s-jeremias-17-5.pdf
1142,CIPAC-2020-086,2020,,,462,295,art_34,approved,"MAGNA MOTORS, S.A.",1-01-05557-1,"ESTANDARF FILMS, S.R.L.",1-31-53936-1,,JEREMIAS 17:5,2020-02-04,2020-03-05,5000000.0,5000000.0,100.0,41907710.59,26349906.0,0.9,0,,1,cpnd_number|set_manual|null|295|Stamp covers CPND number in document|Resolution PDF VISTOS section|2026-07-29|JDP,resolucion-cipac-no-2020-086_validacion-de-inversion-magna-motors-s-a-jeremias-17-5.pdf
1143,CIPAC-2020-087,2020,,,462,295,art_34,approved,"ACROMAX DOMINICANA, S.A.",1-01-01783-1,"ESTANDARF FILMS, S.R.L.",1-31-53936-1,,JEREMIAS 17:5,2020-02-04,2020-03-05,6000000.0,6000000.0,100.0,41907710.59,26349906.0,0.9,0,,1,total_budget_executed|set_manual|null|26349906.0|Propagated from sibling resolution CIPAC-2020-084 with same film title|cipac_2020_results.json|2026-07-29|JDP,resolucion-cipac-no-2020-087_validacion-de-inversion-acromax-dominicana-s-a-jeremias-17-5.pdf
1144,CIPAC-2020-088,2020,,,462,295,art_34,approved,"OPERADORA DE SERVICIOS ALIMENTICIOS LM, S.R.L.",1-24-00197-8,"ESTANDARF FILMS, S.R.L.",1-31-53936-1,,JEREMIAS 17:5,2020-02-04,2020-03-05,2849906.0,2849906.0,100.0,41907710.59,26349906.0,0.9,0,,1,total_budget_executed|set_manual|null|26349906.0|Propagated from sibling resolution CIPAC-2020-084 with same film title|cipac_2020_results.json|2026-07-29|JDP,resolucion-cipac-no-2020-088_validacion-de-inversion-operadora-de-servicios-alimenticios-lm-s-r-l-jeremias-17-5.pdf
1145,CIPAC-2020-089,2020,,,462,295,art_34,approved,"NORTONESKI DEVELOPMENT OFFICE, S.R.L.",1-30-26556-9,"ESTANDARF FILMS, S.R.L.",1-31-53936-1,,JEREMIAS 17:5,2020-02-04,2020-03-05,3500000.0,3500000.0,100.0,41907710.59,26349906.0,1.0,0,,0,,resolucion-cipac-no-2020-089_validacion-de-inversion-nortoneski-development-office-s-r-l-jeremias-17-5.pdf
1146,CIPAC-2020-090,2020,,,401,190,art_34,approved,"COMPANÍA DOMINICANA DE TELÉFONOS, S.A.",1-01-00157-7,"GUERRA TOONS, S.R.L.",1-31-38978-3,,CAPITÁN AVISPA,2020-02-11,2020-03-05,51555701.22,51555701.22,100.0,128835112.0,128595806.2,0.8,0,,1,total_budget_approved|set_manual|null|128835112.00|Stamp covers budget approval paragraph|Resolution PDF budget section|2026-07-29|JDP;;total_budget_executed|set_manual|null|128595806.20.00|Stamp covers budget executed paragraph|Resolution PDF budget section|2026-07-29|JDP,resolucion-cipac-no-2020-090_validacion-de-inversion-compania-dominicana-de-telefonos-s-a-capitan-avispa.pdf
1147,CIPAC-2020-091,2020,,,385,223,art_34,approved,"MAGNA, S.R.L.",1-01-07254-7,"PILÓN PRODUCTIONS, S.R.L.",1-30-99100-6,,MOTEL,2020-02-10,2020-03-05,3000000.0,3000000.0,100.0,17054162.47,16740000.0,1.0,0,,0,,resolucion-cipac-no-2020-091_validacion-de-inversion-magna-s-r-l-motel.pdf
1148,CIPAC-2020-092,2020,,,556,348,art_34,approved,"LABORATORIOS DE APLICACIONES MÉDICAS, S.A.",1-01-16846-3,"GAPO PRODUCTIONS, S.R.L.",1-32-00439-6,,THE CABIN (LA CABAÑA),2020-02-10,2020-03-05,10000000.0,10000000.0,100.0,67683024.0,47981078.0,0.9,0,,1,total_budget_executed|set_manual|null|47981078.0|Propagated from sibling resolution CIPAC-2020-093 with same film title|cipac_2020_results.json|2026-07-29|JDP,resolucion-cipac-no-2020-092_validacion-de-inversion-laboratorios-de-aplicaciones-medicas-s-a-the-cabin-la-cabana.pdf
1149,CIPAC-2020-093,2020,,,556,348,art_34,approved,"COBINCA, S.A.",1-01-19447-2,"GAPO PRODUCTIONS, S.R.L.",1-32-00439-6,,THE CABIN (LA CABAÑA),2020-02-10,2020-03-05,1000000.0,1000000.0,100.0,67683024.0,47981078.0,1.0,0,,0,,resolucion-cipac-no-2020-093_validacion-de-inversion-cobinca-s-a-the-cabin-la-cabana.pdf
1150,CIPAC-2020-094,2020,,,556,348,art_34,approved,"GERDAU METALDOM, S.A.",1-01-00484-3,"GAPO PRODUCTIONS, S.R.L.",1-32-00439-6,,THE CABIN (LA CABAÑA),2020-02-10,2020-03-05,5000000.0,5000000.0,100.0,67683024.0,47981078.0,1.0,0,,0,,resolucion-cipac-no-2020-094_valicacion-de-inversion-gerdau-metaldom-s-a-the-cabin-la-cabana.pdf
1151,CIPAC-2020-095,2020,,,556,348,art_34,approved,"FORMULARIOS COMERCIALES, S.A.",1-01-08405-7,"GAPO PRODUCTIONS, S.R.L.",1-32-00439-6,,THE CABIN (LA CABAÑA),2020-02-10,2020-03-05,1500000.0,1500000.0,100.0,67683024.0,47981078.0,1.0,0,,0,,resolucion-cipac-no-2020-095_validacion-de-inversion-formularios-comerciales-s-a-the-cabin-la-cabana.pdf
1152,CIPAC-2020-096,2020,,,556,348,art_34,approved,"LOS HIDALGOS, S.A.S.",1-01-05308-9,"GAPO PRODUCTIONS, S.R.L.",1-32-00439-6,,THE CABIN (LA CABAÑA),2020-02-10,2020-03-05,1000000.0,1000000.0,100.0,67683024.0,47981078.0,0.9,0,,1,total_budget_executed|set_manual|null|47981078.0|Propagated from sibling resolution CIPAC-2020-092 with same film title|cipac_2020_results.json|2026-07-29|JDP,resolucion-cipac-no-2020-096_validacion-de-inversion-los-hidalgos-s-a-s-the-cabin-la-cabana.pdf
1153,CIPAC-2020-097,2020,,,556,348,art_34,approved,"NORTONESKI DEVELOPMENT OFFICE, S.R.L.",1-30-26556-9,"GAPO PRODUCTIONS, S.R.L.",1-32-00439-6,,THE CABIN (LA CABAÑA),2020-02-10,2020-03-05,4500000.0,4500000.0,100.0,67683024.0,47981078.0,1.0,0,,0,,resolucion-cipac-no-2020-097_validacion-de-inversion-nortoneski-development-office-s-r-l-the-cabin-la-cabana.pdf
1154,CIPAC-2020-098,2020,,,556,348,art_34,approved,"MAGNA MOTORS, S.A.",1-01-05557-1,"GAPO PRODUCTIONS, S.R.L.",1-32-00439-6,,THE CABIN (LA CABAÑA),2020-02-10,2020-03-05,14904771.0,14904771.0,100.0,67683024.0,47981078.0,1.0,0,,0,,resolucion-cipac-no-2020-098_validacion-de-inversion-magna-motors-s-a-the-cabin-la-cabana.pdf
1155,CIPAC-2020-099,2020,,,556,348,art_34,approved,"PROPANO Y DERIVADOS, S.A.",1-01-03373-8,"GAPO PRODUCTIONS, S.R.L.",1-32-00439-6,,THE CABIN (LA CABAÑA),2020-02-10,2020-03-05,5000000.0,5000000.0,100.0,67683024.0,47981078.0,1.0,0,,0,,resolucion-cipac-no-2020-099_validacion-de-inversion-propano-y-derivados-s-a-the-cabin-la-cabana.pdf
1156,CIPAC-2020-100,2020,,,556,348,art_34,approved,"TRANSBEL, S.R.L.",1-01-89378-8,"GAPO PRODUCTIONS, S.R.L.",1-32-00439-6,,THE CABIN (LA CABAÑA),2020-02-10,2020-03-05,5000000.0,5000000.0,100.0,67683024.0,47981078.0,1.0,0,,0,,resolucion-cipac-no-2020-100_validacion-de-inversion-transbel-s-r-l-the-cabin-la-cabana.pdf
1157,CIPAC-2020-101,2020,,,533,332,art_34,approved,"COPY SOLUTIONS INTERNATIONAL, S.A.",1-01-89885-2,"SOLUCIONES DRICARVAC, S.R.L.",1-31-98541-6,,MI LES PAUL,2020-01-30,2020-03-05,4762803.35,4762803.35,100.0,55736968.0,48500324.0,0.9,0,,1,resolution_date|set_manual|null|2020-03-05|OCR read dias de marzo instead of dias del mes de marzo|Resolution PDF opening paragraph|2026-07-29|JDP,resolucion-cipac-no-2020-101_validacion-de-inversion-copy-solutions-international-s-a-mi-les-paul.pdf
1158,CIPAC-2020-102,2020,,,533,332,art_34,approved,"FERTILIZANTES QUÍMICOS DOMINICANOS, S.A.",1-01-00990-1,"SOLUCIONES DRICARVAC, S.R.L.",1-31-98541-6,,MI LES PAUL,2020-01-30,2020-03-05,4992050.0,4992050.0,100.0,55736968.0,48500324.0,0.9,0,,1,resolution_date|set_manual|null|2020-03-05|OCR read dias de marzo instead of dias del mes de marzo|Resolution PDF opening paragraph|2026-07-29|JDP,resolucion-cipac-no-2020-102_validacion-de-inversion-fertilizantes-quimicos-dominicanos-s-a-mi-les-paul.pdf
1159,CIPAC-2020-103,2020,,,533,332,art_34,approved,"CERVECERÍA NACIONAL DOMINICANA, S.A.",1-01-00372-3,"SOLUCIONES DRICARVAC, S.R.L.",1-31-98541-6,,MI LES PAUL,2020-01-30,2020-03-05,9768573.62,9768573.62,100.0,55736968.0,48500324.0,0.9,0,,1,resolution_date|set_manual|null|2020-03-05|OCR read dias de marzo instead of dias del mes de marzo|Resolution PDF opening paragraph|2026-07-29|JDP,resolucion-cipac-no-2020-103_validacion-de-inversion-cerveceria-nacional-dominicana-s-a-mi-les-paul.pdf
1160,CIPAC-2020-104,2020,,,533,332,art_34,approved,"GERDAU METALDOM, S.A.",1-01-00484-3,"SOLUCIONES DRICARVAC, S.R.L.",1-31-98541-6,,MI LES PAUL,2020-01-30,2020-03-05,5000000.0,5000000.0,100.0,55736968.0,48500324.0,1.0,0,,0,,resolucion-cipac-no-2020-104_validacion-de-inversion-gerdau-metaldom-s-a-mi-les-paul.pdf
1161,CIPAC-2020-105,2020,,,533,332,art_34,approved,"MAGNA MOTORS, S.A.",1-01-05557-1,"SOLUCIONES DRICARVAC, S.R.L.",1-31-98541-6,,MI LES PAUL,2020-01-30,2020-03-05,4946949.99,4946949.99,100.0,55736968.0,48500324.0,1.0,0,,0,,resolucion-cipac-no-2020-105_validacion-de-inversion-magna-motors-s-a-mi-les-paul.pdf
1162,CIPAC-2020-106,2020,,,533,332,art_34,approved,"MARÍTIMA DOMINICANA, S.A.S.",1-01-02960-9,"SOLUCIONES DRICARVAC, S.R.L.",1-31-98541-6,,MI LES PAUL,2020-01-30,2020-03-05,4970500.0,4970500.0,100.0,55736968.0,48500324.0,1.0,0,,0,,resolucion-cipac-no-2020-106_validacion-de-inversion-maritima-dominicana-s-a-s-mi-les-paul.pdf
1163,CIPAC-2020-107,2020,,,533,332,art_34,approved,"NORTONESKI DEVELOPMENT OFFICE, S.R.L.",1-30-26556-9,"SOLUCIONES DRICARVAC, S.R.L.",1-31-98541-6,,MI LES PAUL,2020-01-30,2020-03-05,3500000.0,3500000.0,100.0,55736968.0,48500324.0,1.0,0,,0,,resolucion-cipac-no-2020-107_validacion-de-inversion-nortoneski-develipment-office-s-r-l-mi-les-paul.pdf
1164,CIPAC-2020-108,2020,,,533,332,art_34,approved,"PUERTO PLATA DE ELECTRICIDAD, S.A.S.",1-01-54533-1,"SOLUCIONES DRICARVAC, S.R.L.",1-31-98541-6,,MI LES PAUL,2020-01-30,2020-03-05,1921616.66,1921616.66,100.0,55736968.0,48500324.0,1.0,0,,0,,resolucion-cipac-no-2020-108_validacion-de-inversion-puerto-plata-de-electricidad-s-a-s-mi-les-paul.pdf
1165,CIPAC-2020-109,2020,,,533,332,art_34,approved,"RAVI CARIBE, S.A.",1-30-28788-2,"SOLUCIONES DRICARVAC, S.R.L.",1-31-98541-6,,MI LES PAUL,2020-01-30,2020-03-05,3000000.0,3000000.0,100.0,55736968.0,48500324.0,1.0,0,,0,,resolucion-cipac-no-2020-109_validacion-de-inversion-ravi-caribe-s-a-mi-les-paul.pdf
1166,CIPAC-2020-110,2020,,,533,332,art_34,approved,"TERMO ENVASES, S.A.",1-01-57338-4,"SOLUCIONES DRICARVAC, S.R.L.",1-31-98541-6,,MI LES PAUL,2020-01-30,2020-03-05,4653193.4,4653193.4,100.0,55736968.0,48500324.0,1.0,0,,0,,resolucion-cipac-no-2020-110_validacion-de-inversion-termo-envases-s-a-mi-les-paul.pdf
1167,CIPAC-2020-111,2020,,,506,275,art_34,approved,"CERVECERÍA NACIONAL DOMINICANA, S.A.",1-01-00372-3,"DUKESA FILMS, S.R.L.",1-31-79141-7,,CARLOTA LA MÁS BARRIAL,2020-02-10,2020-03-05,20000000.0,20000000.0,100.0,62291006.33,37500002.0,1.0,0,,0,,resolucion-cipac-no-2020-111_validacion-de-inversion-cerveceria-nacional-dominicana-s-a-carlota-la-mas-barrial.pdf
1168,CIPAC-2020-112,2020,,,506,275,art_34,approved,"CIELOS ACÚSTICOS, S.R.L.",1-01-75637-3,"DUKESA FILMS, S.R.L.",1-31-79141-7,,CARLOTA LA MÁS BARRIAL,2020-02-10,2020-03-05,3000000.0,3000000.0,100.0,62291006.33,37500002.0,1.0,0,,0,,resolucion-cipac-no-2020-112_validacion-de-inversion-cielos-acusticos-s-r-l-carlota-la-mas-barrial.pdf
1169,CIPAC-2020-113,2020,,,506,275,art_34,approved,"GRUPO COMETA, S.A.S.",1-01-01943-3,"DUKESA FILMS, S.R.L.",1-31-79141-7,,CARLOTA LA MÁS BARRIAL,2020-02-10,2020-03-05,2500000.0,2500000.0,100.0,62291006.33,37500002.0,1.0,0,,0,,resolucion-cipac-no-2020-113_validacion-de-inversion-grupo-cometa-s-a-s-carlota-la-mas-barrial.pdf
1170,CIPAC-2020-114,2020,,,506,275,art_34,approved,"LETERAGO, S.R.L.",1-01-01357-5,"DUKESA FILMS, S.R.L.",1-31-79141-7,,CARLOTA LA MÁS BARRIAL,2020-02-10,2020-03-05,4000000.0,4000000.0,100.0,62291006.33,37500002.0,0.9,0,,1,total_budget_executed|set_manual|null|37500002.0|Propagated from sibling resolution CIPAC-2020-111 with same film title|cipac_2020_results.json|2026-07-29|JDP,resolucion-cipac-no-2020-114_validacion-de-inversion-leterago-s-r-l-carlota-la-mas-barrial.pdf
1171,CIPAC-2020-115,2020,,,506,275,art_34,approved,"UNITED PETROLEUM GRUPO HAINA, S.R.L.",1-30-07102-2,"DUKESA FILMS, S.R.L.",1-31-79141-7,,CARLOTA LA MÁS BARRIAL,2020-02-10,2020-03-05,8000000.0,8000000.0,100.0,62291006.33,37500002.0,1.0,0,,0,,resolucion-cipac-no-2020-115_validacion-de-inversion-united-petroleum-grupo-haina-s-r-l-carlota-la-mas-barrial.pdf
1172,CIPAC-2020-116,2020,,,490,307,art_34,approved,"BANCO POPULAR DOMINICANO, S. A. BANCO MÚLTIPLE",1-01-01063-2,"BACANARAMA PRODUCCIONES, S.R.L.",1-31-46554-4,,SUNSHINE,2020-01-27,2020-03-05,30000000.0,30000000.0,100.0,69841215.0,62236998.0,1.0,0,,0,,resolucion-cipac-no-2020-116_validacion-de-inversion-banco-popular-dominicano-s-a-banco-multiple-sunshine.pdf
1173,CIPAC-2020-117,2020,,,490,307,art_34,approved,"ASOCIACIÓN CIBAO DE AHORRO Y PRÉSTAMOS, S.A.",4-02-00186-4,"BACANARAMA PRODUCCIONES, S.R.L.",1-31-46554-4,,SUNSHINE,2020-01-27,2020-03-05,2236998.0,2236998.0,100.0,69841215.0,62236998.0,1.0,0,,0,,resolucion-cipac-no-2020-117_validacion-de-inversion-asociacion-cibao-de-ahorros-y-prestamos-sushine.pdf
1174,CIPAC-2020-118,2020,,,490,307,art_34,approved,"BANCO MÚLTIPLE BHD, S.A.",1-01-13679-2,"BACANARAMA PRODUCCIONES, S.R.L.",1-31-46554-4,,SUNSHINE,2020-01-27,2020-03-05,7000000.0,7000000.0,100.0,69841215.0,62236998.0,0.9,0,,1,total_budget_executed|set_manual|null|62236998.0|Propagated from sibling resolution CIPAC-2020-116 with same film title|cipac_2020_results.json|2026-07-29|JDP,resolucion-cipac-no-2020-118_validacion-de-inversion-banco-multiple-bhd-leon-s-a-sushine.pdf
1175,CIPAC-2020-119,2020,,,490,307,art_34,approved,"ASOCIACIÓN POPULAR DE AHORROS Y PRÉSTAMOS (APAP), S.A.",4-01-00013-1,"BACANARAMA PRODUCCIONES, S.R.L.",1-31-46554-4,,SUNSHINE,2020-01-27,2020-03-05,10000000.0,10000000.0,100.0,69841215.0,62236998.0,1.0,0,,0,,resolucion-cipac-no-2020-119_validacion-de-inversion-asociacion-popular-de-ahorros-y-prestamos-sushine.pdf
1176,CIPAC-2020-120,2020,,,490,307,art_34,approved,"BANCO MÚLTIPLE BDI, S.A.",1-01-04029-7,"BACANARAMA PRODUCCIONES, S.R.L.",1-31-46554-4,,SUNSHINE,2020-01-27,2020-03-05,3000000.0,3000000.0,100.0,69841215.0,62236998.0,0.8,0,,1,total_budget_executed|set_manual|null|62236998.0|Propagated from sibling resolution CIPAC-2020-116 with same film title|cipac_2020_results.json|2026-07-29|JDP;;total_budget_approved|set_manual|null|69841215.0|Stamp covers budget approval paragraph|Resolution PDF budget section|2026-07-29|JDP,resolucion-cipac-no-2020-120_validacion-de-inversion-banco-multiple-bdi-s-a-sushine.pdf
1177,CIPAC-2020-121,2020,,,490,307,art_34,approved,"TOTALENERGIES MARKETING DOMINICANA, S.A.",1-01-06874-4,"BACANARAMA PRODUCCIONES, S.R.L.",1-31-46554-4,,SUNSHINE,2020-01-27,2020-03-05,9987667.77,9987667.77,100.0,69841215.0,62236998.0,1.0,0,,0,,resolucion-cipac-no-2020-121_validacion-de-inversion-v-energy-s-a-sushine.pdf
1178,CIPAC-2020-122,2020,,,559,352,art_34,approved,"ALTICE DOMINICANA, S.A.",1-01-61878-7,"ORUGA FILMS, S.R.L.",1-31-90179-4,,BLIND DATE (NO ES LO QUE PARECE),2020-02-05,2020-03-05,16472178.0,16472178.0,100.0,69993998.0,23451737.0,1.0,0,,0,,resolucion-cipac-no-2020-122_validacion-de-inversion-altice-dominicana-s-a-blind-date-no-es-lo-que-parece.pdf
1179,CIPAC-2020-123,2020,,,559,352,art_34,approved,"INDUVECA, S.A.",1-22-01122-6,"ORUGA FILMS, S.R.L.",1-31-90179-4,,BLIND DATE (NO ES LO QUE PARECE),2020-02-05,2020-03-05,6979559.0,6979559.0,100.0,69993998.0,23451737.0,1.0,0,,0,,resolucion-cipac-no-2020-123_validacion-de-inversion-induveca-s-a-blind-date-no-es-lo-que-parece.pdf
1180,CIPAC-2020-124,2020,,,522,331,art_34,approved,"DOMICEM, S.A.",1-01-81679-1,"PRODUCCIONES GUAYACANES 002, S.R.L.",1-31-93985-6,,PEREJIL,2020-02-03,2020-03-05,39885728.97,39885728.97,100.0,65250000.0,57999640.0,1.0,0,,0,,resolucion-cipac-no-2020-124_validacion-de-inversion-domicen-s-a-perejil.pdf
1181,CIPAC-2020-125,2020,,,522,331,art_34,approved,"GCS SYSTEMS, LTD",1-30-57703-1,"PRODUCCIONES GUAYACANES 002, S.R.L.",1-31-93985-6,,PEREJIL,2020-02-03,2020-03-05,2499640.0,2499640.0,100.0,65250000.0,57999640.0,0.9,0,,1,total_budget_executed|set_manual|null|57999640.0|Propagated from sibling resolution CIPAC-2020-124 with same film title|cipac_2020_results.json|2026-07-29|JDP,resolucion-cipac-no-2020-125_validacion-de-inversion-gcs-systems-ltd-perejil.pdf
1182,CIPAC-2020-126,2020,,,522,331,art_34,approved,"EPECO, S.A.S.",1-30-90831-1,"PRODUCCIONES GUAYACANES 002, S.R.L.",1-31-93985-6,,PEREJIL,2020-02-03,2020-03-05,150000.0,150000.0,100.0,65250000.0,57999640.0,1.0,0,,0,,resolucion-cipac-no-2020-126_validacion-de-inversion-epeco-s-a-s-perejil.pdf
1183,CIPAC-2020-127,2020,,,522,331,art_34,approved,"BANCO MÚLTIPLE BHD, S.A.",1-01-13679-2,"PRODUCCIONES GUAYACANES 002, S.R.L.",1-31-93985-6,,PEREJIL,2020-02-03,2020-03-05,1000000.0,1000000.0,100.0,65250000.0,57999640.0,1.0,0,,0,,resolucion-cipac-no-2020-127_validacion-de-inversion-banco-multiple-bhd-leon-s-a-perejil.pdf
1184,CIPAC-2020-128,2020,,,522,331,art_34,approved,"A.V. BLANDINO & CIA, S.A.",1-01-00015-5,"PRODUCCIONES GUAYACANES 002, S.R.L.",1-31-93985-6,,PEREJIL,2020-02-03,2020-03-05,3000000.0,3000000.0,100.0,65250000.0,57999640.0,1.0,0,,0,,resolucion-cipac-no-2020-128_validacion-de-inversion-a-v-blandino-_-cia-s-a-perejil.pdf
1185,CIPAC-2020-129,2020,,,522,331,art_34,approved,"LEXGEO, S.R.L.",1-30-66546-1,"PRODUCCIONES GUAYACANES 002, S.R.L.",1-31-93985-6,,PEREJIL,2020-02-03,2020-03-05,1000000.0,1000000.0,100.0,65250000.0,57999640.0,1.0,0,,0,,resolucion-cipac-no-2020-129_validacion-de-inversion-lexegeo-s-r-l-perejil.pdf
1186,CIPAC-2020-130,2020,,,422,278,art_34,approved,"BANCO MÚLTIPLE ADEMI, S.A.",1-01-74527-4,"CATASTRÓPICO, S.R.L.",1-30-96403-3,,DE REGRESO AL ABISMO,2020-03-05,2020-03-05,6435560.0,6435560.0,100.0,35436517.01,13935560.0,1.0,0,,0,,resolucion-cipac-no-2020-130_validacion-de-inversion-banco-multiple-ademi-s-a-de-regreso-al-abismo.pdf
1187,CIPAC-2020-131,2020,,,422,278,art_34,approved,"SINERCON, S.A.",1-01-65694-8,"CATASTRÓPICO, S.R.L.",1-30-96403-3,,DE REGRESO AL ABISMO,2020-02-10,2020-03-05,7500000.0,7500000.0,100.0,35436517.01,13935560.0,0.8,0,,1,"production_company|set_manual|null|CATASTRÓPICO, S.R.L.|OCR label Productora Cinematografica not captured by parser|Resolution PDF header p.1|2026-07-28|JDP;;request_date|set_manual|null|2020-02-10|Stamp covers word Solicitud in request date line|Resolution PDF VISTOS section|2026-07-29|JDP",resolucion-cipac-no-2020-131_validacion-de-inversion-sinercon-s-a-de-regreso-al-abismo.pdf
1188,CIPAC-2020-132,2020,,,423,237,art_34,approved,"ASOCIACIÓN POPULAR DE AHORROS Y PRÉSTAMOS (APAP), S.A.",4-01-00013-1,"NATURALISTA MEDIA, S.R.L.",1-31-61053-6,,ISLA NATURALISTA,2020-01-31,2020-03-05,12308823.75,12308823.75,100.0,20020125.0,19808823.75,1.0,0,,0,,resolucion-cipac-no-2020-132_validacion-de-inversion-asociacion-popular-de-ahorros-y-prestamos-isla-naturalista.pdf
1189,CIPAC-2020-133,2020,,,527,235,art_34,approved,"AEROPUERTO INTERNACIONAL DEL CIBAO, S.A.",1-02-61324-9,"SELENE FILMS MANAGEMENTS, S.R.L.",1-31-50486-8,,EN LEGITIMA DEFENSA,2020-02-04,2020-03-05,15000000.0,15000000.0,100.0,62515726.0,47300000.0,1.0,0,,0,,resolucion-cipac-no-2020-133_validacion-de-inversion-aeropuerto-internacional-del-cibao-s-a-en-legitima-defensa.pdf
1190,CIPAC-2020-134,2020,,,527,235,art_34,approved,"CECOMSA, S.R.L.",1-02-31616-3,"SELENE FILMS MANAGEMENTS, S.R.L.",1-31-50486-8,,EN LEGITIMA DEFENSA,2020-02-04,2020-03-05,5000000.0,5000000.0,100.0,62515726.0,47300000.0,1.0,0,,0,,resolucion-cipac-no-2020-134_validacion-de-inversion-ceconsa-s-r-l-en-legitima-defensa.pdf
1191,CIPAC-2020-135,2020,,,527,235,art_34,approved,"COBB CARIBE, S.A.",1-09-02371-8,"SELENE FILMS MANAGEMENTS, S.R.L.",1-31-50486-8,,EN LEGITIMA DEFENSA,2020-02-04,2020-03-05,1299220.0,1299220.0,100.0,62515726.0,47300000.0,0.9,0,,1,total_budget_executed|set_manual|null|47300000.0|Propagated from sibling resolution CIPAC-2020-133 with same film title|cipac_2020_results.json|2026-07-29|JDP,resolucion-cipac-no-2020-135_validacion-de-inversion-cobb-caribe-s-a-en-legitima-defensa.pdf
1192,CIPAC-2020-136,2020,,,527,235,art_34,approved,"HOSPITAL METROPOLITANO DE SANTIAGO, S.A.",1-11-12794-7,"SELENE FILMS MANAGEMENTS, S.R.L.",1-31-50486-8,,EN LEGITIMA DEFENSA,2020-02-04,2020-03-05,8000000.0,8000000.0,100.0,62515726.0,47300000.0,1.0,0,,0,,resolucion-cipac-no-2020-136_validacion-de-inversion-hospital-metropolitano-de-santiago-s-a-en-legitima-defensa.pdf
1193,CIPAC-2020-137,2020,,,527,235,art_34,approved,"LA MONUMENTAL DE SEGUROS, S.A.",1-02-30854-3,"SELENE FILMS MANAGEMENTS, S.R.L.",1-31-50486-8,,EN LEGITIMA DEFENSA,2020-02-04,2020-03-05,2000000.0,2000000.0,100.0,62515726.0,47300000.0,1.0,0,,0,,resolucion-cipac-no-2020-137_validacion-de-inversion-la-monumental-de-seguros-s-a-en-legitima-defensa.pdf
1194,CIPAC-2020-138,2020,,,527,235,art_34,approved,"ASOCIACIÓN CIBAO DE AHORRO Y PRÉSTAMOS, S.A.",4-02-00186-4,"SELENE FILMS MANAGEMENTS, S.R.L.",1-31-50486-8,,EN LEGITIMA DEFENSA,2020-02-04,2020-03-05,5000000.0,5000000.0,100.0,62515726.0,47300000.0,1.0,0,,0,,resolucion-cipac-no-2020-138_validacion-de-inversion-asociacion-cibao-de-ahorros-y-prestamos-en-legitima-defensa.pdf
1195,CIPAC-2020-139,2020,,,527,235,art_34,approved,"BANCO MÚLTIPLE BHD, S.A.",1-01-13679-2,"SELENE FILMS MANAGEMENTS, S.R.L.",1-31-50486-8,,EN LEGITIMA DEFENSA,2020-02-04,2020-03-05,8000000.0,8000000.0,100.0,62515726.0,47300000.0,0.9,0,,1,total_budget_executed|set_manual|null|47300000.0|Propagated from sibling resolution CIPAC-2020-133 with same film title|cipac_2020_results.json|2026-07-29|JDP,resolucion-cipac-no-2020-139_validacion-de-inversion-banco-multiple-bhd-leon-s-a-en-legitima-defensa.pdf
1196,CIPAC-2020-140,2020,,,527,235,art_34,approved,"INDUVECA, S.A.",1-22-01122-6,"SELENE FILMS MANAGEMENTS, S.R.L.",1-31-50486-8,,EN LEGITIMA DEFENSA,2020-02-04,2020-03-05,3000000.0,3000000.0,100.0,62515726.0,47300000.0,0.9,0,,1,total_budget_executed|set_manual|null|47300000.0|Propagated from sibling resolution CIPAC-2020-133 with same film title|cipac_2020_results.json|2026-07-29|JDP,resolucion-cipac-no-2020-140_validacion-de-inversion-induveca-s-a-en-legitima-defensa.pdf
1197,CIPAC-2020-141,2020,,,508,301,art_34,approved,"PRODUCTIVA, S.R.L.",1-30-44821-3,"INFRAMUNDO FILMS, S.R.L.",1-31-62543-6,,INFRAMUNDO,2020-02-04,2020-03-05,3000000.0,3000000.0,100.0,35436517.01,13935560.0,0.9,0,,1,total_budget_executed|set_manual|null|13935560.0|Propagated from sibling resolution CIPAC-2020-143 with same film title|cipac_2020_results.json|2026-07-29|JDP,resolucion-cipac-no-2020-141_validacion-de-inversion-productiva-s-r-l-inframundo.pdf
1198,CIPAC-2020-142,2020,,,508,301,art_34,approved,"AIR CENTURY, S.A.",1-01-58534-1,"INFRAMUNDO FILMS, S.R.L.",1-31-62543-6,,INFRAMUNDO,2020-02-04,2020-03-05,1000000.0,1000000.0,100.0,35436517.01,13935560.0,0.9,0,,1,total_budget_executed|set_manual|null|13935560.0|Propagated from sibling resolution CIPAC-2020-141 with same film title|cipac_2020_results.json|2026-07-29|JDP,resolucion-cipac-no-2020-142_validacion-de-inversion-air-century-s-a-inframundo.pdf
1199,CIPAC-2020-143,2020,,,508,301,art_34,approved,"BANCO MÚLTIPLE LÓPEZ DE HARO, S.A.",1-01-14588-9,"INFRAMUNDO FILMS, S.R.L.",1-31-62543-6,,INFRAMUNDO,2020-02-04,2020-03-05,2000000.0,2000000.0,100.0,35436517.01,13935560.0,1.0,0,,0,,resolucion-cipac-no-2020-143_validacion-de-inversion-banco-multiple-lopez-de-haro-s-a-inframundo.pdf
1200,CIPAC-2020-144,2020,,,508,301,art_34,approved,"KLINETEC DOMINICANA, S.R.L.",1-01-75505-9,"INFRAMUNDO FILMS, S.R.L.",1-31-62543-6,,INFRAMUNDO,2020-02-04,2020-03-05,463159.0,463159.0,100.0,35436517.01,13935560.0,1.0,0,,0,,resolucion-cipac-no-2020-144_validacion-de-inversion-klinetc-dominicana-s-r-l-inframundo.pdf
1201,CIPAC-2020-145,2020,,,508,301,art_34,approved,"CERVECERÍA NACIONAL DOMINICANA, S.A.",1-01-00372-3,"INFRAMUNDO FILMS, S.R.L.",1-31-62543-6,,INFRAMUNDO,2020-02-04,2020-03-05,25000000.0,25000000.0,100.0,35436517.01,13935560.0,0.9,0,,1,total_budget_executed|set_manual|null|13935560.0|Propagated from sibling resolution CIPAC-2020-141 with same film title|cipac_2020_results.json|2026-07-29|JDP,resolucion-cipac-no-2020-145_validacion-de-inversion-cerveceria-nacional-dominicana-s-a-inframundo.pdf
1202,CIPAC-2020-146,2020,,,508,301,art_34,approved,"AEROPUERTO INTERNACIONAL DEL CIBAO, S.A.",1-02-61324-9,"INFRAMUNDO FILMS, S.R.L.",1-31-62543-6,,INFRAMUNDO,2020-02-04,2020-03-05,3132694.5,3132694.5,100.0,35436517.01,13935560.0,0.8,0,,1,total_budget_executed|set_manual|null|13935560.0|Propagated from sibling resolution CIPAC-2020-141 with same film title|cipac_2020_results.json|2026-07-29|JDP;;total_budget_approved|set_manual|null|35436517.01|Stamp covers budget approval paragraph|Resolution PDF budget section|2026-07-29|JDP,resolucion-cipac-no-2020-146_validacion-de-inversion-aeropuerto-internacional-del-cibao-s-a-inframundo.pdf
1203,CIPAC-2020-147,2020,,,546,330,art_34,approved,"COMPANÍA DOMINICANA DE TELÉFONOS, S.A.",1-01-00157-7,"LOKAL 3 PRODUCTIONS, S.R.L.",1-31-63840-6,,AMALGAMA,2020-02-03,2020-03-13,49551723.0,49551723.0,100.0,129126515.76,49557825.0,0.5,0,,0,"pur_number|set_manual|null|546|First page missing from scanned document|Resolution PDF header|2026-07-29|JDP;;investor_rnc|set_manual|null|1-01-00157-7|First page missing from scanned document|Resolution PDF header|2026-07-29|JDP;;production_company|set_manual|null|LOKAL 3 PRODUCTIONS, S.R.L.|First page missing from scanned document|Resolution PDF header|2026-07-29|JDP;;total_budget_approved|set_manual|null|129126515.76|First page missing from scanned document|Resolution PDF budget section|2026-07-29|JDP;;total_budget_executed|set_manual|null|49557825.00|First page missing from scanned document|Resolution PDF budget section|2026-07-29|JDP",resolucion-cipac-no-2020-147_validacion-de-inversion-compania-dominicana-de-telefonos-s-r-l-amalgama.pdf
1204,CIPAC-2020-148,2020,,,535,334,art_34,approved,"BANCO MÚLTIPLE BHD, S.A.",1-01-13679-2,"POINT 13 PRODUCTIONS, S.R.L.",1-31-63239-4,,PELOTA INVERNAL,2020-01-30,2020-03-13,5000000.0,5000000.0,100.0,93704969.0,45000000.0,1.0,0,,0,,resolucion-cipac-no-2020-148_validacion-de-inversion-banco-multiple-bhd-leon-s-a-pelota-invernal.pdf
1205,CIPAC-2020-149,2020,,,535,334,art_34,approved,"CÉSAR IGLESIAS, S.A.",1-01-01938-7,"POINT 13 PRODUCTIONS, S.R.L.",1-31-63239-4,,PELOTA INVERNAL,2020-01-30,2020-03-13,14987758.21,14987758.21,100.0,93704969.0,45000000.0,1.0,0,,0,,resolucion-cipac-no-2020-149_validacion-de-inversion-cesar-iglesias-s-a-pelota-invernal.pdf
1206,CIPAC-2020-150,2020,,,535,334,art_34,approved,"LA COLONIAL, S.A. - COMPANÍA DE SEGUROS",1-01-03122-2,"POINT 13 PRODUCTIONS, S.R.L.",1-31-63239-4,,PELOTA INVERNAL,2020-01-30,2020-03-13,4996053.65,4996053.65,100.0,93704969.0,45000000.0,0.9,0,,1,total_budget_executed|set_manual|null|45000000.0|Propagated from sibling resolution CIPAC-2020-148 with same film title|cipac_2020_results.json|2026-07-29|JDP,resolucion-cipac-no-2020-150_validacion-de-inversion-la-colonial-s-a-compania-de-seguros-pelota-invernal.pdf
1207,CIPAC-2020-151,2020,,,535,334,art_34,approved,"LOS ORÍGENES POWER PLANT, S.R.L.",1-30-72079-7,"POINT 13 PRODUCTIONS, S.R.L.",1-31-63239-4,,PELOTA INVERNAL,2020-01-30,2020-03-13,19874660.48,19874660.48,100.0,93704969.0,45000000.0,0.7,0,,1,total_budget_executed|set_manual|null|45000000.0|Propagated from sibling resolution CIPAC-2020-148 with same film title|cipac_2020_results.json|2026-07-29|JDP;;total_budget_approved|set_manual|null|93704969.0|Stamp covers budget approval paragraph|Resolution PDF budget section|2026-07-29|JDP;;producer_rnc|set_manual|null|1-31-63239-4|RNC incomplete|Resolution PDF header p.1|2026-07-29|JDP,resolucion-cipac-no-2020-151_validacion-de-inversion-los-origenes-power-plant-s-r-l-pelota-invernal.pdf
1208,CIPAC-2020-152,2020,,,516,324,art_34,approved,"CILINDROS NACIONALES, S.A.S.",1-01-01328-1,"RULIN FILMS, S.R.L.",1-31-72081-1,,EL UNICORNIO ROSADO,2020-02-10,2020-03-13,4999057.0,4999057.0,100.0,80172608.4,44999057.0,1.0,0,,0,,resolucion-cipac-no-2020-152_validacion-de-inversion-cilindros-nacionales-s-a-s-el-unicornio-rosado.pdf
1209,CIPAC-2020-153,2020,,,516,324,art_34,approved,"BANCO POPULAR DOMINICANO, S. A. BANCO MÚLTIPLE",1-01-01063-2,"RULIN FILMS, S.R.L.",1-31-72081-1,,EL UNICORNIO ROSADO,2020-02-10,2020-03-13,15000000.0,15000000.0,100.0,80172608.4,44999057.0,0.9,0,,1,total_budget_executed|set_manual|null|44999057.0|Propagated from sibling resolution CIPAC-2020-152 with same film title|cipac_2020_results.json|2026-07-29|JDP,resolucion-cipac-no-2020-153_validacion-de-inversion-banco-popular-dominicano-s-a-banco-multiple-el-unicornio-rosado.pdf
1210,CIPAC-2020-154,2020,,,516,324,art_34,approved,"CERVECERÍA NACIONAL DOMINICANA, S.A.",1-01-00372-3,"RULIN FILMS, S.R.L.",1-31-72081-1,,EL UNICORNIO ROSADO,2020-02-10,2020-03-13,25000000.0,25000000.0,100.0,80172608.4,44999057.0,1.0,0,,0,,resolucion-cipac-no-2020-154_validacion-de-inversion-cerveceria-nacional-dominicana-s-a-el-unicornio-rosado.pdf
1211,CIPAC-2020-155,2020,,,469,273,art_34,approved,"PLÁSTICOS MULTIFORM, S.A.S.",1-01-07061-7,"PELÍCULAS HECHAS A MANO, S.R.L.",1-31-29543-6,,JUEGO DE HOMBRE,2020-02-21,2020-03-13,4000000.0,4000000.0,100.0,69668024.96,65315000.0,1.0,0,,0,,resolucion-cipac-no-2020-155_validacion-de-inversion-plasticos-multiform-s-a-s-juego-de-hombres.pdf
1212,CIPAC-2020-156,2020,,,545,319,art_34,approved,"COMPANÍA DOMINICANA DE TELÉFONOS, S.A.",1-01-00157-7,"LOKAL PRODUCTIONS, S.R.L.",1-31-16226-6,,SHE ONLY COMES AT NIGHT,2020-02-14,2020-03-13,62000651.0,62000651.0,100.0,76035944.0,62039492.08,1.0,0,,0,,resolucion-cipac-no-2020-156_validacion-de-inversion-compania-dominicana-de-telefonos-s-a-she-comes-at-night.pdf
1213,CIPAC-2020-157,2020,,,564,357,art_34,approved,"EQUIFAX DOMINICANA, S.R.L.",1-01-19566-5,"TRIGONOLITO FILMS, S.R.L.",1-31-15272-4,,PLAN B REPÚBLICA DOMINICANA,2020-02-14,2020-03-13,5999686.05,5999686.05,100.0,11603140.39,5999686.05,0.9,0,,1,total_budget_executed|set_manual|null|5999686.05|Stamp covers budget executed paragraph|Resolution PDF budget section|2026-07-29|JDP,resolucion-cipac-no-2020-157_validacion-de-inversion-consultores-de-datos-del-caribe-s-r-l-plan-b-republica-dominicana.pdf
1214,CIPAC-2020-158,2020,,,565,358,art_34,approved,"ADMINISTRADORA DE RIESGOS DE SALUD DR. YUNEN, S.A.",1-01-87588-7,"JOYADISE, S.R.L.",1-31-56995-1,,EL PLAN,2020-02-10,2020-03-13,7792985.0,7792985.0,100.0,13867200.0,7792985.0,1.0,0,,0,,resolucion-cipac-no-2020-158_validacion-de-inversion-administradora-de-riesgos-de-salud-dr-yunen-s-a-el-plan.pdf
1215,CIPAC-2020-159,2020,,,430,201,art_34,approved,"COMPANÍA DOMINICANA DE SEGUROS, S.R.L.",1-01-00158-5,"GEM FILMS, S.R.L.",1-31-43346-4,,TOY AFICIAO,2020-02-10,2020-03-13,908188.98,908188.98,100.0,36030765.0,34285683.0,1.0,0,,0,,resolucion-cipac-no-2020-159_validacion-de-inversion-compania-dominicana-de-seguros-s-r-l-toy-aficiao.pdf
1216,CIPAC-2020-160,2020,,,430,201,art_34,approved,"UNITRADE, S.R.L.",1-01-56691-4,"GEM FILMS, S.R.L.",1-31-43346-4,,TOY AFICIAO,2020-02-10,2020-03-13,3989873.33,3989873.33,100.0,36030765.0,34285683.0,1.0,0,,0,,resolucion-cipac-no-2020-160_validacion-de-inversion-unitrade-s-r-l-toy-aficiao.pdf
1217,CIPAC-2020-161,2020,,,436,268,art_34,approved,"KELNET COMPUTER, S.R.L.",1-30-72141-6,"PILÓN PRODUCTIONS, S.R.L.",1-30-99100-6,,ATRAVESANDO EL JORDÁN,2019-12-12,2020-03-13,100000.0,100000.0,100.0,26073164.0,18914000.0,0.9,0,,1,total_budget_executed|set_manual|null|18914000.0|Propagated from sibling resolution CIPAC-2020-010 with same film title|cipac_2020_results.json|2026-07-29|JDP,resolucion-cipac-no-2020-161_validacion-de-inversion-kelnet-computer-s-r-l-atravesando-el-jordan.pdf
1218,CIPAC-2020-162,2020,,,436,268,art_34,approved,"BODY SHOP ATHLETIC CLUB, S.R.L.",1-01-63758-7,"PILÓN PRODUCTIONS, S.R.L.",1-30-99100-6,,ATRAVESANDO EL JORDÁN,2019-12-12,2020-03-13,5000000.0,5000000.0,100.0,26073164.0,24114000.0,1.0,0,,0,,resolucion-cipac-no-2020-162_validacion-de-inversion-body-athletic-club-s-r-l-atravesando-el-jordan.pdf
1219,CIPAC-2020-163,2020,,,436,268,art_34,approved,"KHALICCO INVESTMENTS, S.R.L.",1-31-04844-7,"PILÓN PRODUCTIONS, S.R.L.",1-30-99100-6,,ATRAVESANDO EL JORDÁN,2019-12-12,2020-03-13,100000.0,100000.0,100.0,26073164.0,24114000.0,1.0,0,,0,,resolucion-cipac-no-2020-163_validacion-de-inversion-khalicco-investments-s-r-l-atravesando-el-jordan.pdf
1220,CIPAC-2020-164,2020,,,430,201,art_34,approved,"UNITRADE, S.R.L.",1-01-56691-4,"GEM FILMS, S.R.L.",1-31-43346-4,,TOY AFICIAO,2020-02-10,2020-03-13,2000000.0,2000000.0,100.0,36030765.0,34285683.0,1.0,0,,0,,resolucion-cipac-no-2020-164_validacion-de-inversion-unitrade-s-r-l-toy-aficiao.pdf
1221,CIPAC-2020-166,2020,,,448,284,art_34,approved,"LUBRICANTES DOMINICANOS, S.R.L.",1-01-05451-4,"RAZANTE FILMS, S.R.L.",1-31-60589-3,,EL VENDEDOR DE ARTE,2020-04-29,2020-04-29,3800000.0,3800000.0,100.0,44108883.03,38430174.0,1.0,0,,0,,resolucion-cipac-no-2020-166_validacion-de-inversion-lubricantes-dominicanos-s-r-l-el-vendedor-de-arte.pdf
1222,CIPAC-2020-167,2020,,,448,284,art_34,approved,"SERVICIOS ÁLVAREZ DE ADMINISTRACIÓN TÉCNICA, S.R.L.",1-01-13714-2,"RAZANTE FILMS, S.R.L.",1-31-60589-3,,EL VENDEDOR DE ARTE,2020-03-05,2020-04-29,430000.0,430000.0,100.0,44108883.03,38430174.0,1.0,0,,0,,resolucion-cipac-no-2020-167_validacion-de-inversion-servicios-alvarez-de-administracion-tecnica-s-r-l-el-vendedor-de-arte.pdf
1223,CIPAC-2020-168,2020,,,448,284,art_34,approved,"RAFAEL ÁLVAREZ, S.R.L.",1-02-00040-9,"RAZANTE FILMS, S.R.L.",1-31-60589-3,,EL VENDEDOR DE ARTE,2020-03-05,2020-04-29,1731339.0,1731339.0,100.0,44108883.03,38430174.0,1.0,0,,0,,resolucion-cipac-no-2020-168_validacion-de-inversion-rafael-alvarez-s-r-l-el-vendedor-de-arte.pdf
1224,CIPAC-2020-169,2020,,,448,284,art_34,approved,"ENVASES MUNDIAL, S.R.L.",1-01-50276-2,"RAZANTE FILMS, S.R.L.",1-31-60589-3,,EL VENDEDOR DE ARTE,2020-03-05,2020-04-29,2465000.0,2465000.0,100.0,44108883.03,38430174.0,1.0,0,,0,,resolucion-cipac-no-2020-169_validacion-de-inversion-envases-mundial-s-r-l-el-vendedor-de-arte.pdf
1225,CIPAC-2020-170,2020,,,314,221,art_34,approved,"LUBRICANTES DOMINICANOS, S.R.L.",1-01-05451-4,"RAZANTE FILMS, S.R.L.",1-31-60589-3,,LA RASANTE,2020-03-05,2020-04-29,2950000.0,2950000.0,100.0,48912223.03,36549541.0,1.0,0,,0,,resolucion-cipac-no-2020-170_validacion-de-inversion-lubricantes-dominicanos-s-r-l-la-rasante.pdf
1226,CIPAC-2020-171,2020,,,534,239,art_34,approved,"CENTROS DEL CARIBE, S.A.S.",1-01-70451-9,"PRODUCCIONES ATL, S.R.L.",1-31-22321-4,,A TIRO LIMPIO,2020-02-20,2020-04-29,7000000.0,7000000.0,100.0,96563397.0,48000000.0,1.0,0,,0,,resolucion-cipac-no-2020-171_validacion-de-inversion-centros-del-caribe-s-a-s-a-tiro-limpio.pdf
1227,CIPAC-2020-172,2020,,,534,239,art_34,approved,"BANCO MÚLTIPLE BHD, S.A.",1-01-13679-2,"PRODUCCIONES ATL, S.R.L.",1-31-22321-4,,A TIRO LIMPIO,2020-02-20,2020-04-29,10000000.0,10000000.0,100.0,96563397.0,48000000.0,1.0,0,,0,,resolucion-cipac-no-2020-172_validacion-de-inversion-banco-multiple-bhd-leon-s-a-a-tiro-limpio.pdf
1228,CIPAC-2020-173,2020,,,534,239,art_34,approved,"BAVARO CINEMAS, S.R.L.",1-30-73667-7,"PRODUCCIONES ATL, S.R.L.",1-31-22321-4,,A TIRO LIMPIO,2020-02-20,2020-04-29,567863.12,567863.12,100.0,96563397.0,48000000.0,1.0,0,,0,,resolucion-cipac-no-2020-173_validacion-de-inversion-bavaro-cinemas-s-r-l-a-tiro-limpio.pdf
1229,CIPAC-2020-174,2020,,,534,239,art_34,approved,"AFP CRECER, S.A.",1-01-86085-5,"PRODUCCIONES ATL, S.R.L.",1-31-22321-4,,A TIRO LIMPIO,2020-02-20,2020-04-29,3000000.0,3000000.0,100.0,96563397.0,48000000.0,1.0,0,,0,,resolucion-cipac-no-2020-174_validacion-de-inversion-afp-crecer-s-a-a-tiro-limpio.pdf
1230,CIPAC-2020-175,2020,,,534,239,art_34,approved,"CINEMA CENTRO DE SANTIAGO, S.R.L.",1-01-55942-1,"PRODUCCIONES ATL, S.R.L.",1-31-22321-4,,A TIRO LIMPIO,2020-02-20,2020-04-29,2250000.0,2250000.0,100.0,96563397.0,48000000.0,1.0,0,,0,,resolucion-cipac-no-2020-175_validacion-de-inversion-cinema-centro-de-santiago-s-r-l-a-tiro-limpio.pdf
1231,CIPAC-2020-176,2020,,,534,239,art_34,approved,"PARALLAX VALORES PUESTO DE BOLSA, S.A.",1-01-56714-7,"PRODUCCIONES ATL, S.R.L.",1-31-22321-4,,A TIRO LIMPIO,2020-02-20,2020-04-29,5000000.0,5000000.0,100.0,96563397.0,48000000.0,1.0,0,,0,,resolucion-cipac-no-2020-176_validacion-de-inversion-parallax-valores-puesto-de-bolsa-s-a-parval-a-tiro-limpio.pdf
1232,CIPAC-2020-177,2020,,,534,239,art_34,approved,"SUED & FARGESA, S.R.L.",1-01-02772-1,"PRODUCCIONES ATL, S.R.L.",1-31-22321-4,,A TIRO LIMPIO,2020-02-20,2020-04-29,10000000.0,10000000.0,100.0,96563397.0,48000000.0,1.0,0,,0,,resolucion-cipac-no-2020-177_validacion-de-inversion-sued-_-fargesa-s-r-l-a-tiro-limpio.pdf
1233,CIPAC-2020-178,2020,,,534,239,art_34,approved,"CONSORCIO ENERGÉTICO PUNTA CANA MACAO, S.A.",1-01-58340-1,"PRODUCCIONES ATL, S.R.L.",1-31-22321-4,,A TIRO LIMPIO,2020-02-20,2020-04-29,10000000.0,10000000.0,100.0,96563397.0,48000000.0,1.0,0,,0,,resolucion-cipac-no-2020-178_validacion-de-inversion-consorcio-energetico-punta-cana-macao-s-a-cepm-a-tiro-limpio.pdf
1234,CIPAC-2020-179,2020,,,578,320,art_34,approved,"COSANCA, S.A.S.",1-01-02235-3,"MANAYA FILMS, S.R.L.",1-31-46226-1,,DANNY 45,2020-02-13,2020-04-29,2000000.0,2000000.0,100.0,69398343.91,12290000.0,1.0,0,,0,,resolucion-cipac-no-2020-179_validacion-de-inversion-cosanca-s-a-s-danny-45.pdf
1235,CIPAC-2020-180,2020,,,578,320,art_34,approved,"GRUPO COMETA, S.A.S.",1-01-01943-3,"MANAYA FILMS, S.R.L.",1-31-46226-1,,DANNY 45,2020-02-13,2020-04-29,5000000.0,5000000.0,100.0,69398343.91,12290000.0,1.0,0,,0,,resolucion-cipac-no-2020-180_validacion-de-inversion-grupo-cometa-s-a-s-danny-45.pdf
1236,CIPAC-2020-181,2020,,,578,320,art_34,approved,"EL GLOBO, S.R.L.",1-01-55646-3,"MANAYA FILMS, S.R.L.",1-31-46226-1,,DANNY 45,2020-02-13,2020-04-29,5290000.0,5290000.0,100.0,69398343.91,12290000.0,1.0,0,,0,,resolucion-cipac-no-2020-181_validacion-de-inversion-el-globo-s-r-l-danny-45.pdf
1237,CIPAC-2020-183,2020,,,560,349,art_34,approved,"ALMACENES IBERIA, S.R.L.",1-11-00047-5,"CIELO FILMS, S.R.L.",1-31-09573-9,,LOS GULOYAS,2020-05-20,2020-06-16,14991050.97,14991050.97,100.0,25451132.0,17988650.97,1.0,0,,0,,resolucion-cipac-no-2020-183_validacion-de-inversion-almacenes-iberia-s-r-l-los-guloyas.pdf
1238,CIPAC-2020-184,2020,,,440,146,art_34,approved,"TECNICARIBE DOMINICANA, S.A.",1-01-14898-5,"DESTINY'S FILMS PRODUCTIONS, S.R.L.",1-31-19291-2,,RAFAELA,2020-05-13,2020-06-16,990675.83,990675.83,100.0,28030828.88,27890675.83,1.0,0,,0,,resolucion-cipac-no-2020-184_validacion-de-inversion-tecnicaribe-dominicana-s-a-rafaela.pdf
1239,CIPAC-2020-186,2020,,,425,276,art_34,approved,"PLÁSTICOS MULTIFORM, S.A.S.",1-01-07061-7,"CINE CARMELITA, S.R.L.",1-31-04575-8,,VALS DE SANTO DOMINGO,2020-06-05,2020-07-15,500000.0,500000.0,100.0,5995797.0,2000000.0,1.0,0,,0,,resolucion-cipac-no-2020-186_validacion-de-inversion-plasticos-multiform-s-a-s-vals-de-santo-domingo.pdf
1240,CIPAC-2020-187,2020,,,569,355,art_34,approved,"DISTRIBUIDORA CHAVÓN, S.R.L.",1-12-10775-2,"VALFRANK, S.R.L.",1-30-90915-6,,SÚPER FAMILIA,2020-06-10,2020-07-15,1000000.0,1000000.0,100.0,67750678.69,6872287.0,0.9,0,,1,cpnd_number|set_manual|null|355|Stamp covers CPND number in document|Resolution PDF VISTOS section|2026-07-29|JDP,resolucion-cipac-no-2020-187_validacion-de-inversion-distribuidora-chavon-s-r-l-super-familia.pdf
1241,CIPAC-2020-188,2020,,,569,355,art_34,approved,"LABORATORIOS KEY, S.R.L.",1-01-00132-1,"VALFRANK, S.R.L.",1-30-90915-6,,SÚPER FAMILIA,2020-06-10,2020-07-15,3000000.0,3000000.0,100.0,67750678.69,6872287.0,1.0,0,,0,,resolucion-cipac-no-2020-188_validacion-de-inversion-laboratorios-key-s-r-l-super-familia.pdf
1242,CIPAC-2020-189,2020,,,569,355,art_34,approved,"SUNIX PETROLEUM, S.R.L.",1-30-19273-1,"VALFRANK, S.R.L.",1-30-90915-6,,SÚPER FAMILIA,2020-06-10,2020-07-15,2000000.0,2000000.0,100.0,67750678.69,6872287.0,0.9,0,,1,total_budget_executed|set_manual|null|6872287.0|Propagated from sibling resolution CIPAC-2020-187 with same film title|cipac_2020_results.json|2026-07-29|JDP,resolucion-cipac-no-2020-189_validacion-de-inversion-sunix-petroleum-s-r-l-super-familia.pdf
1243,CIPAC-2020-190,2020,,,567,303,art_34,approved,"AGENCIA BELLA, S.A.S.",1-01-00023-6,"WOODEN BOAT PRODUCTIONS, S.R.L.",1-31-90670-2,,LA SEGUNDA HIJA,2020-06-09,2020-07-15,1000000.0,1000000.0,100.0,63144610.0,26332347.0,1.0,0,,0,,resolucion-cipac-no-2020-190_validacion-de-inversion-agencia-bella-s-a-s-la-segunda-hija.pdf
1244,CIPAC-2020-191,2020,,,567,303,art_34,approved,"BANCO MÚLTIPLE LÓPEZ DE HARO, S.A.",1-01-14588-9,"WOODEN BOAT PRODUCTIONS, S.R.L.",1-31-90670-2,,LA SEGUNDA HIJA,2020-06-09,2020-07-15,3250000.0,3250000.0,100.0,63144610.0,26332347.0,1.0,0,,0,,resolucion-cipac-no-2020-191_validacion-de-inversion-banco-multiple-lopez-de-haro-s-a-la-segunda-hija.pdf
1245,CIPAC-2020-192,2020,,,567,303,art_34,approved,"CENTRO CUESTA NACIONAL, S.A.S.",1-01-01992-1,"WOODEN BOAT PRODUCTIONS, S.R.L.",1-31-90670-2,,LA SEGUNDA HIJA,2020-06-09,2020-07-15,8000000.0,8000000.0,100.0,63144610.0,26332347.0,1.0,0,,0,,resolucion-cipac-no-2020-192_validacion-de-inversion-centro-cuesta-nacional-s-a-s-la-segunda-hija.pdf
1246,CIPAC-2020-193,2020,,,567,303,art_34,approved,"E.T. HEINSEN, S.A.S.",1-05-00013-1,"WOODEN BOAT PRODUCTIONS, S.R.L.",1-31-90670-2,,LA SEGUNDA HIJA,2020-06-09,2020-07-15,1200000.0,1200000.0,100.0,63144610.0,26332347.0,1.0,0,,0,,resolucion-cipac-no-2020-193_validacion-de-inversion-e-t-heinsen-s-a-s-la-segunda-hija.pdf
1247,CIPAC-2020-194,2020,,,567,303,art_34,approved,"ONCOSERV SANTO DOMINGO, S.A.S.",1-30-72657-4,"WOODEN BOAT PRODUCTIONS, S.R.L.",1-31-90670-2,,LA SEGUNDA HIJA,2020-06-09,2020-07-15,2000000.0,2000000.0,100.0,63144610.0,26332347.0,1.0,0,,0,,resolucion-cipac-no-2020-194_validacion-de-inversion-oncoserv-santo-domingo-s-a-s-la-segunda-hija.pdf
1248,CIPAC-2020-195,2020,,,441,,art_39,approved,,,"EAST COAST PRODUCTION, S.R.L.",1-31-76735-4,,DOMINICANA'S GOT TALENT,2020-05-27,2020-07-15,86793418.89,21698354.72,25.0,103098124.0,107019981.0,1.0,0,,0,,resolucion-cipac-no-2020-195_validacion-de-inversion-east-coast-productions-s-r-l-dominicanas-got-talent.pdf
1249,CIPAC-2020-196,2020,,,529,336,art_34,approved,"CORPORACIÓN AEROPORTUARIA DEL ESTE, S.A.S.",1-01-09214-9,"MANGO VERDE FILMS, S.R.L.",1-31-42009-5,,LA OFERTA,2020-09-17,2020-09-17,11000000.0,11000000.0,100.0,12333114.03,11004041.0,1.0,0,,0,,resolucion-cipac-no-2020-196_validacion-de-inversion-corporacion-aeroportuaria-del-este-s-a-s-la-oferta.pdf
1250,CIPAC-2020-197,2020,,,599,356,art_34,approved,"AGENCIA BELLA, S.A.S.",1-01-00023-6,"PILÓN PRODUCTIONS, S.R.L.",1-30-99100-6,,1979,2020-07-20,2020-09-17,5000000.0,5000000.0,100.0,39534545.97,5000000.0,1.0,0,,0,,resolucion-cipac-no-2020-197_validacion-de-inversion-agencia-bella-s-a-s-1979.pdf
1251,CIPAC-2020-198,2020,,,599,356,art_34,approved,"LABORATORIOS FELTREX, S.A.",1-01-05037-3,"PILÓN PRODUCTIONS, S.R.L.",1-30-99100-6,,1979,2020-08-10,2020-09-17,1500000.0,1500000.0,100.0,39534545.97,14000000.0,1.0,0,,0,,resolucion-cipac-no-2020-198_validacion-de-inversion-laboratorios-feltrex-s-a-1979.pdf
1252,CIPAC-2020-199,2020,,,599,356,art_34,approved,"HIPERMERCADOS OLÉ, S.A.",1-01-53248-3,"PILÓN PRODUCTIONS, S.R.L.",1-30-99100-6,,1979,2020-08-10,2020-09-17,7500000.0,7500000.0,100.0,39534545.97,14000000.0,1.0,0,,0,,resolucion-cipac-no-2020-199_validacion-de-inversion-hipermercados-ole-s-a-1979.pdf
1253,CIPAC-2020-200,2020,,,465,,art_39,approved,,,"FILM 016, S.R.L.",1-31-89273-6,,CASA HOGAR,2020-06-26,2020-09-17,247179354.0,61794838.5,25.0,261110151.0,247690115.0,0.8,0,,1,validated_amount_dop|set_manual|null|247179354.00|OCR split PRIMERO paragraph across pages losing amount|Resolution PDF PRIMERO section|2026-07-29|JDP;;tax_credit_dop|set_manual|null|61794838.50|OCR split SEGUNDO paragraph across pages losing amount|Resolution PDF SEGUNDO section|2026-07-29|JDP,resolucion-cipac-no-2020-200_validacion-de-inversion-film-016-s-r-l-casa-hogar.pdf
1254,CIPAC-2020-202,2020,,,511,328,art_34,approved,"BANCO MÚLTIPLE BDI, S.A.",1-01-04029-7,"LARIMAR FILM HOUSE, S.R.L.",1-30-93429-2,,LA ESTRATEGIA DEL MERO,2020-09-07,2020-10-08,4000000.0,4000000.0,100.0,24646959.73,16495401.66,1.0,0,,0,,resolucion-cipac-no-2020-202_validacion-de-inversion-banco-multiple-bdi-s-a-la-extrategia-del-mero.pdf
1255,CIPAC-2020-203,2020,,,511,328,art_34,approved,"BANCO DE AHORRO Y CRÉDITO ADOPEM, S.A.",1-03-00310-9,"LARIMAR FILM HOUSE, S.R.L.",1-30-93429-2,,LA ESTRATEGIA DEL MERO,2020-09-07,2020-10-08,3590000.0,3590000.0,100.0,24646959.73,16495401.66,1.0,0,,0,,resolucion-cipac-no-2020-203_validacion-de-inversion-banco-de-ahorros-y-credito-adopem-s-a-la-extrategia-del-mero.pdf
1256,CIPAC-2020-204,2020,,,562,189,art_34,approved,"CORPORACIÓN AEROPORTUARIA DEL ESTE, S.A.S.",1-01-09214-9,"PERSEO FILMS, S.R.L.",1-30-87441-7,,LA OTRA LUCHA,2020-09-07,2020-10-08,66206792.26,66206792.26,100.0,69943782.78,66206792.26,1.0,0,,0,,resolucion-cipac-no-2020-204_validacion-de-inversion-corporacion-aeroportuaria-del-este-s-a-s-la-otra-lucha.pdf
1257,CIPAC-2020-205,2020,,,427,258,art_34,approved,"CERVECERÍA NACIONAL DOMINICANA, S.A.",1-01-00372-3,"REMEDIO FILMS, S.R.L.",1-31-12165-9,,PEDRO EL POETA,2020-10-13,2020-11-23,7996781.7,7996781.7,100.0,23871075.0,22986995.29,1.0,0,,0,,resolucion-cipac-no-2020-205_validacion-de-inversion-cerveceria-nacional-dominicana-s-a-pedro-el-poeta.pdf
1258,CIPAC-2020-206,2020,,,559,559,art_34,approved,"BANCO POPULAR DOMINICANO, S. A. BANCO MÚLTIPLE",1-01-01063-2,"ORUGA FILMS, S.R.L.",1-31-90179-4,,BLIND DATE (NO ES LO QUE PARECE),2020-10-19,2020-11-23,4517566.0,4517566.0,100.0,69993998.0,69969304.0,1.0,0,,0,,resolucion-cipac-no-2020-206_validacion-de-inversion-banco-popular-dominicano-s-a-banco-multiple-blind-date-no-es-lo-que-parece.pdf
1259,CIPAC-2020-207,2020,,,559,559,art_34,approved,"CERVECERÍA NACIONAL DOMINICANA, S.A.",1-01-00372-3,"ORUGA FILMS, S.R.L.",1-31-90179-4,,BLIND DATE (NO ES LO QUE PARECE),2020-10-19,2020-11-23,42000000.0,42000000.0,100.0,69993998.0,69969304.0,1.0,0,,0,,resolucion-cipac-no-2020-207_validacion-de-inversion-cerveceria-nacional-dominicana-s-a-blind-date-no-es-lo-que-parece.pdf
1260,CIPAC-2020-208,2020,,,495,305,art_34,approved,"BANCO BACC DE AHORRO Y CRÉDITO DEL CARIBE, S.A.",1-01-13879-3,"CARIBOO PRODUCTIONS, S.R.L.",1-31-90383-5,,MABOYA,2020-12-17,2020-12-18,5900000.0,5900000.0,100.0,47159368.34,38877620.0,1.0,0,,0,,resolucion-cipac-no-2020-208_validacion-de-inversion-banco-bacc-de-ahorro-y-credito-del-caribe-s-a-maboya.pdf
1261,CIPAC-2020-209,2020,,,549,339,art_34,approved,"EDITORA DE FORMAS, S.A.",1-01-16684-3,"PANORÁMICA FILMS, S.R.L.",1-31-73183-1,,LOS JUEGOS DE GODINEZ: DESAFIANDO A PAOLA,2020-12-02,2020-12-18,2000000.0,2000000.0,100.0,69393147.79,16000000.0,1.0,0,,0,,resolucion-cipac-no-2020-209_validacion-de-inversion-edotorial-de-formas-s-a-los-juegos-de-godinez-desafiando-a-paola.pdf
1262,CIPAC-2020-210,2020,,,549,339,art_34,approved,"ACROMAX DOMINICANA, S.A.",1-01-01783-1,"PANORÁMICA FILMS, S.R.L.",1-31-73183-1,,LOS JUEGOS DE GODINEZ: DESAFIANDO A PAOLA,2020-12-02,2020-12-18,4000000.0,4000000.0,100.0,69393147.79,16000000.0,1.0,0,,0,,resolucion-cipac-no-2020-210_validacion-de-inversion-acromax-dominicana-s-a-los-juegos-de-godinez-desafiando-a-paola.pdf
1263,CIPAC-2020-211,2020,,,426,218,art_34,approved,"BANCO MÚLTIPLE ADEMI, S.A.",1-01-74527-4,"MILBO PRODUCTIONS, S.R.L.",1-31-22322-2,,MILVIO,2020-12-03,2020-12-18,4120000.0,4120000.0,100.0,37178810.0,24471998.69,1.0,0,,0,,resolucion-cipac-no-2020-211_validacion-de-inversion-banco-multiple-ademi-s-a-milvio.pdf
1264,CIPAC-2020-213,2020,,,617,345,art_34,approved,"CERVECERÍA NACIONAL DOMINICANA, S.A.",1-01-00372-3,"REMEDIO FILMS, S.R.L.",1-31-12165-9,,NUESTRA TELEVISIÓN,2020-12-03,2020-12-18,24969294.84,24969294.84,100.0,30433513.98,24969294.84,1.0,0,,0,,resolucion-cipac-no-2020-213_validacion-de-inversion-cerveceria-nacional-dominicana-s-a-nuestra-television.pdf
1265,CIPAC-2020-214,2020,,,608,392,art_34,approved,"CONSORCIO DE TARJETAS DOMINICANAS, S.A.",1-01-65432-5,"MILBO PRODUCTIONS, S.R.L.",1-31-22322-2,,LIBÉLULA,2020-12-03,2020-12-18,3000000.0,3000000.0,100.0,51936880.64,35790000.0,1.0,0,,0,,resolucion-cipac-no-2020-214_validacion-de-inversion-consorcio-de-tarjetas-dominicanas-cardnet-s-a-libelula.pdf
1266,CIPAC-2020-215,2020,,,608,392,art_34,approved,"BANCO MÚLTIPLE ADEMI, S.A.",1-01-74527-4,"MILBO PRODUCTIONS, S.R.L.",1-31-22322-2,,LIBÉLULA,2020-12-03,2020-12-18,15880000.0,15880000.0,100.0,51936880.64,35790000.0,1.0,0,,0,,resolucion-cipac-no-2020-215_validacion-de-inversion-banco-multiple-ademi-s-a-libelula.pdf
1267,CIPAC-2020-216,2020,,,608,392,art_34,approved,"SOCIEDAD ADMINISTRADORA DE FONDOS DE INVERSIÓN BHD, S.A. (SAFI-BHD)",1-30-90241-2,"MILBO PRODUCTIONS, S.R.L.",1-31-22322-2,,LIBÉLULA,2020-12-03,2020-12-18,5500000.0,5500000.0,100.0,51936880.64,35790000.0,1.0,0,,0,,resolucion-cipac-no-2020-216_validacion-de-inversion-sociedad-administradora-de-fondos-de-inversion-bhd-s-a-safi-bhd-libelula.pdf
1268,CIPAC-2020-217,2020,,,608,392,art_34,approved,"BANCO DE AHORRO Y CRÉDITO ADOPEM, S.A.",1-03-00310-9,"MILBO PRODUCTIONS, S.R.L.",1-31-22322-2,,LIBÉLULA,2020-12-03,2020-12-18,11410000.0,11410000.0,100.0,51936880.64,35790000.0,1.0,0,,0,,resolucion-cipac-no-2020-217_validacion-de-inversion-banco-de-ahorro-y-credito-adopem-s-a-libelula.pdf
1269,CIPAC-2020-218,2020,,,596,350,art_34,approved,"REFRIPARTES, S.A.",1-01-03323-1,"FÉNIX LEGENDARIO STUDIOS, S.R.L.",1-31-25185-4,,LA BRUJA,2020-11-26,2020-12-18,5413333.02,5413333.02,100.0,63871098.26,11902036.0,1.0,0,,0,,resolucion-cipac-no-2020-218_validacion-de-inversion-refripartes-s-a-la-bruja.pdf
1270,CIPAC-2020-219,2020,,,596,350,art_34,approved,"TRANSAGRÍCOLA, S.R.L.",1-02-01950-9,"FÉNIX LEGENDARIO STUDIOS, S.R.L.",1-31-25185-4,,LA BRUJA,2020-11-26,2020-12-18,3754829.13,3754829.13,100.0,63871098.26,11902036.0,1.0,0,,0,,resolucion-cipac-no-2020-219_validacion-de-inversion-transagricola-s-r-l-la-bruja.pdf
1271,CIPAC-2021-001,2021,,,495,305,art_34,approved,"GRUPO FORCA DISEÑO & INGENIERÍA, S.R.L.",1-31-81934-6,"CARIBOO PRODUCTIONS, S.R.L.",1-31-90383-5,,MABOYA,2021-01-12,2021-01-29,500000.0,500000.0,100.0,47159368.34,39577619.98,1.0,0,,0,,resolucion-cipac-no-2021-001_validacion-de-inversion-grupo-forca-disen%cc%83o-_-ingeneria-s-r-l-maboya.pdf
1272,CIPAC-2021-002,2021,,,495,305,art_34,approved,"TE-EX TERMINACIONES EXCLUSIVAS, S.R.L.",1-30-29566-2,"CARIBOO PRODUCTIONS, S.R.L.",1-31-90383-5,,MABOYA,2021-01-12,2021-01-29,200000.0,200000.0,100.0,47159368.34,39577619.98,1.0,0,,0,,resolucion-cipac-no-2021-002_validacion-de-inversion-te-ex-terminaciones-exclusivas-s-r-l-maboya.pdf
1273,CIPAC-2021-003,2021,,,638,405,art_34,approved,"INDUVECA, S.A.",1-22-01122-6,"COCU FILMS, S.R.L.",1-32-13293-9,,MUNDO DE ISLAS IMAGINADAS,2020-12-23,2021-01-29,4500000.0,4500000.0,100.0,68939054.0,26000000.01,1.0,0,,0,,resolucion-cipac-no-2021-003_validacion-de-inversion-induveca-s-a-mundo-de-islas-imaginadas.pdf
1274,CIPAC-2021-004,2021,,,638,405,art_34,approved,"INVERSIONES IDF, S.A.",1-30-99775-6,"COCU FILMS, S.R.L.",1-32-13293-9,,MUNDO DE ISLAS IMAGINADAS,2020-12-23,2021-01-29,600000.0,600000.0,100.0,68939054.0,26000000.01,1.0,0,,0,,resolucion-cipac-no-2021-004_validacion-de-inversion-inversiones-s-a-mundo-de-islas-imaginadas.pdf
1275,CIPAC-2021-005,2021,,,529,3536,art_34,approved,"COBINCA, S.A.",1-01-19447-2,"MANGO VERDE FILMS, S.R.L.",1-31-42009-5,,LA OFERTA,2020-12-10,2021-01-29,1000000.0,1000000.0,100.0,12333114.03,12007446.0,1.0,0,,0,,resolucion-cipac-no-2021-005_validacion-de-inversion-cobinca-s-a-la-oferta.pdf
1276,CIPAC-2021-006,2021,,,370,198,art_34,approved,"ARS MONUMENTAL, S.A.",1-30-05800-8,"ECAH FILM, S.R.L.",1-31-14052-1,,FLOW,2021-01-12,2021-01-29,4955000.0,4955000.0,100.0,66675875.0,48531815.23,1.0,0,,0,,resolucion-cipac-no-2021-006_validacion-de-inversion-ars-monumen-s-a-flow.pdf
1277,CIPAC-2021-007,2021,,,638,405,art_34,approved,"BANCO MÚLTIPLE BDI, S.A.",1-01-04029-7,"COCU FILMS, S.R.L.",1-32-13293-9,,MUNDO DE ISLAS IMAGINADAS,2020-12-23,2021-01-29,2000000.0,2000000.0,100.0,68939054.0,26000000.01,1.0,0,,0,,resolucion-cipac-no-2021-007_validacion-de-inversion-banco-multiple-bdi-s-a-mundo-de-islas-imaginadas.pdf
1278,CIPAC-2021-008,2021,,,638,405,art_34,approved,"BANCO BACC DE AHORRO Y CRÉDITO DEL CARIBE, S.A.",1-01-13879-3,"COCU FILMS, S.R.L.",1-32-13293-9,,MUNDO DE ISLAS IMAGINADAS,2020-12-23,2021-01-29,3000000.0,3000000.0,100.0,68939054.0,26000000.01,1.0,0,,0,,resolucion-cipac-no-2021-008_validacion-de-inversion-banco-bacc-de-ahorro-y-credito-del-caribe-s-a-mundo-de-islas-imaginadas.pdf
1279,CIPAC-2021-009,2021,,,638,405,art_34,approved,"AEROPUERTO INTERNACIONAL DEL CIBAO, S. A.",1-02-61324-9,"COCU FILMS, S.R.L.",1-32-13293-9,,MUNDO DE ISLAS IMAGINADAS,2020-12-23,2021-01-29,7000000.0,7000000.0,100.0,68939054.0,26000000.01,1.0,0,,0,,resolucion-cipac-no-2021-009_validacion-de-inversion-aeropuerto-internacional-del-cibao-s-a-mudo-de-islas-imaniginas.pdf
1280,CIPAC-2021-010,2021,,,638,405,art_34,approved,"BANCO MÚLTIPLE LÓPEZ DE HARO, S.A.",1-01-14588-9,"COCU FILMS, S.R.L.",1-32-13293-9,,MUNDO DE ISLAS IMAGINADAS,2020-12-23,2021-01-29,5920000.0,5920000.0,100.0,68939054.0,26000000.01,1.0,0,,0,,resolucion-cipac-no-2021-010_validacion-de-inversion-banco-multiple-lopez-de-haro-s-a-mundo-de-islas-imaginadas.pdf
1281,CIPAC-2021-011,2021,,,638,405,art_34,approved,"INDUSTRIAS NIGUA, S.A.",1-01-00485-1,"COCU FILMS, S.R.L.",1-32-13293-9,,MUNDO DE ISLAS IMAGINADAS,2020-12-23,2021-01-29,2500000.0,2500000.0,100.0,68939054.0,26000000.01,1.0,0,,0,,resolucion-cipac-no-2021-011_validacion-de-inversion-indiustrias-niguas-a-mundo-de-islas-imaginadas.pdf
1282,CIPAC-2021-012,2021,,,638,405,art_34,approved,"INGENIERÍA Y MATERIALES ELÉCTRICOS, S.R.L.",1-01-56709-2,"COCU FILMS, S.R.L.",1-32-13293-9,,MUNDO DE ISLAS IMAGINADAS,2020-12-23,2021-01-29,400000.0,400000.0,100.0,68939054.0,26000000.01,1.0,0,,0,,resolucion-cipac-no-2021-012_validacion-de-inversion-ingeneria-y-materiales-electricos-s-r-l-mundo-de-islas-imaginadas.pdf
1283,CIPAC-2021-013,2021,,,633,401,art_34,approved,"DOMICEM, S.A.",1-01-81679-1,"VIEWFINDER, S.R.L.",1-30-94190-4,,LO QUE SE HEREDA NO SE HURTA,2020-12-21,2021-02-12,11224359.86,11224359.86,100.0,33494735.34,31742056.35,1.0,0,,0,,resolucion-cipac-no-2021-013_validacion-de-inversion-domicem-s-a-lo-que-hereda-no-se-hurta.pdf
1284,CIPAC-2021-014,2021,,,633,401,art_34,approved,"INDUVECA, S.A.",1-22-01122-6,"VIEWFINDER, S.R.L.",1-30-94190-4,,LO QUE SE HEREDA NO SE HURTA,2020-12-21,2021-02-12,20482303.5,20482303.5,100.0,33494735.34,31742056.35,1.0,0,,0,,resolucion-cipac-no-2021-014_validacion-de-inversion-induveca-s-a-lo-que-se-hereda-no-se-hurta.pdf
1285,CIPAC-2021-015,2021,,,646,367,art_34,approved,"PASTEURIZADORA RICA, S.A.",1-01-00441-1,"CACIQUE PRODUCTIONS, S.R.L.",1-32-02934-8,,100 AÑOS EN MOVIMIENTO,2021-01-13,2021-02-12,2729000.0,2729000.0,100.0,45068242.0,9729053.0,1.0,0,,0,,resolucion-cipac-no-2021-015_validacion-de-inversion-pasteurizadora-rica-s-a-100-an%cc%83os-en-movimiento.pdf
1286,CIPAC-2021-016,2021,,,646,367,art_34,approved,"SANTO DOMINGO MOTORS COMPANY, S.A.",1-01-00806-7,"CACIQUE PRODUCTIONS, S.R.L.",1-32-02934-8,,100 AÑOS EN MOVIMIENTO,2021-01-13,2021-02-12,7000000.0,7000000.0,100.0,45068242.0,9729053.0,1.0,0,,0,,resolucion-cipac-no-2021-016_validacion-de-inversion-santo-domingo-motors-company-s-a-100-an%cc%83os-en-movimiento.pdf
1287,CIPAC-2021-017,2021,,,499,288,art_34,approved,"PASTEURIZADORA RICA, S.A.",1-01-00441-1,"SKY FILMS, S.R.L.",1-31-72360-8,,EL MÉTODO,2021-01-13,2021-02-12,2520637.0,2520637.0,100.0,72674978.0,72540838.0,0.9,0,,1,request_date|set_manual|null|2021-01-13|OCR read trece 13 de enero 2021 without parentheses format|Resolution PDF VISTOS section|2026-07-28|JDP,resolucion-cipac-no-2021-017_validacion-de-inversion-pasteurizadora-rica-s-a-el-metodo.pdf
1288,CIPAC-2021-018,2021,,,651,407,art_34,approved,"DISASHOP DOMINICANA, S.R.L.",1-30-17301-1,"ESTANDARF FILMS, S.R.L.",1-31-53936-1,,EL GRAN SANTO DOMINGO DESDE EL AIRE,2021-01-13,2021-02-12,3000000.0,3000000.0,100.0,14470607.18,10500118.0,1.0,0,,0,,resolucion-cipac-no-2021-018_validacion-de-inversion-disashop-dominicana-s-r-l-el-gran-santo-domingo-desde-arriba.pdf
1289,CIPAC-2021-019,2021,,,651,407,art_34,approved,"GERDAU METALDOM, S.A.",1-01-00484-3,"ESTANDARF FILMS, S.R.L.",1-31-53936-1,,EL GRAN SANTO DOMINGO DESDE EL AIRE,2021-01-13,2021-02-12,7500000.0,7500000.0,100.0,14470607.18,10500118.0,1.0,0,,0,,resolucion-cipac-no-2021-019_validacion-de-inversion-gerdau-metaldom-s-a-el-gran-santo-domingo-desde-el-aire.pdf
1290,CIPAC-2021-020,2021,,,522,331,art_34,approved,"BANCO POPULAR DOMINICANO, S. A. BANCO MÚLTIPLE",1-01-01063-2,"PRODUCCIONES GUAYACANES 002, S.R.L.",1-31-93985-6,,PEREJIL,2021-01-18,2021-02-12,7087967.0,7087967.0,100.0,65250000.0,65102327.0,1.0,0,,0,,resolucion-cipac-no-2021-020_validacion-de-inversion-banco-popular-dominicano-s-a-banco-multiple-perejil.pdf
1291,CIPAC-2021-021,2021,,,615,389,art_34,approved,"COPY SOLUTIONS INTERNATIONAL, S.A.",1-01-89885-2,"PANORÁMICA FILMS, S.R.L.",1-31-73183-1,,GUAYABO: LA RESACA,2021-01-13,2021-02-12,5000000.0,5000000.0,100.0,17180578.87,15000000.0,1.0,0,,0,,resolucion-cipac-no-2021-021_validacion-de-inversion-copy-solutions-internacional-s-a-s-guayabo-la-resaca.pdf
1292,CIPAC-2021-022,2021,,,615,389,art_34,approved,"MAGNA MOTORS, S.A.",1-01-05557-1,"PANORÁMICA FILMS, S.R.L.",1-31-73183-1,,GUAYABO: LA RESACA,2021-01-13,2021-02-12,10000000.0,10000000.0,100.0,17180578.87,15000000.0,1.0,0,,0,,resolucion-cipac-no-2021-022_validacion-de-inversion-magna-motors-s-a-guayabo-la-resaca.pdf
1293,CIPAC-2021-023,2021,,,649,412,art_34,approved,"GERDAU METALDOM, S.A.",1-01-00484-3,"DARE FILMS, S.R.L.",1-32-08126-9,,ESA NOCHE: EL TAXI,2021-01-13,2021-02-12,15000000.0,15000000.0,100.0,22920467.22,15000000.0,0.9,0,,1,request_date|set_manual|null|2021-01-13|OCR read trece 13 de enero 2021 without parentheses format|Resolution PDF VISTOS section|2026-07-28|JDP,resolucion-cipac-no-2021-023_validacion-de-inversion-gerdau-metaldom-s-a-esa-noche-el-taxi.pdf
1294,CIPAC-2021-024,2021,,,529,360,art_34,approved,"CERVECERÍA NACIONAL DOMINICANA, S.A.",1-01-00372-3,"CACIQUE PRODUCTIONS, S.R.L.",1-32-02934-8,,NO ME CONOCES,2021-01-13,2021-02-12,37800000.0,37800000.0,100.0,44074198.0,37862647.0,1.0,0,,0,,resolucion-cipac-no-2021-024_validacion-de-inversion-cerveceria-nacional-dominicana-s-r-l-no-me-conoces.pdf
1295,CIPAC-2021-025,2021,,,406,257,art_34,approved,"RAVI CARIBE, S.A.",1-30-28788-2,"BALSIE GUANABANA MACUTO, S.R.L.",1-30-88641-5,,PAPÁ LIBORIO,2021-01-18,2021-02-12,4000000.0,4000000.0,100.0,47110305.0,38567651.72,0.9,0,,1,"total_budget_approved|set_manual|null|47110305.00|OCR read $47,110,305.00 without RD prefix|Resolution PDF budget section|2026-07-28|JDP",resolucion-cipac-no-2021-025_validacion-de-inversion-ravi-caribe-s-a-papa-liborio.pdf
1296,CIPAC-2021-026,2021,,,406,257,art_34,approved,"LA INNOVACIÓN, S.R.L.",1-01-00583-1,"BALSIE GUANABANA MACUTO, S.R.L.",1-30-88641-5,,PAPÁ LIBORIO,2021-01-18,2021-02-12,1899996.0,1899996.0,100.0,47110305.0,38567651.72,0.9,0,,1,"total_budget_approved|set_manual|null|47110305.00|OCR read $47,110,305.00 without RD prefix|Resolution PDF budget section|2026-07-28|JDP",resolucion-cipac-no-2021-026_validacion-de-inversion-la-innovacion-s-r-l-papa-liborio.pdf
1297,CIPAC-2021-027,2021,,,605,384,art_34,approved,"PACIFIC ASSETS, CORP",1-22-01963-4,"GODRANISS GROUP, S.R.L.",1-31-37909-5,,EL ARTE DE ESCUPIR PARA ARRIBA,2021-01-13,2021-02-12,1560242.0,1560242.0,100.0,69590387.0,68989592.0,1.0,0,,0,,resolucion-cipac-no-2021-027_validacion-de-inversion-pacific-assets-corp-el-arte-de-escupir-para-arribar.pdf
1298,CIPAC-2021-028,2021,,,605,384,art_34,approved,"BANCO MÚLTIPLE SANTA CRUZ, S.A.",1-02-01292-1,"GODRANISS GROUP, S.R.L.",1-31-37909-5,,EL ARTE DE ESCUPIR PARA ARRIBA,2021-01-13,2021-02-12,1200000.0,1200000.0,100.0,69590387.0,68989592.0,1.0,0,,0,,resolucion-cipac-no-2021-028_validacion-de-inversion-banco-multiple-santa-cruz-s-a-el-arte-de-escupir-para-arriba.pdf
1299,CIPAC-2021-029,2021,,,605,384,art_34,approved,"ADMINISTRADORA DE FONDOS DE PENSIONES POPULAR, S.A.",1-01-76868-1,"GODRANISS GROUP, S.R.L.",1-31-37909-5,,EL ARTE DE ESCUPIR PARA ARRIBA,2021-01-13,2021-02-12,45000000.0,45000000.0,100.0,69590387.0,68989592.0,1.0,0,,0,,resolucion-cipac-no-2021-029_validacion-de-inversion-administradora-de-fondos-de-pensiones-popular-s-a-el-arte-de-escupir-para-arriba.pdf
1300,CIPAC-2021-030,2021,,,605,384,art_34,approved,"AFP CRECER, S.A.",1-01-86085-5,"GODRANISS GROUP, S.R.L.",1-31-37909-5,,EL ARTE DE ESCUPIR PARA ARRIBA,2021-01-13,2021-02-12,18000000.0,18000000.0,100.0,69590387.0,68989592.0,1.0,0,,0,,resolucion-cipac-no-2021-030_validacion-de-inversion-afp-crecer-s-a-el-arte-de-escupir-para-arriva.pdf
1301,CIPAC-2021-031,2021,,,605,384,art_34,approved,"PARALLAX VALORES PUESTO DE BOLSA, S.A.",1-01-56714-7,"GODRANISS GROUP, S.R.L.",1-31-37909-5,,EL ARTE DE ESCUPIR PARA ARRIBA,2021-01-13,2021-02-12,3000000.0,3000000.0,100.0,69590387.0,68989592.0,1.0,0,,0,,resolucion-cipac-no-2021-031_validacion-de-inversion-parallax-valores-puesto-de-bolsa-s-a-parval-el-arte-de-escupir-para-arriba.pdf
1302,CIPAC-2021-032,2021,,,413,,art_39,approved,,,"DIAMOND MB PRODUCTIONS, S.R.L.",1-31-70716-5,,X PROJECT,2020-10-14,2021-02-12,622322873.48,155580718.37,25.0,678417705.0,680209846.0,0.8,0,,1,producer_rnc|set_manual|null|1-31-70716-5|OCR read 131-70716-5 missing first hyphen in RNC format|Resolution PDF header p.1|2026-07-28|JDP;;tax_credit_dop|set_manual|null|155580718.37|OCR split SEGUNDO paragraph across pages|Resolution PDF SEGUNDO section|2026-07-28|JDP,resolucion-cipac-no-2021-032_validacion-de-inversion-diamond-mb-productions-s-r-l-x-project.pdf
1303,CIPAC-2021-033,2021,,,627,377,art_34,approved,"BANCO POPULAR DOMINICANO, S. A. BANCO MÚLTIPLE",1-01-01063-2,"PAL MONTE PICTURES, S.R.L.",1-32-07826-8,,FRÁGIL COMO EL VIDRIO,2021-01-28,2021-02-25,15000000.0,15000000.0,100.0,27370591.0,21000000.0,1.0,0,,0,,resolucion-cipac-no-2021-033_validacion-de-inversion-banco-popular-dominicano-s-a-banco-multiple-fragil-como-el-viento.pdf
1304,CIPAC-2021-034,2021,,,627,377,art_34,approved,"TOTALENERGIES MARKETING DOMINICANA, S.A.",1-01-06874-4,"PAL MONTE PICTURES, S.R.L.",1-32-07826-8,,FRÁGIL COMO EL VIDRIO,2021-01-28,2021-02-25,6000000.0,6000000.0,100.0,27370591.0,21000000.0,1.0,0,,0,,resolucion-cipac-no-2021-034_validacion-de-inversion-v-energy-s-a-fragil-como-el-vidrio.pdf
1305,CIPAC-2021-035,2021,,,601,380,art_34,approved,"TOTALENERGIES MARKETING DOMINICANA, S.A.",1-01-06874-4,"MAR ADENTRO FILMS, S.R.L.",1-32-07794-6,,AUNQUE SEA VER EL MAR,2021-01-28,2021-02-25,4000000.0,4000000.0,100.0,31701637.0,29000000.0,1.0,0,,0,,resolucion-cipac-no-2021-035_validacion-de-inversion-v-energy-s-a-aun-que-sea-ver-el-mar.pdf
1306,CIPAC-2021-036,2021,,,601,380,art_34,approved,"BANCO POPULAR DOMINICANO, S. A. BANCO MÚLTIPLE",1-01-01063-2,"MAR ADENTRO FILMS, S.R.L.",1-32-07794-6,,AUNQUE SEA VER EL MAR,2021-01-28,2021-02-25,25000000.0,25000000.0,100.0,31701637.0,29000000.0,1.0,0,,0,,resolucion-cipac-no-2021-036_validacion-de-inversion-banco-popular-dominicano-s-a-banco-multiple-aun-que-sea-ver-el-mar.pdf
1307,CIPAC-2021-037,2021,,,632,391,art_34,approved,"CERVECERÍA NACIONAL DOMINICANA, S.A.",1-01-00372-3,"GRUPO TRUKEMER, S.R.L.",1-31-08399-4,,TUMBA Y QUEMA PARQUES NACIONALES,2021-01-28,2021-02-25,29996849.0,29996849.0,100.0,34784318.0,29996849.0,1.0,0,,0,,resolucion-cipac-no-2021-037_validacion-de-inversion-cerveceria-nacional-dominicana-s-a-tumba-y-quema-parques-nacionale.pdf
1308,CIPAC-2021-038,2021,,,508,5301,art_34,approved,"GERDAU METALDOM, S.A.",1-01-00484-3,"INFRAMUNDO FILMS, S.R.L.",1-31-62543-6,,INFRAMUNDO,2021-01-28,2021-02-25,14500000.0,14500000.0,100.0,63117707.0,49116599.0,1.0,0,,0,,resolucion-cipac-no-2021-038_validacion-de-inversion-gerdau-metaldom-s-a-inframundo.pdf
1309,CIPAC-2021-039,2021,,,534,239,art_34,approved,"AFP CRECER, S.A.",1-01-86085-5,"PRODUCCIONES ATL, S.R.L.",1-31-22321-4,,A TIRO LIMPIO,2021-02-25,2021-02-25,14000000.0,14000000.0,100.0,96563397.0,62000000.0,1.0,0,,0,,resolucion-cipac-no-2021-039_validacion-de-inversion-afp-crecer-s-a-a-tiro-limpio.pdf
1310,CIPAC-2021-040,2021,,,600,370,art_34,approved,"BANCO POPULAR DOMINICANO, S. A. BANCO MÚLTIPLE",1-01-01063-2,"PRODUCCIONES GUAYACANES 003, S.R.L.",1-31-99361-3,,LA ENCOMIENDA,2021-01-28,2021-02-25,68984402.0,68984402.0,100.0,69867982.0,68984906.0,1.0,0,,0,,resolucion-cipac-no-2021-040_validacion-de-inversion-banco-popular-dominicano-s-a-banco-multiple-la-encomienda.pdf
1311,CIPAC-2021-041,2021,,,584,342,art_34,approved,"GERDAU METALDOM, S.A.",1-01-00484-3,"THE ONE PICTURES, S.R.L.",1-32-01232-1,,LAS DIOSAS SOMETIDAS,2021-02-25,2021-02-25,15000000.0,15000000.0,100.0,26085193.0,25018719.0,1.0,0,,0,,resolucion-cipac-no-2021-041_validacion-de-inversion-gerdau-metaldom-s-a-las-diosas-sometidas.pdf
1312,CIPAC-2021-042,2021,,,584,342,art_34,approved,"COBINCA, S.A.",1-01-19447-2,"THE ONE PICTURES, S.R.L.",1-32-01232-1,,LAS DIOSAS SOMETIDAS,2021-02-08,2021-02-25,10000000.0,10000000.0,100.0,26085193.0,25018719.0,1.0,0,,0,,resolucion-cipac-no-2021-042_validacion-de-inversion-cobinca-s-a-las-diosas-sometidas.pdf
1313,CIPAC-2021-043,2021,,,645,397,art_34,approved,"CERVECERÍA NACIONAL DOMINICANA, S.A.",1-01-00372-3,"DUKESA FILMS, S.R.L.",1-31-79141-7,,"BELTRE, CAMINO A COOPERSTOWN",2021-01-28,2021-02-25,16000000.0,16000000.0,100.0,34282193.59,16003964.0,1.0,0,,0,,resolucion-cipac-no-2021-043_validacion-de-inversion-cerveceria-nacional-dominicana-s-a-beltre-camino-a-cooperstown.pdf
1314,CIPAC-2021-044,2021,,,578,320,art_34,approved,"COBINCA, S.A.",1-01-19447-2,"MANAYA FILMS, S.R.L.",1-31-46226-1,,DANNY 45,2021-02-08,2021-02-25,6000000.0,6000000.0,100.0,69398343.91,28290000.0,1.0,0,,0,,resolucion-cipac-no-2021-044_validacion-de-inversion-cobinca-s-a-danny-45.pdf
1315,CIPAC-2021-045,2021,,,578,320,art_34,approved,"CENTRO DIAGNÓSTICO ESPECIALIZADO CEDISA, S.R.L.",1-01-64234-3,"MANAYA FILMS, S.R.L.",1-31-46226-1,,DANNY 45,2021-02-25,2021-02-25,5000000.0,5000000.0,100.0,69398343.91,28290000.0,1.0,0,,0,,resolucion-cipac-no-2021-045_validacion-de-inversion-cedisa-s-r-l-danny-45.pdf
1316,CIPAC-2021-046,2021,,,578,320,art_34,approved,"GRUPO COMETA, S.A.S.",1-01-01943-3,"MANAYA FILMS, S.R.L.",1-31-46226-1,,DANNY 45,2021-02-25,2021-02-25,3000000.0,3000000.0,100.0,69398343.91,28290000.0,1.0,0,,0,,resolucion-cipac-no-2021-046_validacion-de-inversion-grupo-cometa-s-a-danny-45.pdf
1317,CIPAC-2021-047,2021,,,578,320,art_34,approved,"MAGNA MOTORS, S.A.",1-01-05557-1,"MANAYA FILMS, S.R.L.",1-31-46226-1,,DANNY 45,2021-02-08,2021-02-25,2000000.0,2000000.0,100.0,69398343.91,28290000.0,1.0,0,,0,,resolucion-cipac-no-2021-047_validacion-de-inversion-magna-motors-s-a-danny-45.pdf
1318,CIPAC-2021-048,2021,,,647,308,art_34,approved,"ENNOVA, S.R.L.",1-30-84069-5,"SAMAN FILMS, S.R.L.",1-31-88883-6,,THE FACILITY,2021-02-08,2021-02-25,550000.0,550000.0,100.0,44682262.72,5585796.0,1.0,0,,0,,resolucion-cipac-no-2021-048_validacion-de-inversion-ennova-s-r-l-the-facility.pdf
1319,CIPAC-2021-049,2021,,,647,308,art_34,approved,"AEROPUERTO INTERNACIONAL DEL CIBAO, S.A.",1-02-61324-9,"SAMAN FILMS, S.R.L.",1-31-88883-6,,THE FACILITY,2021-02-08,2021-02-25,5000000.0,5000000.0,100.0,44682262.72,5585796.0,1.0,0,,0,,resolucion-cipac-no-2021-049_validacion-de-inversion-aeropuerto-internacional-del-cibao-s-a-the-facility.pdf
1320,CIPAC-2021-050,2021,,,636,411,art_34,approved,"INDUVECA, S.A.",1-22-01122-6,"EDUCA FILMS, S.R.L.",1-32-16193-9,,20 BILLONES,2021-02-08,2021-02-25,19995347.0,19995347.0,100.0,61809568.05,19995347.0,1.0,0,,0,,resolucion-cipac-no-2021-050_validacion-de-inversion-induveca-s-a-20-billone.pdf
1321,CIPAC-2021-051,2021,,,602,359,art_34,approved,"BANCO MÚLTIPLE SANTA CRUZ, S.A.",1-02-01292-1,"STONE PRODUCTIONS, S.R.L.",1-31-90601-1,,CUENTOS DE CHOCOLATE,2021-01-28,2021-02-25,13800000.0,13800000.0,100.0,38422507.0,30039637.0,1.0,0,,0,,resolucion-cipac-no-2021-051_validacion-dcde-inversion-banco-multiple-santa-cruz-s-a-cuentos-de-chocolate.pdf
1322,CIPAC-2021-052,2021,,,602,359,art_34,approved,"AFP CRECER, S.A.",1-01-86085-5,"STONE PRODUCTIONS, S.R.L.",1-31-90601-1,,CUENTOS DE CHOCOLATE,2021-01-28,2021-02-25,3239637.0,3239637.0,100.0,38422507.0,30039637.0,1.0,0,,0,,resolucion-cipac-no-2021-052_validacion-de-inversion-afp-crecer-s-a-cuentos-de-chocolate.pdf
1323,CIPAC-2021-053,2021,,,602,359,art_34,approved,"MAGNA, S.R.L.",1-01-07254-7,"STONE PRODUCTIONS, S.R.L.",1-31-90601-1,,CUENTOS DE CHOCOLATE,2021-01-28,2021-02-25,12923300.0,12923300.0,100.0,38422507.0,30039637.0,1.0,0,,0,,resolucion-cipac-no-2021-053_validacion-de-inversion-magna-s-r-l-cuentos-de-chocolates.pdf
1324,CIPAC-2021-054,2021,,,598,382,art_34,approved,"BANCO POPULAR DOMINICANO, S. A. BANCO MÚLTIPLE",1-01-01063-2,"RETIRO FILMS, S.R.L.",1-31-95374-3,,LA VIDA DE LOS REYES(LOS REYES DEL HUMOR),2021-02-25,2021-02-25,45478180.0,45478180.0,100.0,79994884.0,48478587.0,1.0,0,,0,,resolucion-cipac-no-2021-054_validacion-de-inversion-banco-popular-dominicano-s-a-banco-multiple.pdf
1325,CIPAC-2021-055,2021,,,598,382,art_34,approved,"INDUVECA, S.A.",1-22-01122-6,"RETIRO FILMS, S.R.L.",1-31-95374-3,,LA VIDA DE LOS REYES(LOS REYES DEL HUMOR),2021-02-25,2021-02-25,3000000.0,3000000.0,100.0,79994884.0,48478587.0,1.0,0,,0,,resolucion-cipac-no-2021-055_validacion-de-inversion-induveca-s-a-la-vida-de-los-reyes-los-reyes-del-humor.pdf
1326,CIPAC-2021-056,2021,,,604,388,art_34,approved,"BANCO POPULAR DOMINICANO, S. A. BANCO MÚLTIPLE",1-01-01063-2,"PRODUCCIONES GUAYACANES 004, S.R.L.",1-31-99362-1,,EL CHROMA KID,2021-02-08,2021-02-25,61500000.0,61500000.0,100.0,76187481.0,75924660.0,1.0,0,,0,,resolucion-cipac-no-2021-056_validacion-de-inversion-banco-popular-dominicano-s-a-banco-multiple-el-chroma-kid.pdf
1327,CIPAC-2021-057,2021,,,604,388,art_34,approved,"SOCIEDAD ADMINISTRADORA DE FONDOS DE INVERSIÓN BHD, S.A. (SAFI-BHD)",1-30-90241-2,"PRODUCCIONES GUAYACANES 004, S.R.L.",1-31-99362-1,,EL CHROMA KID,2021-02-08,2021-02-25,4300000.0,4300000.0,100.0,76187481.0,75924660.0,1.0,0,,0,,resolucion-cipac-no-2021-057_validacion-de-inversion-sociedad-administradora-de-fondos-de-inversion-bhd-s-a-el-chroma-kid.pdf
1328,CIPAC-2021-058,2021,,,604,388,art_34,approved,"MOTOR CRÉDITO, S.A. (BANCO DE AHORRO Y CRÉDITO)",1-01-02828-9,"PRODUCCIONES GUAYACANES 004, S.R.L.",1-31-99362-1,,EL CHROMA KID,2021-02-08,2021-02-25,10124660.0,10124660.0,100.0,76187481.0,75924660.0,1.0,0,,0,,resolucion-cipac-no-2021-058_validacion-de-inversion-motor-credito-s-a-banco-de-ahorro-y-credito-el-chroma-kid.pdf
1329,CIPAC-2021-059,2021,,,569,355,art_34,approved,"CERVECERÍA NACIONAL DOMINICANA, S.A.",1-01-00372-3,"VALFRANK, S.R.L.",1-30-90915-6,,SÚPER FAMILIA,2021-02-25,2021-02-25,30000000.0,30000000.0,100.0,63875598.65,61927859.0,1.0,0,,0,,resolucion-cipac-no-2021-059_validacion-de-inversion-cerveceria-nacional-dominicana-s-a-super-familia.pdf
1330,CIPAC-2021-060,2021,,,569,356,art_34,approved,"MAYOL & CO, S.R.L.",1-12-10221-1,"VALFRANK, S.R.L.",1-30-90915-6,,SÚPER FAMILIA,2021-02-25,2021-02-25,1000000.0,1000000.0,100.0,63875598.65,61927859.0,1.0,0,,0,,resolucion-cipac-no-2021-060_validacion-de-inversion-mayol-_-co-s-r-l-super-familia.pdf
1331,CIPAC-2021-061,2021,,,569,355,art_34,approved,"BANCO POPULAR DOMINICANO, S. A. BANCO MÚLTIPLE",1-01-01063-2,"VALFRANK, S.R.L.",1-30-90915-6,,SÚPER FAMILIA,2021-02-25,2021-02-25,19920923.0,19920923.0,100.0,63875598.65,61927859.0,1.0,0,,0,,resolucion-cipac-no-2021-061_validacion-de-inversion-banco-popular-dominicano-s-a-banco-multiple-super-familia.pdf
1332,CIPAC-2021-062,2021,,,569,355,art_34,approved,"PASTEURIZADORA RICA, S.A.",1-01-00441-1,"VALFRANK, S.R.L.",1-30-90915-6,,SÚPER FAMILIA,2021-02-25,2021-02-25,5000000.0,5000000.0,100.0,63875598.65,61927859.0,1.0,0,,0,,resolucion-cipac-no-2021-062_validacion-de-inversion-parteurizadora-rica-s-a-super-familia.pdf
1333,CIPAC-2021-063,2021,,,644,410,art_34,approved,"AGENCIA BELLA, S.A.S.",1-01-00023-6,"LUNA NEGRA, S.R.L.",1-31-00651-5,,TUMBAO,2021-02-08,2021-02-25,5500000.0,5500000.0,100.0,47279386.8,7500000.0,1.0,0,,0,,resolucion-cipac-no-2021-063_validacion-de-inversion-agencia-bella-s-a-tumbao.pdf
1334,CIPAC-2021-064,2021,,,644,410,art_34,approved,"CEIBO BUSINESS, INC",1-30-68927-1,"LUNA NEGRA, S.R.L.",1-31-00651-5,,TUMBAO,2021-02-08,2021-02-25,1000000.0,1000000.0,100.0,47279386.8,7500000.0,1.0,0,,0,,resolucion-cipac-no-2021-064_validacion-de-inversion-ceibo-s-a-tumbao.pdf
1335,CIPAC-2021-065,2021,,,644,410,art_34,approved,"UNIQUE REPRESENTACIONES, S.R.L.",1-01-56244-7,"LUNA NEGRA, S.R.L.",1-31-00651-5,,TUMBAO,2021-02-25,2021-02-25,1000000.0,1000000.0,100.0,47279386.8,7500000.0,1.0,0,,0,,resolucion-cipac-no-2021-065_validacion-de-inversion-unique-representaciones-s-r-l-tumbao.pdf
1336,CIPAC-2021-066,2021,,,637,406,art_34,approved,"DOMICEM, S.A.",1-01-81679-1,"PRODUCCIONES GUAYACANES 005, S.R.L.",1-32-15060-2,,CUARENCENA,2021-02-15,2021-03-11,36000000.0,36000000.0,100.0,75545851.0,48378951.0,1.0,0,,0,,resolucion-cipac-no-2021-066_validacion-de-inversion-domicem-s-a-cuarencena.pdf
1337,CIPAC-2021-067,2021,,,637,406,art_34,approved,"BANCO POPULAR DOMINICANO, S. A. BANCO MÚLTIPLE",1-01-01063-2,"PRODUCCIONES GUAYACANES 005, S.R.L.",1-32-15060-2,,CUARENCENA,2021-02-15,2021-03-11,12354051.0,12354051.0,100.0,75545851.0,48378951.0,1.0,0,,0,,resolucion-cipac-no-2021-067_validacion-de-inversion-banco-popular-dominicano-s-a-banco-multiple-cuarencena.pdf
1338,CIPAC-2021-068,2021,,,541,329,art_34,approved,"GERDAU METALDOM, S.A.",1-01-00484-3,"POINT BARRE, S.R.L.",1-31-96536-9,,BANTÚ MAMA,2021-02-10,2021-03-11,8784300.0,8784300.0,100.0,47415621.0,44784300.0,1.0,0,,0,,resolucion-cipac-no-2021-068_validacion-de-inversion-gerdau-metadom-s-a-bantu-mama.pdf
1339,CIPAC-2021-069,2021,,,541,329,art_34,approved,"DOMICEM, S.A.",1-01-81679-1,"POINT BARRE, S.R.L.",1-31-96536-9,,BANTÚ MAMA,2021-02-10,2021-03-11,36000000.0,36000000.0,100.0,47415621.0,44784300.0,1.0,0,,0,,resolucion-cipac-no-2021-069_validacion-de-inversion-domicem-s-a-bantu-mama.pdf
1340,CIPAC-2021-070,2021,,,625,396,art_34,approved,"ADMINISTRADORA DE FONDOS DE PENSIONES POPULAR, S.A.",1-01-76868-1,"INGENIO LATERAL, S.R.L.",1-30-96216-2,,ISLEÑOS,2021-02-11,2021-03-11,45000000.0,45000000.0,100.0,68682663.0,64617963.0,1.0,0,,0,,resolucion-cipac-no-2021-070_validacion-de-inversion-administradora-de-fondos-de-pensiones-popular-s-a-islen%cc%83os.pdf
1341,CIPAC-2021-071,2021,,,625,396,art_34,approved,"AFP CRECER, S.A.",1-01-86085-5,"INGENIO LATERAL, S.R.L.",1-30-96216-2,,ISLEÑOS,2021-02-11,2021-03-11,7000000.0,7000000.0,100.0,68682663.0,64617963.0,1.0,0,,0,,resolucion-cipac-no-2021-071_validacion-de-inversion-afp-crecer-s-a-islen%cc%83os.pdf
1342,CIPAC-2021-072,2021,,,625,396,art_34,approved,"TERMO ENVASES, S.A.",1-01-57338-4,"INGENIO LATERAL, S.R.L.",1-30-96216-2,,ISLEÑOS,2021-02-11,2021-03-11,9588778.0,9588778.0,100.0,68682663.0,64617963.0,1.0,0,,0,,resolucion-cipac-no-2021-072_validacion-de-inversion-termo-envases-s-a-islen%cc%83os.pdf
1343,CIPAC-2021-073,2021,,,625,396,art_34,approved,"RIZEK, S.A.S.",1-01-66275-1,"INGENIO LATERAL, S.R.L.",1-30-96216-2,,ISLEÑOS,2021-02-11,2021-03-11,3000000.0,3000000.0,100.0,68682663.0,64617963.0,1.0,0,,0,,resolucion-cipac-no-2021-073_validacion-de-inversion-rizek-s-a-s-islen%cc%83os.pdf
1344,CIPAC-2021-074,2021,,,516,324,art_34,approved,"INVERSIONES PANIMIA, S.R.L.",1-31-58676-7,"RULIN FILMS, S.R.L.",1-31-72081-1,,EL UNICORNIO ROSADO,2021-02-23,2021-03-11,2000000.0,2000000.0,100.0,80316219.58,49992173.0,1.0,0,,0,,resolucion-cipac-no-2021-074_validacion-de-inversion-inversiones-panimia-s-r-l-el-unicornio-rosado.pdf
1345,CIPAC-2021-075,2021,,,516,324,art_34,approved,"RON BARCELÓ, S.R.L.",1-23-00850-3,"RULIN FILMS, S.R.L.",1-31-72081-1,,EL UNICORNIO ROSADO,2021-02-23,2021-03-11,2993114.0,2993114.0,100.0,80316219.58,49992173.0,1.0,0,,0,,resolucion-cipac-no-2021-075_validacion-de-inversion-ron-barcelo-s-r-l-el-unicornio-rosado.pdf
1346,CIPAC-2021-076,2021,,,608,392,art_34,approved,"PLÁSTICOS MULTIFORM, S.A.S.",1-01-07061-7,"MILBO PRODUCTIONS, S.R.L.",1-31-22322-2,,LIBÉLULA,2021-02-15,2021-03-11,5000000.0,5000000.0,100.0,51936880.64,40790000.0,1.0,0,,0,,resolucion-cipac-no-2021-076_validacion-de-inversion-plasticos-multiform-s-a-s-libelula.pdf
1347,CIPAC-2021-077,2021,,,640,351,art_34,approved,"ENVASES MUNDIAL, S.R.L.",1-01-50276-2,"HANNAH FILMS, S.R.L.",1-31-97461-9,,CON UN PIE AQUÍ Y OTRO ALLÁ,2021-02-10,2021-03-11,2300000.0,2300000.0,100.0,41279417.81,16006054.5,1.0,0,,0,,resolucion-cipac-no-2021-077_validacion-de-inversion-envases-mundial-s-r-l-con-un-pie-aqui-y-otro-alla.pdf
1348,CIPAC-2021-078,2021,,,640,351,art_34,approved,"RAFAEL ÁLVAREZ, S.R.L.",1-02-00040-9,"HANNAH FILMS, S.R.L.",1-31-97461-9,,CON UN PIE AQUÍ Y OTRO ALLÁ,2021-02-10,2021-03-11,5300000.0,5300000.0,100.0,41279417.81,16006054.5,1.0,0,,0,,resolucion-cipac-no-2021-078_validacion-de-inversion-rafael-alvarez-s-r-l-con-un-pie-aqui-y-otro-alla.pdf
1349,CIPAC-2021-079,2021,,,640,351,art_34,approved,"COMERCIALIZADORA NACIONAL Y DE EXPORTACIÓN, S.R.L.",1-02-00184-7,"HANNAH FILMS, S.R.L.",1-31-97461-9,,CON UN PIE AQUÍ Y OTRO ALLÁ,2021-02-10,2021-03-11,700000.0,700000.0,100.0,41279417.81,16006054.5,1.0,0,,0,,resolucion-cipac-no-2021-079_validacion-de-inversion-comercializadora-nacional-y-de-exportacion-s-r-l-con-un-pie-aqui-y-otro-alla.pdf
1350,CIPAC-2021-080,2021,,,640,8351,art_34,approved,"LUBRICANTES DOMINICANOS, S.R.L.",1-01-05451-4,"HANNAH FILMS, S.R.L.",1-31-97461-9,,CON UN PIE AQUÍ Y OTRO ALLÁ,2021-02-10,2021-03-11,7700000.0,7700000.0,100.0,41272417.81,16006054.5,1.0,0,,0,,resolucion-cipac-no-2021-080_validacion-de-inversion-lubricantes-dominicanos-s-r-l-con-un-pie-aqui-y-otro-alla.pdf
1351,CIPAC-2021-081,2021,,,565,358,art_34,approved,"ZETA COMERCIAL, S.R.L.",1-30-57697-1,"JOYADISE, S.R.L.",1-31-56995-1,,EL PLAN,2021-02-11,2021-03-11,3000000.0,3000000.0,100.0,13867200.0,10792985.0,1.0,0,,0,,resolucion-cipac-no-2021-081_validacion-de-inversion-zeta-comercial-s-r-l-el-plan.pdf
1352,CIPAC-2021-082,2021,,,567,303,art_34,approved,"GRUPO COMETA, S.A.S.",1-01-01943-3,"WOODEN BOAT PRODUCTIONS, S.R.L.",1-31-90670-2,,LA SEGUNDA HIJA,2021-02-10,2021-03-11,2000000.0,2000000.0,100.0,65586542.0,56689474.0,1.0,0,,0,,resolucion-cipac-no-2021-082_validacion-de-inversion-grupo-cometa-s-a-s-la-segunda-hija.pdf
1353,CIPAC-2021-083,2021,,,567,303,art_34,approved,"A.V. BLANDINO & CIA, S.A.",1-01-00015-5,"WOODEN BOAT PRODUCTIONS, S.R.L.",1-31-90670-2,,LA SEGUNDA HIJA,2021-02-10,2021-03-11,3000000.0,3000000.0,100.0,65586542.0,56689474.0,1.0,0,,0,,resolucion-cipac-no-2021-083_validacion-de-inversion-a-v-blandino-_-cia-s-a-la-segunda-hija.pdf
1354,CIPAC-2021-084,2021,,,567,303,art_34,approved,"PADILLA, S.A.",1-01-01243-9,"WOODEN BOAT PRODUCTIONS, S.R.L.",1-31-90670-2,,LA SEGUNDA HIJA,2021-02-10,2021-03-11,2499220.0,2499220.0,100.0,65586542.0,56689474.0,1.0,0,,0,,resolucion-cipac-no-2021-084_validacion-de-inversion-padilla-s-a-la-segunda-hija.pdf
1355,CIPAC-2021-085,2021,,,567,303,art_34,approved,"MERCASID, S.A.",1-01-80768-7,"WOODEN BOAT PRODUCTIONS, S.R.L.",1-31-90670-2,,LA SEGUNDA HIJA,2021-02-10,2021-03-11,18000000.0,18000000.0,100.0,65586542.0,56689474.0,1.0,0,,0,,resolucion-cipac-no-2021-085_validacion-de-inversion-mercasid-s-a-la-segunda-hija.pdf
1356,CIPAC-2021-086,2021,,,567,303,art_34,approved,"PARALLAX VALORES PUESTO DE BOLSA, S.A.",1-01-56714-7,"WOODEN BOAT PRODUCTIONS, S.R.L.",1-31-90670-2,,LA SEGUNDA HIJA,2021-02-10,2021-03-11,3000000.0,3000000.0,100.0,65586542.0,56689474.0,0.9,0,,1,"production_company|set_manual|null|WOODEN BOAT PRODUCTIONS, S.R.L.|OCR label Productora Cinematografica not captured by parser|Resolution PDF header p.1|2026-07-28|JDP",resolucion-cipac-no-2021-086_validacion-de-inversion-parallax-valores-puesto-de-bolsa-parval-s-a-la-segunda-hija.pdf
1357,CIPAC-2021-087,2021,,,635,366,art_34,approved,"DOPERCO, S.R.L.",1-01-61456-2,"ZINEMAPAR, S.R.L.",1-31-91173-2,,LOS PRESIDENTES DOMINICANOS,2021-02-23,2021-03-11,1763022.17,1763022.17,100.0,13337361.93,11999022.17,1.0,0,,0,,resolucion-cipac-no-2021-087_validacion-de-inversion-doperco-s-r-l-los-presidentes-dominicanos.pdf
1358,CIPAC-2021-088,2021,,,635,366,art_34,approved,"DELTA COMERCIAL, S.A.",1-01-01193-9,"ZINEMAPAR, S.R.L.",1-31-91173-2,,LOS PRESIDENTES DOMINICANOS,2021-02-23,2021-03-11,4705000.0,4705000.0,100.0,13337361.93,11999022.17,1.0,0,,0,,resolucion-cipac-no-2021-088_validacion-de-inversion-delta-comercial-s-a-los-presidentes-dominicanos.pdf
1359,CIPAC-2021-089,2021,,,635,366,art_34,approved,"AEROPUERTO INTERNACIONAL DEL CIBAO, S.A.",1-02-61324-9,"ZINEMAPAR, S.R.L.",1-31-91173-2,,LOS PRESIDENTES DOMINICANOS,2021-02-23,2021-03-11,4882000.0,4882000.0,100.0,13337361.93,11999022.17,1.0,0,,0,,resolucion-cipac-no-2021-089_validacion-de-inversion-aeropuerto-internacional-del-cibao-s-a-los-presidente-dominicanos.pdf
1360,CIPAC-2021-090,2021,,,650,403,art_34,approved,"CONSTRUCTORA RIZEK & ASOCIADOS, S.R.L.",1-01-57804-1,"PRODUCCIONES COHOBA FILMS, S.R.L.",1-31-53272-1,,LA BROMA DE LA JUSTICIA,2021-02-23,2021-03-11,9971264.73,9971264.73,100.0,45698187.34,17796221.08,1.0,0,,0,,resolucion-cipac-no-2021-090_validacion-de-inversion-constructora-rizek-_-asociados-s-r-l-la-broma-de-la-justicia.pdf
1361,CIPAC-2021-091,2021,,,650,403,art_34,approved,"E.T. HEINSEN, S.A.S.",1-05-00013-1,"PRODUCCIONES COHOBA FILMS, S.R.L.",1-31-53272-1,,LA BROMA DE LA JUSTICIA,2021-02-23,2021-03-11,796103.14,796103.14,100.0,45698187.34,17796221.08,1.0,0,,0,,resolucion-cipac-no-2021-091_validacion-de-inversion-e-t-heinsen-s-a-s-la-broma-de-la-justicia.pdf
1362,CIPAC-2021-092,2021,,,650,403,art_34,approved,"GRUPO COMETA, S.A.S.",1-01-01943-3,"PRODUCCIONES COHOBA FILMS, S.R.L.",1-31-53272-1,,LA BROMA DE LA JUSTICIA,2021-02-23,2021-03-11,7000000.0,7000000.0,100.0,45698187.34,17796221.08,1.0,0,,0,,resolucion-cipac-no-2021-092_validacion-de-inversion-grupo-cometa-s-a-s-la-broma-de-la-justicia.pdf
1363,CIPAC-2021-093,2021,,,535,334,art_34,approved,"CERVECERÍA NACIONAL DOMINICANA, S.A.",1-01-00372-3,"POINT 13 PRODUCTIONS, S.R.L.",1-31-63239-4,,PELOTA INVERNAL,2021-03-11,2021-03-11,25000000.0,25000000.0,100.0,83191256.0,70000000.0,1.0,0,,0,,resolucion-cipac-no-2021-093_validacion-de-inversion-cerveceria-nacional-dominicana-s-a-pelota-invernal.pdf
1364,CIPAC-2021-094,2021,,,490,307,art_34,approved,"ASOCIACIÓN CIBAO DE AHORRO Y PRÉSTAMOS, S.A.",4-02-00186-4,"BACANARAMA PRODUCCIONES, S.R.L.",1-31-46554-4,,SUNSHINE,2021-03-11,2021-03-11,5161290.0,5161290.0,100.0,69756526.0,67404279.0,1.0,0,,0,,resolucion-cipac-no-2021-094_validacion-de-inversion-asociacion-cibao-de-ahorros-y-prestamos-sunshine.pdf
1365,CIPAC-2021-095,2021,,,643,404,art_34,approved,"MAGNA MOTORS, S.A.",1-01-05557-1,"YOHIMA, S.R.L.",1-32-12919-9,,EL FOTOGRAFO DE LA 40,2021-02-12,2021-03-25,10000000.0,10000000.0,100.0,41755731.0,18100000.0,1.0,0,,0,,resolucion-cipac-no-2021-095_validacion-de-inversion-magna-motors-s-a-el-fotografo-de-la-40.pdf
1366,CIPAC-2021-096,2021,,,643,404,art_34,approved,"LA INNOVACIÓN, S.R.L.",1-01-00583-1,"YOHIMA, S.R.L.",1-32-12919-9,,EL FOTOGRAFO DE LA 40,2021-02-12,2021-03-25,8100000.0,8100000.0,100.0,41755731.0,18100000.0,1.0,0,,0,,resolucion-cipac-no-2021-096_validacion-de-inversion-la-innovacion-s-r-l-el-fotografo-de-la-40.pdf
1367,CIPAC-2021-097,2021,,,484,262,art_34,approved,"COBINCA, S.A.",1-01-19447-2,"FRONTERA FILMS, S.R.L.",1-31-75564-1,,SIN PALABRAS,2021-02-17,2021-03-25,7000000.0,7000000.0,100.0,63428501.09,55280785.0,1.0,0,,0,,resolucion-cipac-no-2021-097_validacion-de-inversion-cobinca-s-a-sin-palabra.pdf
1368,CIPAC-2021-098,2021,,,620,400,art_34,approved,"BANCO POPULAR DOMINICANO, S. A. BANCO MÚLTIPLE",1-01-01063-2,"AVENTURA HISTÓRICA FILMS, S.R.L.",1-31-95430-8,,AVENTURA HISTÓRICA,2021-03-03,2021-03-25,98568823.54,98568823.54,100.0,99454916.1,99454191.54,0.9,0,,1,"production_company|set_manual|null|AVENTURA HISTÓRICA FILMS, S.R.L.|OCR label Productora Cinematografica not captured by parser|Resolution PDF header p.1|2026-07-28|JDP",resolucion-cipac-no-2021-098_validacion-de-inversion-banco-popular-dominicano-s-a-banco-multiple-aventura-historica.pdf
1369,CIPAC-2021-099,2021,,,580,,art_39,approved,,,"CARIBEMOTION FILMS, S.R.L.",1-31-34661-8,,EXTERMINATE ALL THE BRUTES,2021-01-14,2021-03-25,69526760.78,17381690.02,25.0,101368379.0,71096712.0,0.9,0,,1,tax_credit_dop|set_manual|null|17381690.02|OCR split SEGUNDO paragraph across pages|Resolution PDF SEGUNDO section|2026-07-28|JDP,resolucion-cipac-no-2021-099_validacion-de-gastos-caribemotion-films-s-r-l-exterminate-all-the-brutes.pdf
1370,CIPAC-2021-100,2021,,,599,356,art_34,approved,"HIPERMERCADOS OLÉ, S.A.",1-01-53248-3,"PILÓN PRODUCTIONS, S.R.L.",1-30-99100-6,,1979,2021-04-08,2021-04-08,6434100.0,6434100.0,100.0,39346930.05,27047205.85,1.0,0,,0,,resolucion-cipac-no-2021-100_validacion-de-inversion-hipermercados-ole-s-a-1979.pdf
1371,CIPAC-2021-101,2021,,,599,356,art_34,approved,"LABORATORIOS DE APLICACIONES MÉDICAS, S.A.",1-01-16846-3,"PILÓN PRODUCTIONS, S.R.L.",1-30-99100-6,,1979,2021-03-01,2021-04-08,5499511.73,5499511.73,100.0,39346930.05,27047205.85,1.0,0,,0,,resolucion-cipac-no-2021-101_validacion-de-inversion-laboratorios-de-aplicaciones-medicas-s-a-1987.pdf
1372,CIPAC-2021-102,2021,,,628,378,art_34,approved,"HIPERMERCADOS OLÉ, S.A.",1-01-53248-3,"PILÓN PRODUCTIONS, S.R.L.",1-30-99100-6,,LEMONADE,2021-03-03,2021-04-08,14870000.0,14870000.0,100.0,38392892.01,17037872.9,1.0,0,,0,,resolucion-cipac-no-2021-102_validacion-de-inversion-hipermercados-ole-s-a-lemonade.pdf
1373,CIPAC-2021-103,2021,,,628,378,art_34,approved,"RENSA RENEWABLE ENERGY, S.R.L.",1-30-38195-1,"PILÓN PRODUCTIONS, S.R.L.",1-30-99100-6,,LEMONADE,2021-03-03,2021-04-08,2000000.0,2000000.0,100.0,38392892.01,17037872.9,1.0,0,,0,,resolucion-cipac-no-2021-103_validacion-de-inversion-rensa-renewable-energy-s-r-l-lemonade.pdf
1374,CIPAC-2021-104,2021,,,596,350,art_34,approved,"CONSORCIO DE TARJETAS DOMINICANAS, S.A.",1-01-65432-5,"FÉNIX LEGENDARIO STUDIOS, S.R.L.",1-31-25185-4,,LA BRUJA,2021-03-03,2021-04-08,2247535.67,2247535.67,100.0,63871098.26,28300049.0,1.0,0,,0,,resolucion-cipac-no-2021-104_validacion-de-inversion-consorcio-de-tarjetas-dominicanas-s-a-la-bruja.pdf
1375,CIPAC-2021-105,2021,,,596,350,art_34,approved,"GLOBAL B. ASESORES DE SEGUROS, S.R.L.",1-30-26136-9,"FÉNIX LEGENDARIO STUDIOS, S.R.L.",1-31-25185-4,,LA BRUJA,2021-03-03,2021-04-08,937283.34,937283.34,100.0,63871098.26,28300049.0,1.0,0,,0,,resolucion-cipac-no-2021-105_validacion-de-inversion-global-b-asesores-de-seguros-s-r-l-la-bruja.pdf
1376,CIPAC-2021-106,2021,,,596,350,art_34,approved,"CORPORACIÓN NOVAZUL, S.R.L.",1-30-76869-2,"FÉNIX LEGENDARIO STUDIOS, S.R.L.",1-31-25185-4,,LA BRUJA,2021-03-03,2021-04-08,680333.33,680333.33,100.0,63871098.26,28300049.0,1.0,0,,0,,resolucion-cipac-no-2021-106_validacion-de-inversion-corporacion-novazul-s-r-l-la-bruja.pdf
1377,CIPAC-2021-107,2021,,,596,350,art_34,approved,"INDUSTRIA DE PRODUCTOS LÁCTEOS CORONA, S.R.L.",1-30-31858-1,"FÉNIX LEGENDARIO STUDIOS, S.R.L.",1-31-25185-4,,LA BRUJA,2021-03-03,2021-04-08,3867883.34,3867883.34,100.0,63871098.26,28300049.0,1.0,0,,0,,resolucion-cipac-no-2021-107_validacion-de-inversion-industria-de-productos-lacteos-corona-s-r-l-la-bruja.pdf
1378,CIPAC-2021-108,2021,,,596,350,art_34,approved,"GRUPO COMETA, S.A.S.",1-01-01943-3,"FÉNIX LEGENDARIO STUDIOS, S.R.L.",1-31-25185-4,,LA BRUJA,2021-03-03,2021-04-08,4854495.84,4854495.84,100.0,63871098.26,28300049.0,1.0,0,,0,,resolucion-cipac-no-2021-108_validacion-de-inversion-grupo-cometa-s-r-l-la-bruja.pdf
1379,CIPAC-2021-109,2021,,,596,350,art_34,approved,"CIELOS ACÚSTICOS, S.R.L.",1-01-75637-3,"FÉNIX LEGENDARIO STUDIOS, S.R.L.",1-31-25185-4,,LA BRUJA,2021-03-03,2021-04-08,1987500.0,1987500.0,100.0,63871098.26,28300049.0,1.0,0,,0,,resolucion-cipac-no-2021-109_validacion-de-inversion-cielos-acusticos-s-r-l-la-bruja.pdf
1380,CIPAC-2021-110,2021,,,596,350,art_34,approved,"CENTRO DIAGNÓSTICO ESPECIALIZADO CEDISA, S.R.L.",1-01-64234-3,"FÉNIX LEGENDARIO STUDIOS, S.R.L.",1-31-25185-4,,LA BRUJA,2021-03-03,2021-04-08,1653839.67,1653839.67,100.0,63871098.26,28300049.0,0.9,0,,1,"production_company|set_manual|null|FÉNIX LEGENDARIO STUDIOS, S.R.L.|OCR label Productora Cinematografica not captured by parser|Resolution PDF header p.1|2026-07-28|JDP",resolucion-cipac-no-2021-110_validacion-de-inversion-centro-diagnostico-especializado-cedisa-s-r-l-la-bruja.pdf
1381,CIPAC-2021-111,2021,,,616,385,art_34,approved,"CERVECERÍA NACIONAL DOMINICANA, S.A.",1-01-00372-3,"REMEDIO FILMS, S.R.L.",1-31-12165-9,,LA NOVIA DE PAPÁ,2021-02-26,2021-04-08,61753655.39,61753655.39,100.0,61939171.14,61753655.39,1.0,0,,0,,resolucion-cipac-no-2021-111_validacion-de-inversion-cerveceria-nacional-dominicana-s-a-la-novia-de-papa.pdf
1382,CIPAC-2021-113,2021,,,596,350,art_34,approved,"TRANSPORTE MA, S.R.L.",1-30-11886-8,"FÉNIX LEGENDARIO STUDIOS, S.R.L.",1-31-25185-4,,LA BRUJA,2021-03-16,2021-04-14,1965130.96,1965130.96,100.0,63871098.26,28300049.0,1.0,0,,0,,resolucion-cipac-no-2021-113_validacion-de-inversion-transporte-m-a-s-r-l-la-bruja.pdf
1383,CIPAC-2021-114,2021,,,614,353,art_34,approved,"ADMINISTRADORA DE RIESGOS DE SALUD DR. YUNEN, S.A.",1-01-87588-7,"NIMITA PRODUCTIONS, S.R.L.",1-31-76492-4,,DONDE ME LLEVES,2021-03-09,2021-04-14,15000000.0,15000000.0,100.0,30483298.0,30000000.0,1.0,0,,0,,resolucion-cipac-no-2021-114_validacion-de-inversion-ars-dr-yunen-s-a-donde-me-lleves.pdf
1384,CIPAC-2021-115,2021,,,614,353,art_34,approved,"CONSTRUCTORA RIZEK & ASOCIADOS, S.R.L.",1-01-57804-1,"NIMITA PRODUCTIONS, S.R.L.",1-31-76492-4,,DONDE ME LLEVES,2021-03-09,2021-04-14,4397700.0,4397700.0,100.0,30483298.0,30000000.0,1.0,0,,0,,resolucion-cipac-no-2021-115_validacion-de-inversion-consultora-rizek-_-asociados-s-r-l-donde-me-lleves.pdf
1385,CIPAC-2021-116,2021,,,567,303,art_34,approved,"CENTRO CUESTA NACIONAL, S.A.S.",1-01-01992-1,"WOODEN BOAT PRODUCTIONS, S.R.L.",1-31-90670-2,,LA SEGUNDA HIJA,2021-05-06,2021-06-02,5000000.0,5000000.0,100.0,65586542.0,58037798.0,0.9,0,,1,"production_company|set_manual|null|WOODEN BOAT PRODUCTIONS, S.R.L.|OCR label Productora Cinematografica not captured by parser|Resolution PDF header p.1|2026-07-28|JDP",resolucion-cipac-no-2021-116_validacion-de-inversion-centro-cuesta-nacional-s-a-s-la-segunda-hija.pdf
1386,CIPAC-2021-117,2021,,,669,419,art_34,approved,"PIMENTEL & CO, S.R.L.",1-02-00113-8,"GODRANISS GROUP, S.R.L.",1-31-37909-5,,CUENTOS DE AZÚCAR Y TRIGO,2021-05-06,2021-06-02,5000000.0,5000000.0,100.0,39947444.0,7562564.0,0.9,0,,1,"production_company|set_manual|null|GODRANISS GROUP, S.R.L.|OCR label Productora Cinematografica not captured by parser|Resolution PDF header p.1|2026-07-28|JDP",resolucion-cipac-no-2021-117_validacion-de-inversion-pimentel-_-co-s-r-l-cuentos-de-azucar-y-trigo.pdf
1387,CIPAC-2021-120,2021,,,596,350,art_34,approved,"MADESOL, S.A.",1-01-67633-7,"FÉNIX LEGENDARIO STUDIOS, S.R.L.",1-31-25185-4,,LA BRUJA,2021-06-22,2021-07-27,4940084.16,4940084.16,100.0,63871098.26,36218094.0,1.0,0,,0,,resolucion-cipac-no-2021-120_validacion-de-inversion-madesol-s-a-la-bruja.pdf
1388,CIPAC-2021-122,2021,,,650,4083,art_34,approved,"GRUPO COMETA, S.A.S.",1-01-01943-3,"PRODUCCIONES COHOBA FILMS, S.R.L.",1-31-53272-1,,LA BROMA DE LA JUSTICIA,2021-07-15,2021-08-24,2000000.0,2000000.0,100.0,46069941.65,28750035.39,0.9,0,,1,"production_company|set_manual|null|PRODUCCIONES COHOBA FILMS, S.R.L.|OCR label Productora Cinematografica not captured by parser|Resolution PDF header p.1|2026-07-28|JDP",resolucion-cipac-no-2021-122_validacion-de-inversion-grupo-cometa-s-r-l-la-broma-de-la-justicia.pdf
1389,CIPAC-2021-123,2021,,,650,403,art_34,approved,"BANCO DE AHORRO Y CRÉDITO ADOPEM, S.A.",1-03-00310-9,"PRODUCCIONES COHOBA FILMS, S.R.L.",1-31-53272-1,,LA BROMA DE LA JUSTICIA,2021-07-15,2021-08-24,8950000.0,8950000.0,100.0,46069941.65,28750035.39,0.9,0,,1,"production_company|set_manual|null|PRODUCCIONES COHOBA FILMS, S.R.L.|OCR label Productora Cinematografica not captured by parser|Resolution PDF header p.1|2026-07-28|JDP",resolucion-cipac-no-2021-123_validacion-de-inversion-banco-de-ahorro-y-credito-adopem-s-a-la-broma-de-la-justicia.pdf
1390,CIPAC-2021-124,2021,,,573,,art_39,approved,,,"FILM 017, S.R.L.",1-31-89272-8,,GEECHEE,2021-07-20,2021-08-24,188199950.0,47049987.05,25.0,197487979.0,188199950.0,0.9,0,,1,"total_budget_approved|set_manual|null|197487979.00|OCR read RD197,487,979.00 missing $ symbol|Resolution PDF budget section|2026-07-28|JDP",resolucion-cipac-no-2021-124_validacion-de-gastos-film-017-s-r-l-geechee.pdf
1391,CIPAC-2021-125,2021,,,599,356,art_34,approved,"GRUPO MED LAS MERCEDES, S.R.L.",1-13-00077-2,"PILÓN PRODUCTIONS, S.R.L.",1-30-99100-6,,1979,2021-08-24,2021-08-24,100000.0,100000.0,100.0,39346930.05,29152320.86,1.0,0,,0,,resolucion-cipac-no-2021-125_validacion-de-inversion-grupo-medico-las-mercedes-s-r-l-1979.pdf
1392,CIPAC-2021-126,2021,,,599,356,art_34,approved,"LABORATORIOS FELTREX, S.A.",1-01-05037-3,"PILÓN PRODUCTIONS, S.R.L.",1-30-99100-6,,1979,2021-08-24,2021-08-24,2000000.0,2000000.0,100.0,39346930.05,29152320.86,0.8,0,,1,"production_company|set_manual|null|PILÓN PRODUCTIONS, S.R.L.|OCR label Productora Cinematografica not captured by parser|Resolution PDF header p.1|2026-07-28|JDP;;cpnd_number|set_manual|null|356|Stamp covers CPND number in document|Resolution PDF VISTOS section|2026-07-28|JDP",resolucion-cipac-no-2021-126_validacion-de-inversion-laboratorios-feltrex-s-a-1979.pdf
1393,CIPAC-2021-127,2021,,,636,411,art_34,approved,"INDUVECA, S.A.",1-22-01122-6,"EDUCA FILMS, S.R.L.",1-32-16193-9,,20 BILLONES,2021-09-10,2021-09-10,8892066.64,8892066.64,100.0,61805103.58,33995347.0,1.0,0,,0,,resolucion-cipac-no-2021-127_validacion-de-inversion-induveca-s-a-20-billones.pdf
1394,CIPAC-2021-128,2021,,,636,411,art_34,approved,"PROPANO Y DERIVADOS, S.A.",1-01-03373-8,"EDUCA FILMS, S.R.L.",1-32-16193-9,,20 BILLONES,2021-09-10,2021-09-10,5000000.0,5000000.0,100.0,61805103.58,33995347.0,1.0,0,,0,,resolucion-cipac-no-2021-128_validacion-de-inversion-propano-y-derivados-s-a-20-billones.pdf
1395,CIPAC-2021-129,2021,,,643,404,art_34,approved,"ACROMAX DOMINICANA, S.A.",1-01-01783-1,"YOHIMA, S.R.L.",1-32-12919-9,,EL FOTOGRAFO DE LA 40,2021-08-18,2021-09-10,8000000.0,8000000.0,100.0,41755731.0,30029451.32,1.0,0,,0,,resolucion-cipac-no-2021-129_validacion-de-inversion-acromax-dominicana-s-a-el-fotografo-de-la-40.pdf
1396,CIPAC-2021-130,2021,,,643,404,art_34,approved,"MAGNA MOTORS, S.A.",1-01-05557-1,"YOHIMA, S.R.L.",1-32-12919-9,,EL FOTOGRAFO DE LA 40,2021-08-18,2021-09-10,3930000.0,3930000.0,100.0,41755731.0,30029451.32,1.0,0,,0,,resolucion-cipac-no-2021-130_validacion-de-inversion-magna-motors-s-a-el-fotografo-de-la-40.pdf
1397,CIPAC-2021-131,2021,,,650,403,art_34,approved,"PARALLAX VALORES PUESTO DE BOLSA, S.A.",1-01-56714-7,"PRODUCCIONES COHOBA FILMS, S.R.L.",1-31-53272-1,,LA BROMA DE LA JUSTICIA,2021-08-24,2021-09-22,4000000.0,4000000.0,100.0,46069941.65,32750035.38,0.9,0,,1,"production_company|set_manual|null|PRODUCCIONES COHOBA FILMS, S.R.L.|OCR label Productora Cinematografica not captured by parser|Resolution PDF header p.1|2026-07-28|JDP",resolucion-cipac-no-2021-0131_validacion-de-inversion-parallax-valores-puesto-de-bolsa-la-broma-de-la-justicia.pdf
1398,CIPAC-2021-132,2021,,,594,,art_39,approved,,,"EAST COAST PRODUCTION, S.R.L.",1-31-76735-4,,DOMINICANA'S GOT TALENT-SEGUNDA TEMPORADA,2021-08-24,2021-09-22,91525867.36,22881466.84,25.0,112469216.0,105391573.0,1.0,0,,0,,resolucion-cipac-no-2021-132_validacion-de-gastos-east-coast-productios-s-r-l-dominicanas-got-talent-segunda-temporada.pdf
1399,CIPAC-2021-135,2021,,,596,350,art_34,approved,"TRANSAGRÍCOLA, S.R.L.",1-02-01950-9,"FÉNIX LEGENDARIO STUDIOS, S.R.L.",1-31-25185-4,,LA BRUJA,2021-09-08,2021-10-26,3966960.0,3966960.0,100.0,63871098.26,43300048.6,1.0,0,,0,,resolucion-cipac-no-2021-135_validacion-de-inversion-transagricola-s-r-l-la-bruja.pdf
1400,CIPAC-2021-136,2021,,,596,350,art_34,approved,"EDITORA DE FORMAS, S.A.",1-01-16684-3,"FÉNIX LEGENDARIO STUDIOS, S.R.L.",1-31-25185-4,,LA BRUJA,2021-09-08,2021-10-26,2497050.0,2497050.0,100.0,63871098.26,43300048.6,1.0,0,,0,,resolucion-cipac-no-2021-136_validacion-de-inversion-editora-de-formas-s-a-la-bruja.pdf
1401,CIPAC-2021-137,2021,,,596,350,art_34,approved,"BANCO DE AHORRO Y CRÉDITO ADOPEM, S.A.",1-03-00310-9,"FÉNIX LEGENDARIO STUDIOS, S.R.L.",1-31-25185-4,,LA BRUJA,2021-09-08,2021-10-26,3500000.0,3500000.0,100.0,63871098.26,43300048.6,1.0,0,,0,,resolucion-cipac-no-2021-137_validacion-de-inversion-banco-de-ahorro-y-credito-adopem-s-a-la-bruja.pdf
1402,CIPAC-2021-138,2021,,,596,350,art_34,approved,"ELÉCTRICOS PROFESIONALES ELECPROF, S.R.L.",1-31-62454-5,"FÉNIX LEGENDARIO STUDIOS, S.R.L.",1-31-25185-4,,LA BRUJA,2021-10-05,2021-10-26,2000000.0,2000000.0,100.0,63871098.26,51300048.6,1.0,0,,0,,resolucion-cipac-no-2021-138_validacion-de-inversion-electricos-profesionales-elecprof-s-r-l-la-bruja.pdf
1403,CIPAC-2021-139,2021,,,596,350,art_34,approved,"CIELOS ACÚSTICOS, S.R.L.",1-01-75637-3,"FÉNIX LEGENDARIO STUDIOS, S.R.L.",1-31-25185-4,,LA BRUJA,2021-10-05,2021-10-26,1850000.0,1850000.0,100.0,63871098.26,51300048.6,1.0,0,,0,,resolucion-cipac-no-2021-139_validacon-de-inversion-cielos-acusticos-s-r-l-la-bruja.pdf
1404,CIPAC-2021-140,2021,,,596,350,art_34,approved,"PLÁSTICOS MULTIFORM, S.A.S.",1-01-07061-7,"FÉNIX LEGENDARIO STUDIOS, S.R.L.",1-31-25185-4,,LA BRUJA,2021-10-05,2021-10-26,4150000.0,4150000.0,100.0,63871098.26,51300048.6,1.0,0,,0,,resolucion-cipac-no-2021-140_validacon-de-inversion-plasticos-multifom-s-a-s-la-bruja.pdf
1405,CIPAC-2021-141,2021,,,598,382,art_34,approved,"BANCO POPULAR DOMINICANO, S. A. BANCO MÚLTIPLE",1-01-01063-2,"RETIRO FILMS, S.R.L.",1-31-95374-3,,LA VIDA DE LOS REYES(LOS REYES DEL HUMOR),2021-11-03,2021-11-30,25997398.0,25997398.0,100.0,77126430.0,26000000.0,1.0,0,,0,,resolucion-cipac-no-2021-141_validacion-de-inversion-banco-popular-dominicano-s-a-banco-multiple-la-vida-de-los-reyes.pdf
1406,CIPAC-2021-142,2021,,,611,387,art_34,approved,"BANCO BACC DE AHORRO Y CRÉDITO DEL CARIBE, S.A.",1-01-13879-3,"KRADIX, S.R.L.",1-32-07301-2,,NOCHE DE PENTHOUSE,2021-11-04,2021-11-30,10700000.0,10700000.0,100.0,23797954.91,10702247.32,1.0,0,,0,,resolucion-cipac-no-2021-142_validacion-de-inversion-banco-bacc-de-ahorro-y-credito-del-caribe-s-a-noche-de-penthouse.pdf
1407,CIPAC-2021-143,2021,,,646,367,art_34,approved,"BANCO POPULAR DOMINICANO, S. A. BANCO MÚLTIPLE",1-01-01063-2,"CACIQUE PRODUCTIONS, S.R.L.",1-32-02934-8,,100 AÑOS EN MOVIMIENTO,2021-11-02,2021-11-30,15000000.0,15000000.0,100.0,45068242.0,42740547.0,1.0,0,,0,,resolucion-cipac-no-2021-143_validacion-de-inversion-banco-popular-dominicano-s-a-banco-multiple-100-an%cc%83os-en-movimiento.pdf
1408,CIPAC-2021-144,2021,,,646,387,art_34,approved,"MOTOR CRÉDITO, S.A. (BANCO DE AHORRO Y CRÉDITO)",1-01-02828-9,"CACIQUE PRODUCTIONS, S.R.L.",1-32-02934-8,,100 AÑOS EN MOVIMIENTO,2021-11-02,2021-11-30,10000000.0,10000000.0,100.0,45068242.0,42740547.0,1.0,0,,0,,resolucion-cipac-no-2021-144_validacion-de-validacion-motor-credito-s-a-banco-de-ahorro-y-credito-100-an%cc%83os-en-movimiento.pdf
1409,CIPAC-2021-145,2021,,,646,367,art_34,approved,"SANTO DOMINGO MOTORS COMPANY, S.A.",1-01-00806-7,"CACIQUE PRODUCTIONS, S.R.L.",1-32-02934-8,,100 AÑOS EN MOVIMIENTO,2021-11-02,2021-11-30,8000000.0,8000000.0,100.0,45068242.0,42740547.0,1.0,0,,0,,resolucion-cipac-no-2021-145_validacion-de-inversion-santo-domingo-motors-company-s-a-100-an%cc%83os-en-movimiento.pdf
1410,CIPAC-2021-146,2021,,,574,,art_39,approved,,,"FILM 018, S.R.L.",1-31-90710-5,,MNS 2020 (OLD),2021-09-30,2021-11-30,1256873779.64,314218444.91,25.0,1260787571.0,1260787598.0,1.0,0,,0,,resolucion-cipac-no-2021-146_validacion-de-gastos-warren-and-warren-productions-llc-old-mns-2020.pdf
1411,CIPAC-2021-147,2021,,,508,301,art_34,approved,"EMPRESA GENERADORA DE ELECTRICIDAD ITABO, S.A.",1-01-82350-1,"INFRAMUNDO FILMS, S.R.L.",1-31-62543-6,,INFRAMUNDO,2021-11-22,2021-12-17,10000000.0,10000000.0,100.0,63021631.0,59139278.0,1.0,0,,0,,resolucion-cipac-no-2021-147_validacion-de-inversion-empresas-generadora-de-electricidad-itabo-s-a-inframundo.pdf
1412,CIPAC-2021-148,2021,,,527,235,art_34,approved,"INGENIERIA ESTRELLA, S.A.",1-02-31881-6,"SELENE FILMS MANAGEMENTS, S.R.L.",1-31-50486-8,,EN LEGITIMA DEFENSA,2021-11-25,2021-12-17,4000000.0,4000000.0,100.0,62515726.0,51380434.0,1.0,0,,0,,resolucion-cipac-no-2021-148_validacion-de-inversion-ingeneria-estrella-s-a-en-legitima-defensa.pdf
1413,CIPAC-2021-149,2021,,,596,350,art_34,approved,"CIELOS ACÚSTICOS, S.R.L.",1-01-75637-3,"FÉNIX LEGENDARIO STUDIOS, S.R.L.",1-31-25185-4,,LA BRUJA,2021-11-22,2021-12-17,2938708.33,2938708.33,100.0,63871098.26,57300048.6,1.0,0,,0,,resolucion-cipac-no-2021-149_validacion-de-inversion-cielos-acusticos-s-r-l-la-bruja.pdf
1414,CIPAC-2021-150,2021,,,596,350,art_34,approved,"CONSTRUCTORA RIZEK & ASOCIADOS, S.R.L.",1-01-57804-1,"FÉNIX LEGENDARIO STUDIOS, S.R.L.",1-31-25185-4,,LA BRUJA,2021-11-22,2021-12-17,2922297.0,2922297.0,100.0,63871098.26,57300048.6,1.0,0,,0,,resolucion-cipac-no-2021-150_validacion-de-inversion-constructora-rizek-asociados-s-r-l-la-bruja.pdf
1415,CIPAC-2021-151,2021,,,495,305,art_34,approved,"BANCO POPULAR DOMINICANO, S. A. BANCO MÚLTIPLE",1-01-01063-2,"CARIBOO PRODUCTIONS, S.R.L.",1-31-90383-5,,MABOYA,2021-11-29,2021-12-17,3500000.0,3500000.0,100.0,47159368.34,43077619.96,1.0,0,,0,,resolucion-cipac-no-2021-151_validacion-de-inversion-banco-popular-dominicano-s-a-banco-multiple-maboya.pdf
1416,CIPAC-2021-152,2021,,,652,,art_39,approved,,,"FILM 026, S.R.L.",1-32-14711-1,,LEOPARD SKIN,2020-12-31,2021-12-17,139765249.0,34941312.25,25.0,271769450.0,140658267.0,1.0,0,,0,,resolucion-cipac-no-2021-152_validacion-de-gastos-film-026-s-r-l-leopard-skin.pdf
1417,CIPAC-2021-153,2021,,,665,,art_39,approved,,,"J WITCHES & JONES, S.R.L.",1-32-04828-8,,SURVIVOR PAÍSES NÓRDICOS,2021-11-25,2021-12-17,218849368.35,54712342.08,25.0,359217567.0,223113786.0,1.0,0,,0,,resolucion-cipac-no-2021-153_validacion-de-gastos-j-witches-jones-s-r-l-survivor-paises-bajos.pdf
1418,CIPAC-2022-001,2022,,,701,369,art_34,approved,"BANCO DE AHORRO Y CRÉDITO ADOPEM, S.A.",1-03-00310-9,"OGGÚN FILMS, S.R.L.",1-31-98573-4,,MORENA (S),2021-12-03,2022-01-12,2549810.97,2549810.97,100.0,11955404.2,8049810.97,0.9,0,,1,"production_company|set_manual|null|OGGÚN FILMS, S.R.L.|OCR label was Productora Cinematografica instead of Productor Cinematografico|Resolution PDF header p.1|2026-07-27|JDP",resolucion-cipac-no-2022-001_validacion-de-inversion-banco-de-ahorro-y-credito-adopem-s-a-morena-s.pdf
1419,CIPAC-2022-002,2022,,,701,369,art_34,approved,"BANCO MÚLTIPLE BDI, S.A.",1-01-04029-7,"OGGÚN FILMS, S.R.L.",1-31-98573-4,,MORENA (S),2021-12-03,2022-01-12,5500000.0,5500000.0,100.0,11955404.2,8049810.97,0.9,0,,1,"production_company|set_manual|null|OGGÚN FILMS, S.R.L.|OCR label was Productora Cinematografica instead of Productor Cinematografico|Resolution PDF header p.1|2026-07-27|JDP",resolucion-cipac-no-2022-002_validacion-de-inversion-banco-multiple-bdi-s-a-morena-s.pdf
1420,CIPAC-2022-003,2022,,,701,369,art_34,approved,"INVERSIONES IDF, S.A.",1-30-99775-6,"OGGÚN FILMS, S.R.L.",1-31-98573-4,,MORENA (S),2021-12-10,2022-01-12,1000000.0,1000000.0,100.0,11955404.2,9904247.99,0.9,0,,1,"production_company|set_manual|null|OGGÚN FILMS, S.R.L.|OCR label was Productora Cinematografica instead of Productor Cinematografico|Resolution PDF header p.1|2026-07-27|JDP",resolucion-cipac-no-2022-003_validacion-de-inversion-inversiones-idf-s-a-morena-s.pdf
1421,CIPAC-2022-004,2022,,,701,369,art_34,approved,"INVERSIONES YUBINA, S.R.L.",1-30-09649-1,"OGGÚN FILMS, S.R.L.",1-31-98573-4,,MORENA (S),2021-12-10,2022-01-12,354437.02,354437.02,100.0,11955404.2,9904247.99,0.9,0,,1,"production_company|set_manual|null|OGGÚN FILMS, S.R.L.|OCR label was Productora Cinematografica instead of Productor Cinematografico|Resolution PDF header p.1|2026-07-27|JDP",resolucion-cipac-no-2022-004_validacion-de-inversion-inversiones-yubina-s-r-l-s.pdf
1422,CIPAC-2022-005,2022,,,701,369,art_34,approved,"MOTOR CRÉDITO, S.A. (BANCO DE AHORRO Y CRÉDITO)",1-01-02828-9,"OGGÚN FILMS, S.R.L.",1-31-98573-4,,MORENA (S),2021-12-10,2022-01-12,500000.0,500000.0,100.0,11955404.2,9904247.99,0.9,0,,1,"production_company|set_manual|null|OGGÚN FILMS, S.R.L.|OCR label was Productora Cinematografica instead of Productor Cinematografico|Resolution PDF header p.1|2026-07-27|JDP",resolucion-cipac-no-2022-005_validacion-de-inversion-motor-credito-s-a-banco-de-ahorro-y-credito-morena-s.pdf
1423,CIPAC-2022-006,2022,,,689,433,art_34,approved,"AFP CRECER, S.A.",1-01-86085-5,"VEZLOP GROUP, S.R.L.",1-31-66655-8,,LA FAMILIA,2021-12-03,2022-01-12,10000000.0,10000000.0,100.0,79430739.0,74959937.0,1.0,0,,0,,resolucion-cipac-no-2022-006_validacion-de-inversion-afp-crecer-s-a-la-familia.pdf
1424,CIPAC-2022-007,2022,,,689,433,art_34,approved,"ADMINISTRADORA DE FONDOS DE PENSIONES POPULAR, S.A.",1-01-76868-1,"VEZLOP GROUP, S.R.L.",1-31-66655-8,,LA FAMILIA,2021-12-03,2022-01-12,60000000.0,60000000.0,100.0,79430739.0,74959937.0,1.0,0,,0,,resolucion-cipac-no-2022-007_validacion-de-inversion-administradora-de-fondos-de-pensiones-popular-s-a-la-familia.pdf
1425,CIPAC-2022-008,2022,,,689,433,art_34,approved,"CONSTRUCTORA RIZEK & ASOCIADOS, S.R.L.",1-01-57804-1,"VEZLOP GROUP, S.R.L.",1-31-66655-8,,LA FAMILIA,2021-12-03,2022-01-12,3000000.0,3000000.0,100.0,79430739.0,74959937.0,1.0,0,,0,,resolucion-cipac-no-2022-008_validacion-de-inversion-constructora-rizek-asociados-s-r-l-la-familia.pdf
1426,CIPAC-2022-009,2022,,,689,433,art_34,approved,"PACIFIC ASSETS, CORP",1-22-01963-4,"VEZLOP GROUP, S.R.L.",1-31-66655-8,,LA FAMILIA,2021-12-03,2022-01-12,1958220.0,1958220.0,100.0,79430739.0,74959937.0,1.0,0,,0,,resolucion-cipac-no-2022-009_validacion-de-inversion-pacific-assets-corp-la-familia.pdf
1427,CIPAC-2022-010,2022,,,684,428,art_34,approved,"BANCO POPULAR DOMINICANO, S. A. BANCO MÚLTIPLE",1-01-01063-2,"MIRAXIS FILMS, S.R.L.",1-32-00518-1,,DES-APARECIDO,2021-12-03,2022-01-12,64961565.0,64961565.0,100.0,67090091.0,65076056.0,1.0,0,,0,,resolucion-cipac-no-2022-010_validacion-de-inversion-banco-popular-dominicano-s-a-banco-multiple-des-aparecidos.pdf
1428,CIPAC-2022-011,2022,,,513,,art_39,approved,,,"DIAMOND MB PRODUCTIONS, S.R.L.",1-31-70716-5,,W PROJECT,2021-11-29,2022-01-12,804161266.05,201040316.51,25.0,905496787.0,905479687.0,0.9,0,,1,validated_amount_dop|set_manual|null|804161266.05|OCR split PRIMERO paragraph across pages losing amount|Resolution PDF PRIMERO section|2026-07-27|JDP,resolucion-cipac-no-2022-011-validacion-de-gastos-diamond-mb-productions-s-r-l-w-project.pdf
1429,CIPAC-2022-013,2022,,,649,412,art_34,approved,"LA INNOVACIÓN, S.R.L.",1-01-00583-1,"DARE FILMS, S.R.L.",1-32-08126-9,,ESA NOCHE: EL TAXI,2022-02-10,2022-02-10,7800000.0,7800000.0,100.0,22920467.22,22800000.0,1.0,0,,0,,resolucion-cipac-no-2022-013_validacion-de-inversion-la-innovacion-s-r-l-esa-noche-el-taxi.pdf
1430,CIPAC-2022-014,2022,,,686,426,art_34,approved,"COBINCA, S.A.",1-01-19447-2,"PANORÁMICA FILMS, S.R.L.",1-31-73183-1,,EL CUCÚ,2021-12-29,2022-02-10,10000000.0,10000000.0,100.0,17989812.31,17820503.51,1.0,0,,0,,resolucion-cipac-no-2022-014_validacion-de-inversion-cobinca-s-a-el-cucu.pdf
1431,CIPAC-2022-015,2022,,,686,426,art_34,approved,"INMOBILIARIA RAMCO, S.R.L.",1-01-03152-2,"PANORÁMICA FILMS, S.R.L.",1-31-73183-1,,EL CUCÚ,2021-12-29,2022-02-10,6000000.0,6000000.0,100.0,17989812.31,17820503.51,1.0,0,,0,,resolucion-cipac-no-2022-015_validacion-de-inversion-inmobiliaria-ramco-s-r-l-el-cucu.pdf
1432,CIPAC-2022-016,2022,,,686,426,art_34,approved,"LA INNOVACIÓN, S.R.L.",1-01-00583-1,"PANORÁMICA FILMS, S.R.L.",1-31-73183-1,,EL CUCÚ,2021-12-29,2022-02-10,1900000.0,1900000.0,100.0,17989812.31,17820503.51,1.0,0,,0,,resolucion-cipac-no-2022-016_validacion-de-inversion-la-innovacion-s-r-l-el-cucu.pdf
1433,CIPAC-2022-017,2022,,,638,405,art_34,approved,"EMPRESA GENERADORA DE ELECTRICIDAD ITABO, S.A.",1-01-82350-1,"COCU FILMS, S.R.L.",1-32-13293-9,,MUNDO DE ISLAS IMAGINADAS,2022-01-05,2022-02-10,35000000.0,35000000.0,100.0,68939054.0,35000000.0,1.0,0,,0,,resolucion-cipac-no-2022-017_validacion-de-inversion-empresa-generadora-de-electricidad-itabo-s-a-mundo-de-islas-imaginadas.pdf
1434,CIPAC-2022-018,2022,,,704,439,art_34,approved,"AES ANDRES DR, S.A.",1-31-13781-4,"NEOM FILMS ONE, S.R.L.",1-31-77014-2,,MÚSICA EN LA CIUDAD,2022-01-07,2022-02-10,4999999.35,4999999.35,100.0,20492398.0,9999999.35,1.0,0,,0,,resolucion-cipac-no-2022-018_validacion-de-inversion-aes-andres-dr-s-a-mausica-en-la-ciudad.pdf
1435,CIPAC-2022-019,2022,,,704,439,art_34,approved,"CASA PACO, S.A.",1-01-19151-1,"NEOM FILMS ONE, S.R.L.",1-31-77014-2,,MÚSICA EN LA CIUDAD,2022-01-07,2022-02-10,4999300.0,4999300.0,100.0,20492398.0,9999999.37,1.0,0,,0,,resolucion-cipac-no-2022-019_validacion-de-inversion-casa-paco-s-a-musica-en-la-ciudad.pdf
1436,CIPAC-2022-020,2022,,,636,411,art_34,approved,"BANCO POPULAR DOMINICANO, S. A. BANCO MÚLTIPLE",1-01-01063-2,"EDUCA FILMS, S.R.L.",1-32-16193-9,,20 BILLONES,2022-01-14,2022-02-10,20585309.0,20585309.0,100.0,61805103.58,54580656.0,1.0,0,,0,,resolucion-cipac-no-2022-020_validacion-de-inversion-banco-popular-dominicano-s-a-banco-multiple-20-billones.pdf
1437,CIPAC-2022-021,2022,,,680,420,art_34,approved,"CERVECERÍA NACIONAL DOMINICANA, S.A.",1-01-00372-3,"HIGH SCORE MEDIA, S.R.L.",1-32-21741-1,,LA REPUBLICA DE LA PELOTA,2022-01-14,2022-02-10,43868035.0,43868035.0,100.0,43917010.0,43931353.0,1.0,0,,0,,resolucion-cipac-no-2022-021_validacion-de-inversion-cerveceria-nacional-dominicana-s-a-la-republica-de-la-pelota.pdf
1438,CIPAC-2022-022,2022,,,681,422,art_34,approved,"CERVECERÍA NACIONAL DOMINICANA, S.A.",1-01-00372-3,"HIGH SCORE MEDIA, S.R.L.",1-32-21741-1,,LA REPUBLICA DE LA PELOTA VOL.II,2022-01-14,2022-02-10,43917710.0,43917710.0,100.0,43927063.0,44002847.0,1.0,0,,0,,resolucion-cipac-no-2022-022_validacion-de-inversion-cerveceria-nacional-dominicana-s-a-la-republica-de-la-pelota.pdf
1439,CIPAC-2022-023,2022,,,648,,art_39,approved,,,"FILM 025, S.R.L.",1-32-08596-5,,SIN LÍMITES (BOUNDLESS),2022-01-14,2022-02-10,138720295.0,34680073.75,25.0,306613489.0,138720295.0,1.0,0,,0,,resolucion-cipac-no-2022-023_validacion-de-gastos-film-025-s-r-l-sin-limites.pdf
1440,CIPAC-2022-024,2022,,,650,403,art_34,approved,"INDUSTRIAS NIGUA, S.A.",1-01-00485-1,"PRODUCCIONES COHOBA FILMS, S.R.L.",1-31-53272-1,,LA BROMA DE LA JUSTICIA,2022-01-18,2022-02-24,4090175.0,4090175.0,100.0,46069941.65,36840210.38,1.0,0,,0,,resolucion-cipac-no-2022-024_validacion-de-inversion-industrias-nigua-s-a-la-broma-de-la-justicia.pdf
1441,CIPAC-2022-025,2022,,,534,239,art_34,approved,"SUED & FARGESA, S.R.L.",1-01-02772-1,"PRODUCCIONES ATL, S.R.L.",1-31-22321-4,,A TIRO LIMPIO,2022-01-20,2022-02-24,5000000.0,5000000.0,100.0,96563397.0,67000000.0,1.0,0,,0,,resolucion-cipac-no-2022-025_validacion-de-inversion-sued-fargesa-s-r-l-a-tiro-limpio.pdf
1442,CIPAC-2022-027,2022,,,759,477,art_34,approved,"CERVECERÍA NACIONAL DOMINICANA, S.A.",1-01-00372-3,"ORUGA FILMS, S.R.L.",1-31-90179-4,,CASA LLENA,2022-01-20,2022-02-01,760000.0,7600000.0,100.0,84999494.0,19643240.63,1.0,0,,0,,resolucion-cipac-no-2022-027_validacion-de-inversion-cerveceria-nacional-dominicana-s-a-casa-llena.pdf
1443,CIPAC-2022-028,2022,,,645,397,art_34,approved,"LETERAGO, S.R.L.",1-01-01357-5,"DUKESA FILMS, S.R.L.",1-31-79141-7,,"BELTRÉ (BELTRÉ, CAMINO A COOPERSTOWN)",2022-01-26,2022-02-24,2000000.0,2000000.0,100.0,34282193.59,28003964.0,1.0,0,,0,,resolucion-cipac-no-2022-028_validacion-de-inversion-leterago-s-r-l-s-beltre-camino-a-cooperstown.pdf
1444,CIPAC-2022-029,2022,,,645,397,art_34,approved,"GERDAU METALDOM, S.A.",1-01-00484-3,"DUKESA FILMS, S.R.L.",1-31-79141-7,,"BELTRÉ (BELTRÉ, CAMINO A COOPERSTOWN)",2022-01-26,2022-02-24,10000000.0,10000000.0,100.0,34282193.59,28003964.0,1.0,0,,0,,resolucion-cipac-no-2022-029_validacion-de-inversion-gerdau-metaldom-s-a-beltre-camino-a-cooperstown.pdf
1445,CIPAC-2022-031,2022,,,514,317,art_34,approved,"AFP CRECER, S.A.",1-01-86085-5,"POB FILMS, S.R.L.",1-31-15524-3,,YAQUE 296,2022-01-26,2022-02-24,4000000.0,4000000.0,100.0,34775155.67,26912118.0,1.0,0,,0,,resolucion-cipac-no-2022-031_validacion-de-inversion-afp-crecer-s-a-yaque-296.pdf
1446,CIPAC-2022-032,2022,,,514,317,art_34,approved,"BANCO BACC DE AHORRO Y CRÉDITO DEL CARIBE, S.A.",1-01-13879-3,"POB FILMS, S.R.L.",1-31-15524-3,,YAQUE 296,2022-01-26,2022-02-24,1300000.0,1300000.0,100.0,34775155.67,26912118.0,1.0,0,,0,,resolucion-cipac-no-2022-032_validacion-de-inversion-banco-bacc-de-ahorro-y-credito-del-caribe-s-a-yaque-296.pdf
1447,CIPAC-2022-033,2022,,,514,317,art_34,approved,ALPHA SOCIEDAD DE VALORES S.A. PUESTO DE BOLSA,1-30-53836-2,"POB FILMS, S.R.L.",1-31-15524-3,,YAQUE 296,2022-01-26,2022-02-24,1661000.0,1661000.0,100.0,34775155.67,26912118.0,1.0,0,,0,,resolucion-cipac-no-2022-033_validacion-de-inversion-alpha-sociedad-de-valores-s-a-puesto-de-bolsa-yaque-296.pdf
1448,CIPAC-2022-034,2022,,,514,317,art_34,approved,"PIONEER SOCIEDAD ADMINISTRADORA DE FONDOS DE INVERSIÓN, S.A.",1-30-22934-1,"POB FILMS, S.R.L.",1-31-15524-3,,YAQUE 296,2022-01-26,2022-02-24,3000000.0,3000000.0,100.0,34775155.67,26912118.0,1.0,0,,0,,resolucion-cipac-no-2022-034_validacion-de-inversion-pioner-sociedad-administradora-de-fondos-de-inversion-s-a-yaque-296.pdf
1449,CIPAC-2022-035,2022,,,742,459,art_34,approved,"UNIQUE REPRESENTACIONES, S.R.L.",1-01-56244-7,"LUNA NEGRA, S.R.L.",1-31-00651-5,,GRANITO DE ARENA,2022-01-27,2022-02-24,921916.67,921916.67,100.0,15271747.16,5000000.0,1.0,0,,0,,resolucion-cipac-no-2022-035_validacion-de-inversion-unique-representaciones-s-r-l-granito-de-arena.pdf
1450,CIPAC-2022-036,2022,,,742,459,art_34,approved,"CEIBO BUSINESS, INC",1-30-68927-1,"LUNA NEGRA, S.R.L.",1-31-00651-5,,GRANITO DE ARENA,2022-01-27,2022-02-24,1000000.0,1000000.0,100.0,15271747.16,5000000.0,1.0,0,,0,,resolucion-cipac-no-2022-036_validacion-de-inversion-ceibo-s-a-granito-de-arena.pdf
1451,CIPAC-2022-037,2022,,,742,459,art_34,approved,"DOPERCO, S.R.L.",1-01-61456-2,"LUNA NEGRA, S.R.L.",1-31-00651-5,,GRANITO DE ARENA,2022-01-27,2022-02-24,2859283.34,2859283.34,100.0,15271747.16,5000000.0,1.0,0,,0,,resolucion-cipac-no-2022-037_validacion-de-inversion-doperco-s-r-l-granito-de-arena.pdf
1452,CIPAC-2022-040,2022,,,650,403,art_34,approved,"GRUPO COMETA, S.A.S.",1-01-01943-3,"PRODUCCIONES COHOBA FILMS, S.R.L.",1-31-53272-1,,LA BROMA DE LA JUSTICIA,2022-01-28,2022-02-24,7295729.42,7295729.42,100.0,46069941.65,44292885.81,1.0,0,,0,,resolucion-cipac-no-2022-040_validacion-de-inversion-grupo-cometa-s-a-s-la-broma-de-la-justicia.pdf
1453,CIPAC-2022-041,2022,,,650,403,art_34,approved,"CONSTRUCTORA RIZEK & ASOCIADOS, S.R.L.",1-01-57804-1,"PRODUCCIONES COHOBA FILMS, S.R.L.",1-31-53272-1,,LA BROMA DE LA JUSTICIA,2022-01-28,2022-02-24,156946.0,156746.0,100.0,46069941.65,44292885.81,1.0,0,,0,,resolucion-cipac-no-2022-041_validacion-de-inversion-constructora-rizek-asociados-s-r-l-la-broma-de-la-justicia.pdf
1454,CIPAC-2022-042,2022,,,752,381,art_34,approved,"INDUVECA, S.A.",1-22-01122-6,"LA BODA FILMS, S.R.L.",1-31-88378-8,,LA BÓVEDA,2022-01-28,2022-02-24,13000000.0,13000000.0,100.0,65031823.15,28015551.14,0.9,0,,1,total_budget_approved|set_manual|null|65031823.15|OCR read presupuesto aprobado para la produccion instead of standard format|Resolution PDF budget section|2026-07-27|JDP,resolucion-cipac-no-2022-042_validacion-de-inversion-induveca-s-a-la-boveda.pdf
1455,CIPAC-2022-043,2022,,,752,381,art_34,approved,"SUIPHAR DOMINICANA, S.R.L.",1-01-56680-9,"LA BODA FILMS, S.R.L.",1-31-88378-8,,LA BÓVEDA,2022-01-28,2022-02-24,14998178.45,14998178.45,100.0,65031823.15,28015551.14,0.9,0,,1,total_budget_approved|set_manual|null|65031823.15|OCR read presupuesto aprobado para la produccion instead of standard format|Resolution PDF budget section|2026-07-27|JDP,resolucion-cipac-no-2022-043_validacion-de-inversion-suiphar-dominicana-s-r-l-la-boveda.pdf
1456,CIPAC-2022-044,2022,,,726,446,art_34,approved,"CERVECERÍA NACIONAL DOMINICANA, S.A.",1-01-00372-3,"STAND UP FILMS, S.R.L.",1-32-26785-2,,EL HUMOR EN TIEMPOS DE COVID,2022-01-28,2022-02-24,17000000.0,17000000.0,100.0,33745133.0,20025196.0,1.0,0,,0,,resolucion-cipac-no-2022-044_validacion-de-inversion-cerveceria-nacional-dominicana-s-a-el-humor-en-tiempos-de-covid.pdf
1457,CIPAC-2022-045,2022,,,726,446,art_34,approved,"GLOBALPACK, S.R.L.",1-01-86584-9,"STAND UP FILMS, S.R.L.",1-32-26785-2,,EL HUMOR EN TIEMPOS DE COVID,2022-01-28,2022-02-24,2000000.0,2000000.0,100.0,33745133.0,20025196.0,0.9,0,,1,total_budget_approved|set_manual|null|33745133.00|Stamp covers total budget approved number in document|Resolution PDF VISTOS section|2026-07-27|JDP,resolucion-cipac-no-2022-045_validacion-de-inversion-globalpack-s-r-l-el-humor-en-tiempos-de-covid.pdf
1458,CIPAC-2022-046,2022,,,484,262,art_34,approved,"MOTOR CRÉDITO, S.A. (BANCO DE AHORRO Y CRÉDITO)",1-01-02828-9,"FRONTERA FILMS, S.R.L.",1-31-75564-1,,SIN PALABRAS,2022-01-28,2022-02-24,2500000.0,2500000.0,100.0,63428501.09,60780519.0,1.0,0,,0,,resolucion-cipac-no-2022-046_validacion-de-inversion-motor-credito-s-a-banco-de-ahorro-y-credito-sin-palabra.pdf
1459,CIPAC-2022-047,2022,,,484,262,art_34,approved,"GERDAU METALDOM, S.A.",1-01-00484-3,"FRONTERA FILMS, S.R.L.",1-31-75564-1,,SIN PALABRAS,2022-01-28,2022-02-24,4499733.0,4499733.0,100.0,63428501.09,60780519.0,1.0,0,,0,,resolucion-cipac-no-2022-047_validacion-de-inversion-gerdau-metaldom-s-a-sin-palabra.pdf
1460,CIPAC-2022-048,2022,,,651,407,art_34,approved,LOTEKA S.R.L.,1-01-84405-1,"ESTANDARF FILMS, S.R.L.",1-31-53936-1,,EL GRAN SANTO DOMINGO DESDE EL AIRE,2022-01-28,2022-02-24,3000000.0,3000000.0,100.0,14470607.18,13500118.0,1.0,0,,0,,resolucion-cipac-no-2022-048_validacion-de-inversion-loteka-s-r-l-el-gran-santo-domingo-desde-el-aire.pdf
1461,CIPAC-2022-049,2022,,,563,344,art_34,approved,"CERVECERÍA NACIONAL DOMINICANA, S.A.",1-01-00372-3,"LA FICHA FILMS, S.R.L.",1-31-94206-7,,JOSEITO: EL REY DEL MERENGUE,2022-01-28,2022-02-24,10000000.0,10000000.0,100.0,48362570.61,10000000.0,1.0,0,,0,,resolucion-cipac-no-2022-049_validacion-de-inversion-cerveceria-nacional-dominicana-s-a-joseito-el-rey-del-merengue.pdf
1462,CIPAC-2022-050,2022,,,689,433,art_34,approved,"MERCADO ELECTRÓNICO DOMINICANO, S.A.",1-30-02721-8,"VEZLOP GROUP, S.R.L.",1-31-66655-8,,LA FAMILIA,2022-02-24,2022-02-24,4103376.0,4103376.0,100.0,79430739.0,4160000.0,1.0,0,,0,,resolucion-cipac-no-2022-050_validacion-de-inversion-mercado-electronico-dominicano-s-a-la-familia.pdf
1463,CIPAC-2022-051,2022,,,637,406,art_34,approved,"GERDAU METALDOM, S.A.",1-01-00484-3,"PRODUCCIONES GUAYACANES 005, S.R.L.",1-32-15060-2,,CUARENCENA,2022-01-28,2022-02-24,13000000.0,13000000.0,100.0,75545850.0,75145457.0,0.9,0,,1,producer_rnc|set_manual|null|1-32-15060-2|OCR read 132-15060-2 missing first hyphen in RNC format|Resolution PDF header p.1|2026-07-27|JDP,resolucion-cipac-no-2022-051_validacion-de-inversion-gerdau-metaldom-s-a-cuarencena.pdf
1464,CIPAC-2022-052,2022,,,637,406,art_34,approved,"BANCO POPULAR DOMINICANO, S. A. BANCO MÚLTIPLE",1-01-01063-2,"PRODUCCIONES GUAYACANES 005, S.R.L.",1-32-15060-2,,CUARENCENA,2022-01-28,2022-02-24,13975000.0,13714669.0,100.0,75545850.0,75145457.0,0.9,0,,1,producer_rnc|set_manual|null|1-32-15060-2|OCR read 132-15060-2 missing first hyphen in RNC format|Resolution PDF header p.1|2026-07-27|JDP,resolucion-cipac-no-2022-052_validacion-de-inverion-banco-popular-dominicano-s-a-banco-multiple-cuarencena.pdf
1465,CIPAC-2022-056,2022,,,706,280,art_34,approved,"AEROPUERTO INTERNACIONAL DEL CIBAO, S.A.",1-02-61324-9,"TORO CELESTE, S.R.L.",1-31-38767-5,,MONSTRUOS,2022-01-31,2022-02-24,8000000.0,8000000.0,100.0,63672892.03,35450000.0,1.0,0,,0,,resolucion-cipac-no-2022-056_validacion-de-inversion-aeropuerto-internacional-del-cibao-s-a-monstruos.pdf
1466,CIPAC-2022-057,2022,,,706,280,art_34,approved,"AES ANDRES DR, S.A.",1-31-13781-4,"TORO CELESTE, S.R.L.",1-31-38767-5,,MONSTRUOS,2022-01-31,2022-02-24,24968779.75,24968779.75,100.0,63672892.03,35450000.0,1.0,0,,0,,resolucion-cipac-no-2022-057_validacion-de-inversion-aes-andres-dr-s-a-monstruos.pdf
1467,CIPAC-2022-058,2022,,,706,280,art_34,approved,"INDUVECA, S.A.",1-22-01122-6,"TORO CELESTE, S.R.L.",1-31-38767-5,,MONSTRUOS,2022-01-31,2022-02-24,2000000.0,2000000.0,100.0,63672829.03,35450000.0,1.0,0,,0,,resolucion-cipac-no-2022-058_validacion-de-inversion-induveca-s-a-monstruos.pdf
1468,CIPAC-2022-059,2022,,,706,280,art_34,approved,"MULTINAVES PID, S.R.L.",1-31-16996-1,"TORO CELESTE, S.R.L.",1-31-38767-5,,MONSTRUOS,2022-01-31,2022-02-24,450000.0,450000.0,100.0,63672892.03,35450000.0,1.0,0,,0,,resolucion-cipac-no-2022-059_validacion-de-inversion-multinaves-pid-s-r-l-monstruos.pdf
1469,CIPAC-2022-060,2022,,,306,143,art_34,approved,"BANCO DE AHORRO Y CRÉDITO BANCOTUI, S.A.",1-04-00200-8,"F & B FILMS, S.R.L.",1-30-78516-3,,DOMINICANOS EN EL MEDIO ORIENTE,2022-02-01,2022-02-24,1200000.0,1200000.0,100.0,13855529.74,10900000.0,1.0,0,,0,,resolucion-cipac-no-2022-060_validacion-de-inversion-banco-de-ahorro-y-credito-bancotui-s-a-dominicanos-en-el-medio-oriente.pdf
1470,CIPAC-2022-063,2022,,,726,446,art_34,approved,"E.T. HEINSEN, S.A.S.",1-05-00013-1,"STAND UP FILMS, S.R.L.",1-32-26785-2,,EL HUMOR EN TIEMPOS DE COVID,2022-01-28,2022-02-24,1000000.0,1000000.0,100.0,33745133.0,20025196.0,1.0,0,,0,,resolucion-cipac-no-2022-063_validacion-de-inversion-e-t-heinsen-s-a-s-el-humor-en-tiempo-de-covid.pdf
1471,CIPAC-2022-064,2022,,,753,465,art_34,approved,"MAGNA MOTORS, S.A.",1-01-05557-1,"BALSIE GUANABANA MACUTO, S.R.L.",1-30-88641-5,,BUSCANDO A LIBORIO,2022-02-04,2022-03-10,10000000.0,10000000.0,100.0,35810063.23,35000000.0,1.0,0,,0,,resolucion-cipac-no-2022-064_validacion-de-inversion-magna-motors-s-a-buscando-a-liborio.pdf
1472,CIPAC-2022-065,2022,,,753,465,art_34,approved,"GERDAU METALDOM, S.A.",1-01-00484-3,"BALSIE GUANABANA MACUTO, S.R.L.",1-30-88641-5,,BUSCANDO A LIBORIO,2022-02-04,2022-03-10,15000000.0,15000000.0,100.0,35810063.23,35000000.0,1.0,0,,0,,resolucion-cipac-no-2022-065_validacion-de-inversion-gerdau-metaldom-s-a-buscando-a-liborio.pdf
1473,CIPAC-2022-066,2022,,,753,465,art_34,approved,"DOMICEM, S.A.",1-01-81679-1,"BALSIE GUANABANA MACUTO, S.R.L.",1-30-88641-5,,BUSCANDO A LIBORIO,2022-02-04,2022-03-10,10000000.0,10000000.0,100.0,35810063.23,35000000.0,1.0,0,,0,,resolucion-cipac-no-2022-066_validacion-de-inversion-domicem-s-a-buscando-a-liborio.pdf
1474,CIPAC-2022-068,2022,,,567,303,art_34,approved,"PADILLA, S.A.",1-01-01243-9,"WOODEN BOAT PRODUCTIONS, S.R.L.",1-31-90670-2,,LA SEGUNDA HIJA,2022-02-04,2022-03-10,2500000.0,385808.0,100.0,65586542.0,61428102.0,1.0,0,,0,,resolucion-cipac-no-2022-068_validacion-de-inverson-padilla-s-a-la-segunda-hija.pdf
1475,CIPAC-2022-069,2022,,,565,358,art_34,approved,"ZETA COMERCIAL, S.R.L.",1-30-57697-1,"JOYADISE, S.R.L.",1-31-56995-1,,EL PLAN,2022-02-04,2022-03-10,5086890.0,5086890.0,100.0,21237480.0,20879875.0,1.0,0,,0,,resolucion-cipac-no-2022-069_validacion-de-inversion-zeta-comercial-s-r-l-el-plan.pdf
1476,CIPAC-2022-070,2022,,,565,358,art_34,approved,"SUED & FARGESA, S.R.L.",1-01-02772-1,"JOYADISE, S.R.L.",1-31-56995-1,,EL PLAN,2022-01-04,2022-03-10,5000000.0,5000000.0,100.0,21237480.0,20879875.0,1.0,0,,0,,resolucion-cipac-no-2022-070_validacion-de-inversion-sued-fargesa-s-r-l-el-plan.pdf
1477,CIPAC-2022-071,2022,,,764,473,art_34,approved,"DOMICEM, S.A.",1-01-81679-1,"ANTARES CINE & ANIMACIÓN, S.R.L.",1-32-37765-6,,OLIVIA Y LAS NUBES,2022-02-04,2022-03-10,35000000.0,35000000.0,100.0,68462184.31,50000000.0,1.0,0,,0,,resolucion-cipac-no-2022-071_validacion-de-inversion-domicem-s-a-olivia-y-las-nubes.pdf
1478,CIPAC-2022-072,2022,,,764,473,art_34,approved,"GERDAU METALDOM, S.A.",1-01-00484-3,"ANTARES CINE & ANIMACIÓN, S.R.L.",1-32-37765-6,,OLIVIA Y LAS NUBES,2022-02-04,2022-03-10,15000000.0,15000000.0,100.0,68462184.31,50000000.0,1.0,0,,0,,resolucion-cipac-no-2022-072_validacion-de-inversion-gerdau-metaldom-s-a-olivia-y-las-nubes.pdf
1479,CIPAC-2022-073,2022,,,731,466,art_34,approved,"MAGNA MOTORS, S.A.",1-01-05557-1,"YOHIMA, S.R.L.",1-32-12919-9,,CONGO PA CASIMIRO,2022-02-04,2022-03-10,15000000.0,15000000.0,100.0,35043587.56,34969417.0,1.0,0,,0,,resolucion-cipac-no-2022-073_validacion-de-inversion-magna-motors-s-a-congo-pa-casimiro.pdf
1480,CIPAC-2022-074,2022,,,731,466,art_34,approved,"LABELS CARIBE, INC",1-30-70227-6,"YOHIMA, S.R.L.",1-32-12919-9,,CONGO PA CASIMIRO,2022-01-04,2022-03-10,2000000.0,2000000.0,100.0,35043586.47,34969417.0,1.0,0,,0,,resolucion-cipac-no-2022-074_validacion-de-inversion-labels-caribe-inc-congo-pa-casimiro.pdf
1481,CIPAC-2022-075,2022,,,731,466,art_34,approved,"RAVI CARIBE, S.A.",1-30-28788-2,"YOHIMA, S.R.L.",1-32-12919-9,,CONGO PA CASIMIRO,2022-02-04,2022-02-10,2967924.0,2967924.0,100.0,35043587.56,34969417.0,1.0,0,,0,,resolucion-cipac-no-2022-075_validacion-de-inversion-ravi-caribe-s-a-congo-pa-casimiro.pdf
1482,CIPAC-2022-076,2022,,,731,466,art_34,approved,"GERDAU METALDOM, S.A.",1-01-00484-3,"YOHIMA, S.R.L.",1-32-12919-9,,CONGO PA CASIMIRO,2022-02-04,2022-03-10,15000000.0,15000000.0,100.0,35043586.47,34969417.0,1.0,0,,0,,resolucion-cipac-no-2022-076_validacion-de-inversion-gerdau-metalcom-s-a-congo-pa-casimiro.pdf
1483,CIPAC-2022-077,2022,,,602,359,art_34,approved,"PACIFIC ASSETS, CORP",1-22-01963-4,"STONE PRODUCTIONS, S.R.L.",1-31-90601-1,,CUENTOS DE CHOCOLATE,2022-02-04,2022-03-10,3849518.0,3849518.0,100.0,39418654.0,38267466.0,1.0,0,,0,,resolucion-cipac-no-2022-077_validacion-de-inversion-pacific-assets-corp-cuentos-de-chocolate.pdf
1484,CIPAC-2022-078,2022,,,602,359,art_34,approved,"AFP CRECER, S.A.",1-01-86085-5,"STONE PRODUCTIONS, S.R.L.",1-31-90601-1,,CUENTOS DE CHOCOLATE,2022-02-04,2022-03-10,2000000.0,2000000.0,100.0,39418654.0,38267466.0,1.0,0,,0,,resolucion-cipac-no-2022-078_validacion-de-inversion-afp-crecer-s-a-cuentos-de-chocolate.pdf
1485,CIPAC-2022-079,2022,,,602,359,art_34,approved,ALPHA SOCIEDAD DE VALORES S.A. PUESTO DE BOLSA,1-30-53836-2,"STONE PRODUCTIONS, S.R.L.",1-31-90601-1,,CUENTOS DE CHOCOLATE,2022-02-04,2022-03-10,375000.0,375000.0,100.0,39418654.0,38267466.0,1.0,0,,0,,resolucion-cipac-no-2022-079_validacion-de-inversion-alpha-sociedad-de-valores-s-a-cuentos-de-chocolate.pdf
1486,CIPAC-2022-080,2022,,,602,359,art_34,approved,"CONSTRUCTORA RIZEK & ASOCIADOS, S.R.L.",1-01-57804-1,"STONE PRODUCTIONS, S.R.L.",1-31-90601-1,,CUENTOS DE CHOCOLATE,2022-02-04,2022-03-10,2000000.0,2000000.0,100.0,39418654.0,38267466.0,1.0,0,,0,,resolucion-cipac-no-2022-080_validacion-de-inversion-constructora-rizek-asociados-s-r-l-cuentos-de-chocolate.pdf
1487,CIPAC-2022-081,2022,,,421,251,art_34,approved,"ARS MONUMENTAL, S.A.",1-30-05800-8,"YUQUITA FILMS, S.R.L.",1-31-77527-6,,INESPERADAMENTE LUCIA,2022-02-04,2022-03-10,4500000.0,4500000.0,100.0,62823370.0,48000602.0,1.0,0,,0,,resolucion-cipac-no-2022-081_validacion-de-inversion-ars-monumental-s-a-inesperadamente-lucia.pdf
1488,CIPAC-2022-082,2022,,,722,451,art_34,approved,"AEROPUERTO INTERNACIONAL DEL CIBAO, S.A.",1-02-61324-9,"KALIDOSCOPIC, S.R.L.",1-31-42240-3,,BOOKS AND DRINKS,2022-02-04,2022-03-10,2989116.06,2989116.06,100.0,78794453.0,70196158.99,1.0,0,,0,,resolucion-cipac-no-2022-082_validacion-de-inversion-aeropuerto-internacional-del-cibao-s-a-books-and-drinks.pdf
1489,CIPAC-2022-083,2022,,,722,451,art_34,approved,"BANCO MÚLTIPLE LÓPEZ DE HARO, S.A.",1-01-14588-9,"KALIDOSCOPIC, S.R.L.",1-31-42240-3,,BOOKS AND DRINKS,2022-02-04,2022-03-10,18101282.57,18101282.57,100.0,78794453.0,70196158.99,1.0,0,,0,,resolucion-cipac-no-2022-083_validacion-de-inversion-banco-multiltiple-lopez-de-haro-s-a-books-and-drinks.pdf
1490,CIPAC-2022-084,2022,,,722,451,art_34,approved,"BANCO MÚLTIPLE BDI, S.A.",1-01-04029-7,"KALIDOSCOPIC, S.R.L.",1-31-42240-3,,BOOKS AND DRINKS,2022-02-04,2022-03-10,4999832.27,4999832.27,100.0,78794453.0,70196158.99,1.0,0,,0,,resolucion-cipac-no-2022-084_validacion-de-inversion-banco-multiple-bdi-s-a-books-and-drinks.pdf
1491,CIPAC-2022-085,2022,,,722,451,art_34,approved,"GERDAU METALDOM, S.A.",1-01-00484-3,"KALIDOSCOPIC, S.R.L.",1-31-42240-3,,BOOKS AND DRINKS,2022-02-04,2022-03-10,14985328.46,14985328.46,100.0,78794453.0,70196158.99,1.0,0,,0,,resolucion-cipac-no-2022-085_validacion-de-inversion-gerdau-metaldom-s-a-books-and-drinks.pdf
1492,CIPAC-2022-086,2022,,,722,451,art_34,approved,"LA INNOVACIÓN, S.R.L.",1-01-00583-1,"KALIDOSCOPIC, S.R.L.",1-31-42240-3,,BOOKS AND DRINKS,2022-02-04,2022-03-10,10000000.0,10000000.0,100.0,78794453.0,70196158.99,1.0,0,,0,,resolucion-cipac-no-2022-086_vanodacion-de-inversion-la-innovacion-s-r-l-books-and-drinsk.pdf
1493,CIPAC-2022-087,2022,,,722,451,art_34,approved,"MERCASID, S.A.",1-01-80768-7,"KALIDOSCOPIC, S.R.L.",1-31-42240-3,,BOOKS AND PRINKS,2022-02-04,2022-03-10,14954623.15,14954623.15,100.0,78794453.0,70196158.99,1.0,0,,0,,resolucion-cipac-no-2022-087_validacion-de-inversion-mercasid-s-a-books-and-drinks.pdf
1494,CIPAC-2022-088,2022,,,722,451,art_34,approved,"SINERCON, S.A.",1-01-65694-8,"KALIDOSCOPIC, S.R.L.",1-31-42240-3,,BOOKS AND DRINKS,2022-02-04,2022-03-10,3927600.0,3927600.0,100.0,78794453.0,70196158.99,1.0,0,,0,,resolucion-cipac-no-2022-088_validacion-de-inversion-sinercon-s-a-books-and-drinks.pdf
1495,CIPAC-2022-089,2022,,,578,320,art_34,approved,"TRANSBEL, S.R.L.",1-01-89378-8,"MANAYA FILMS, S.R.L.",1-31-46226-1,,DANNY 45,2022-02-07,2022-03-10,15000000.0,15000000.0,100.0,69398343.91,43290000.0,1.0,0,,0,,resolucion-cipac-no-2022-089_validacion-de-inversion-transel-s-r-l-danny-45.pdf
1496,CIPAC-2022-090,2022,,,661,395,art_34,approved,"CERVECERÍA NACIONAL DOMINICANA, S.A.",1-01-00372-3,"PRODUCCIONES AMARU, S.R.L.",1-31-39513-9,,PARAÍSO PARA DOS,2022-02-07,2022-03-10,33708308.0,33708308.0,100.0,47822260.0,45592340.2,1.0,0,,0,,resolucion-cipac-no-2022-090_validacion-de-inversion-cerveceria-nacional-dominicana-s-a-paraiso-para-dos.pdf
1497,CIPAC-2022-091,2022,,,661,395,art_34,approved,"ALMACENES IBERIA, S.R.L.",1-11-00047-5,"PRODUCCIONES AMARU, S.R.L.",1-31-39513-9,,PARAÍSO PARA DOS,2022-02-07,2022-03-10,11884031.87,11884031.87,100.0,47822260.0,45592340.2,1.0,0,,0,,resolucion-cipac-no-2022-091_validacion-de-inversion-almacenes-iberia-s-r-l-paraiso-para-dos.pdf
1498,CIPAC-2022-092,2022,,,757,436,art_34,approved,"MERCASID, S.A.",1-01-80768-7,"CACIQUE PRODUCTIONS, S.R.L.",1-32-02934-8,,EN EL NOMBRE DE DIOS,2022-02-07,2022-03-10,20000000.0,20000000.0,100.0,80808569.0,20003437.0,1.0,0,,0,,resolucion-cipac-no-2022-092_validacion-de-inversion-mercasid-s-a-en-el-nombre-de-dios.pdf
1499,CIPAC-2022-093,2022,,,709,443,art_34,approved,"EMPRESA GENERADORA DE ELECTRICIDAD ITABO, S.A.",1-01-82350-1,"BRUJO FILMS, S.R.L.",1-31-51296-8,,EL BRUJO,2022-02-09,2022-03-10,15000000.0,15000000.0,100.0,84710389.0,55018506.76,1.0,0,,0,,resolucion-cipac-no-2022-093_validacion-de-inversion-empresa-generadora-de-electricidad-itabo-s-a-el-brujo.pdf
1500,CIPAC-2022-094,2022,,,709,443,art_34,approved,"QUALA DOMINICANA, S.A.",1-01-74167-8,"BRUJO FILMS, S.R.L.",1-31-51296-8,,EL BRUJO,2022-02-09,2022-03-10,9813508.16,9813508.16,100.0,84710389.0,55018506.76,1.0,0,,0,,resolucion-cipac-no-2022-094_validacion-de-inversion-quala-dominicana-s-a-el-brujo.pdf
1501,CIPAC-2022-095,2022,,,709,443,art_34,approved,"CENTRO CUESTA NACIONAL, S.A.S.",1-01-01992-1,"BRUJO FILMS, S.R.L.",1-31-51296-8,,EL BRUJO,2022-02-09,2022-03-10,10000000.0,10000000.0,100.0,84710389.0,55018506.76,1.0,0,,0,,resolucion-cipac-no-2022-095_validacion-de-inversion-centro-cuesta-nacional-s-a-s-el-brujo.pdf
1502,CIPAC-2022-096,2022,,,709,443,art_34,approved,"LOTERÍA ELECTRÓNICA INTERNACIONAL DOMINICANA, S.A.",1-01-70527-2,"BRUJO FILMS, S.R.L.",1-31-51296-8,,EL BRUJO,2022-02-09,2022-03-10,6000000.0,6000000.0,100.0,84710389.0,55018506.76,1.0,0,,0,,resolucion-cipac-no-2022-096_validacion-de-inversion-loteria-electronica-internacional-dominicana-s-a-leisa-el-brujo.pdf
1503,CIPAC-2022-097,2022,,,709,443,art_34,approved,"AES ANDRES DR, S.A.",1-31-13781-4,"BRUJO FILMS, S.R.L.",1-31-51296-8,,EL BRUJO,2022-02-09,2022-03-10,5000000.0,5000000.0,100.0,84710389.0,55018506.76,1.0,0,,0,,resolucion-cipac-no-2022-097_validacion-de-inversion-aes-andres-dr-s-a-el-brujo.pdf
1504,CIPAC-2022-098,2022,,,709,443,art_34,approved,"GRUPO CAROL, S.A.S.",1-01-87186-5,"BRUJO FILMS, S.R.L.",1-31-51296-8,,EL BRUJO,2022-02-09,2022-03-10,5000000.0,5000000.0,100.0,84710389.0,55018506.76,1.0,0,,0,,resolucion-cipac-no-2022-098_validacion-de-inversion-grupo-carol-s-a-s-el-brujo.pdf
1505,CIPAC-2022-099,2022,,,709,443,art_34,approved,"LABORATORIOS KEY, S.R.L.",1-01-00132-1,"BRUJO FILMS, S.R.L.",1-31-51296-8,,EL BRUJO,2022-02-09,2022-03-10,4000000.0,4000000.0,100.0,84710389.0,55018506.76,1.0,0,,0,,resolucion-cipac-no-2022-099_validacion-de-inversion-laboratorios-key-s-r-l-el-brujo.pdf
1506,CIPAC-2022-100,2022,,,640,351,art_34,approved,"RAFAEL ÁLVAREZ, S.R.L.",1-02-00040-9,"HANNAH FILMS, S.R.L.",1-31-97461-9,,CON UN PIE AQUÍ Y EL OTRO ALLÁ,2022-02-10,2022-03-10,4348000.0,4348000.0,100.0,41272417.81,28770005.24,1.0,0,,0,,resolucion-cipac-no-2022-100_validacion-de-inversion-rafael-alvarez-s-r-l-con-un-pie-aqui-y-el-otro-alla.pdf
1507,CIPAC-2022-101,2022,,,640,351,art_34,approved,"COMERCIALIZADORA NACIONAL Y DE EXPORTACIÓN, S.R.L.",1-02-00184-7,"HANNAH FILMS, S.R.L.",1-31-97461-9,,CON UN PIE AQUÍ Y EL OTRO ALLÁ,2022-02-10,2022-03-10,700000.0,700000.0,100.0,41272417.81,28770005.24,1.0,0,,0,,resolucion-cipac-no-2022-101_validacion-de-inversion-comercializadora-nacional-y-de-exportacion-s-r-l-con-un-pie-aqui-y-el-otro-alla.pdf
1508,CIPAC-2022-102,2022,,,640,351,art_34,approved,"LUBRICANTES DOMINICANOS, S.R.L.",1-01-05451-4,"HANNAH FILMS, S.R.L.",1-31-97461-9,,CON UN PIE AQUÍ Y EL OTRO ALLÁ,2022-02-10,2022-03-10,7700000.0,7700000.0,100.0,41272417.81,28770005.24,1.0,0,,0,,resolucion-cipac-no-2022-102_validacion-de-inversion-lubricantes-dominicanos-s-r-l-con-un-pie-aqui-y-el-otro-alla.pdf
1509,CIPAC-2022-103,2022,,,426,218,art_34,approved,"AEROPUERTO INTERNACIONAL DEL CIBAO, S. A.",1-02-61324-9,"MILBO PRODUCTIONS, S.R.L.",1-31-22322-2,,MILVIO,2022-02-11,2022-03-10,3998925.53,3998925.53,100.0,37178810.0,28470924.22,0.9,0,,1,film_title|set_manual|null|MILVIO|OCR did not capture quotes around film title|Resolution PDF header p.1|2026-07-27|JDP,resolucion-cipac-no-2022-103_validacion-de-inversion-aeropuerto-internacional-del-cibao-s-a-milvio.pdf
1510,CIPAC-2022-104,2022,,,608,392,art_34,approved,"INDUSTRIAS NIGUA, S.A.",1-01-00485-1,"MILBO PRODUCTIONS, S.R.L.",1-31-22322-2,,MILVIO,2022-02-11,2022-03-10,1000000.0,1000000.0,100.0,51936880.64,41790000.01,0.9,0,,1,film_title|set_manual|null|MILVIO|OCR did not capture quotes around film title|Resolution PDF header p.1|2026-07-27|JDP,resolucion-cipac-no-2022-104_validacion-de-inversion-industrias-nigua-s-a-libelula.pdf
1511,CIPAC-2022-105,2022,,,707,247,art_34,approved,"TOTALENERGIES MARKETING DOMINICANA, S.A.",1-01-06874-4,"INFINITO PRODUCTIONS, S.R.L.",1-32-07836-5,,LA HORA DE VOLVÉ,2022-02-11,2022-03-10,9954778.72,9954778.72,100.0,21830653.0,19000000.0,1.0,0,,0,,resolucion-cipac-no-2022-105_-validacion-de-inversion-v-energy-s-a-la-hora-de-volver.pdf
1512,CIPAC-2022-106,2022,,,707,247,art_34,approved,"GRUPO COMETA, S.A.S.",1-01-01943-3,"INFINITO PRODUCTIONS, S.R.L.",1-32-07836-5,,LA HORA DE VOLVÉ,2022-02-11,2022-03-10,4970500.0,4970500.0,100.0,21830653.0,19000000.0,1.0,0,,0,,resolucion-cipac-no-2022-106_validacion-de-inversion-grupo-cometa-s-a-s-la-hora-de-volver.pdf
1513,CIPAC-2022-107,2022,,,707,247,art_34,approved,"BANCO MÚLTIPLE BDI, S.A.",1-01-04029-7,"INFINITO PRODUCTIONS, S.R.L.",1-32-07836-5,,LA HORA DE VOLVE,2022-02-11,2022-03-10,4000000.0,4000000.0,100.0,21830653.0,19000000.0,1.0,0,,0,,resolucion-cipac-no-2022-107_validacion-de-inversion-banco-multiple-bdi-s-a-la-hora-de-volver.pdf
1514,CIPAC-2022-108,2022,,,728,463,art_34,approved,"BANCO POPULAR DOMINICANO, S. A. BANCO MÚLTIPLE",1-01-01063-2,"DOMINICAN NIGHTSCAPE, S.R.L.",1-32-23885-2,,BUTYTO,2022-02-11,2022-03-10,14650000.0,14650000.0,100.0,66943888.5,19484672.0,0.9,0,,1,film_title|set_manual|null|BUTYTO|OCR did not capture quotes around film title|Resolution PDF header p.1|2026-07-27|JDP,resolucion-cipac-no-2022-108_validacion-de-inversion-banco-popular-dominicano-s-a-butyto.pdf
1515,CIPAC-2022-109,2022,,,728,463,art_34,approved,"LABORATORIOS DE APLICACIONES MÉDICAS, S.A.",1-01-16846-3,"DOMINICAN NIGHTSCAPE, S.R.L.",1-32-23885-2,,BUTYTO,2022-02-11,2022-03-10,2000000.0,2000000.0,100.0,66943888.5,19484672.0,0.9,0,,1,film_title|set_manual|null|BUTYTO|OCR did not capture quotes around film title|Resolution PDF header p.1|2026-07-27|JDP,resolucion-cipac-no-2022-109_validacion-de-inversion-laboratorios-de-aplicaciones-medicas-s-a-butyto.pdf
1516,CIPAC-2022-110,2022,,,728,463,art_34,approved,"ALIMENTOS MAC, S.R.L.",1-01-75406-2,"DOMINICAN NIGHTSCAPE, S.R.L.",1-32-23885-2,,BUTYTO,2022-02-11,2022-03-10,2834672.0,2834672.0,100.0,66943888.5,19484672.0,0.9,0,,1,film_title|set_manual|null|BUTYTO|OCR did not capture quotes around film title|Resolution PDF header p.1|2026-07-27|JDP,resolucion-cipac-no-2022-110_validacion-de-inversion-alimentos-mac-s-r-l-butyto.pdf
1517,CIPAC-2022-111,2022,,,716,464,art_34,approved,"AEROPUERTO INTERNACIONAL DEL CIBAO, S.A.",1-02-61324-9,"SELENE FILMS MANAGEMENTS, S.R.L.",1-31-50486-8,,BOCA CHICA,2022-02-11,2022-03-10,10000000.0,10000000.0,100.0,59999651.35,49495116.0,1.0,0,,0,,resolucion-cipac-no-2022-111_validacion-de-inversion-aeropuerto-ineternacional-del-cibao-s-a-boca-chica.pdf
1518,CIPAC-2022-112,2022,,,716,464,art_34,approved,"AES ANDRES DR, S.A.",1-31-13781-4,"SELENE FILMS MANAGEMENTS, S.R.L.",1-31-50486-8,,BOCA CHICA,2022-02-11,2022-03-10,10000000.0,10000000.0,100.0,59999651.35,49495116.0,1.0,0,,0,,resolucion-cipac-no-2022-112_validacion-de-inversion-aes-andres-dr-s-a-boca-chica.pdf
1519,CIPAC-2022-113,2022,,,716,464,art_34,approved,"CALIZAMAR, S.A.",1-30-12373-1,"SELENE FILMS MANAGEMENTS, S.R.L.",1-31-50486-8,,BOCA CHICA,2022-02-11,2022-03-10,2000000.0,2000000.0,100.0,59999651.35,49495116.0,1.0,0,,0,,resolucion-cipac-no-2022-113_validacion-de-inversion-calizamar-s-a-boca-chica.pdf
1520,CIPAC-2022-114,2022,,,716,464,art_34,approved,"CECOMSA, S.R.L.",1-02-31616-3,"SELENE FILMS MANAGEMENTS, S.R.L.",1-31-50486-8,,BOCA CHICA,2022-02-11,2022-03-10,5000000.0,5000000.0,100.0,59999651.35,49495116.0,1.0,0,,0,,resolucion-cipac-no-2022-114_validacion-de-inversion-cecomsa-s-r-l-boca-chica.pdf
1521,CIPAC-2022-115,2022,,,716,464,art_34,approved,"ENVASES ANTILLANOS, S.R.L.",1-02-00295-9,"SELENE FILMS MANAGEMENTS, S.R.L.",1-31-50486-8,,BOCA CHICA,2022-02-11,2022-03-10,4000000.0,4000000.0,100.0,59999651.35,49495116.0,1.0,0,,0,,resolucion-cipac-no-2022-115_validacion-de-inversion-envases-aantillanos-s-r-l-boca-chica.pdf
1522,CIPAC-2022-116,2022,,,716,464,art_34,approved,"LA MONUMENTAL DE SEGUROS, S.A.",1-02-30854-3,"SELENE FILMS MANAGEMENTS, S.R.L.",1-31-50486-8,,BOCA CHICA,2022-02-11,2022-03-10,2494644.0,2494644.0,100.0,59999651.35,49495116.0,1.0,0,,0,,resolucion-cipac-no-2022-116_validacion-de-inversion-la-monumental-de-seguros-s-a-bocha-chica.pdf
1523,CIPAC-2022-117,2022,,,716,464,art_34,approved,"LABORATORIOS DR. COLLADO, S.A.",1-01-00555-6,"SELENE FILMS MANAGEMENTS, S.R.L.",1-31-50486-8,,BOCA CHICA,2022-02-11,2022-03-10,5000000.0,5000000.0,100.0,59999651.35,49495116.0,1.0,0,,0,,resolucion-cipac-no-2022-117_validacion-de-inversion-laboratorios-dr-collado-s-a-boca-chica.pdf
1524,CIPAC-2022-118,2022,,,716,464,art_34,approved,"MORTEROS DE EUROPA, S.A.S.",1-02-62071-7,"SELENE FILMS MANAGEMENTS, S.R.L.",1-31-50486-8,,BOCA CHICA,2022-02-11,2022-03-10,2000000.0,2000000.0,100.0,59999651.35,49495116.0,1.0,0,,0,,resolucion-cipac-no-2022-118_validacion-de-inversion-monteros-de-europa-s-a-s-boca-chica.pdf
1525,CIPAC-2022-119,2022,,,716,464,art_34,approved,"TRANSAGRÍCOLA, S.R.L.",1-02-01950-9,"SELENE FILMS MANAGEMENTS, S.R.L.",1-31-50486-8,,BOCA CHICA,2022-02-11,2022-03-10,9000000.0,9000000.0,100.0,59999651.35,49495116.0,1.0,0,,0,,resolucion-cipac-no-2022-119_validacion-de-inversion-transagricola-s-r-l-boca-chica.pdf
1526,CIPAC-2022-120,2022,,,669,419,art_34,approved,"AFP CRECER, S.A.",1-01-86085-5,"GODRANISS GROUP, S.R.L.",1-31-37909-5,,CUENTOS DE AZÚCAR Y TRIGO,2022-02-11,2022-03-10,18000000.0,18000000.0,100.0,39259920.0,38691556.0,1.0,0,,0,,resolucion-cipac-no-2022-120_validacion-de-inversion-afp-crecer-s-a-cuentos-de-azucar-y-trigo.pdf
1527,CIPAC-2022-121,2022,,,669,419,art_34,approved,ALPHA SOCIEDAD DE VALORES S.A. PUESTO DE BOLSA,1-30-53836-2,"GODRANISS GROUP, S.R.L.",1-31-37909-5,,CUENTOS DE AZÚCAR Y TRIGO,2022-02-11,2022-03-10,690885.0,690885.0,100.0,39259920.0,38691556.0,1.0,0,,0,,resolucion-cipac-no-2022-121_validacion-de-inversion-alpha-sociedad-de-valores-s-a-puesto-de-bolsa-cuentos-de-azucar-y-trigo.pdf
1528,CIPAC-2022-122,2022,,,669,419,art_34,approved,"BANCO MÚLTIPLE SANTA CRUZ, S.A.",1-02-01292-1,"GODRANISS GROUP, S.R.L.",1-31-37909-5,,CUENTOS DE AZÚCAR Y TRIGO,2022-02-11,2022-03-10,15000000.0,15000000.0,100.0,39259920.0,38691556.0,1.0,0,,0,,resolucion-cipac-no-2022-122_validacion-de-inversion-banco-multiple-santa-cruz-s-a-cuentos-de-azucar-y-trigo.pdf
1529,CIPAC-2022-123,2022,,,723,457,art_34,approved,"PASTEURIZADORA RICA, S.A.",1-01-00441-1,"SKY FILMS, S.R.L.",1-31-72360-8,,ELLAS NOS HABLAN DE CERCA,2022-02-11,2022-03-10,20000000.0,20000000.0,100.0,30002243.0,29982590.0,1.0,0,,0,,resolucion-cipac-no-2022-123_validacion-de-inversion-pasteurizadora-rica-s-a-elllas-nos-hablan-de-cerca.pdf
1530,CIPAC-2022-124,2022,,,723,457,art_34,approved,"CERVECERÍA NACIONAL DOMINICANA, S.A.",1-01-00372-3,"SKY FILMS, S.R.L.",1-31-72360-8,,ELLAS NOS HABLAN DE CERCA,2022-02-11,2022-03-10,9982590.0,9982590.0,100.0,30002243.0,29982590.0,1.0,0,,0,,resolucion-cipac-no-2022-124_validacion-de-inversion-cerveceria-nacional-dominicana-s-a-ellas-nos-hablan-de-cerca.pdf
1531,CIPAC-2022-125,2022,,,627,457,art_34,approved,"BANCO MÚLTIPLE BDI, S.A.",1-01-04029-7,"PAL MONTE PICTURES, S.R.L.",1-32-07826-8,,FRÁGIL COMO EL VIDRIO,2022-02-11,2022-03-10,1000000.0,1000000.0,100.0,27370591.0,23000000.0,1.0,0,,0,,resolucion-cipac-no-2022-125_validacion-de-inversion-banco-multile-bdi-s-a-fragil-como-el-vidrio.pdf
1532,CIPAC-2022-126,2022,,,627,457,art_34,approved,"BELLACER, E.I.R.L.",1-31-80325-3,"PAL MONTE PICTURES, S.R.L.",1-32-07826-8,,FRÁGIL COMO EL VIDRIO,2022-02-11,2022-03-10,250000.0,250000.0,100.0,27370591.0,23000000.0,1.0,0,,0,,resolucion-cipac-no-2022-126_validacion-de-inversion-bellacer-e-i-r-l-fragil-como-el-vidrio.pdf
1533,CIPAC-2022-127,2022,,,627,457,art_34,approved,"CERÁMICA DEL ESTE ROMANA CER, S.R.L.",1-31-28829-4,"PAL MONTE PICTURES, S.R.L.",1-32-07826-8,,FRÁGIL COMO EL VIDRIO,2022-02-11,2022-03-10,250000.0,250000.0,100.0,27370591.0,23000000.0,1.0,0,,0,,resolucion-cipac-no-2022-127_validacion-de-inversion-ceramica-del-este-romana-c-e-r-s-r-l-fragil-como-el-vidrio.pdf
1534,CIPAC-2022-128,2022,,,627,457,art_34,approved,"TEKNICERAMICAS, E.I.R.L.",1-31-66423-7,"PAL MONTE PICTURES, S.R.L.",1-32-07826-8,,FRÁGIL COMO EL VIDRIO,2022-02-11,2022-03-10,500000.0,500000.0,100.0,27370591.0,23000000.0,1.0,0,,0,,resolucion-cipac-no-2022-128_validacion-de-inversion-tekniceramicas-e-i-r-l-fragil-como-el-vidrio.pdf
1535,CIPAC-2022-129,2022,,,506,275,art_34,approved,"GERDAU METALDOM, S.A.",1-01-00484-3,"DUKESA FILMS, S.R.L.",1-31-79141-7,,CARLOTA LA MÁS BARRIAL,2022-02-11,2022-03-10,10000000.0,10000000.0,100.0,62291006.33,55238387.0,1.0,0,,0,,resolucion-cipac-no-2022-129_validacion-de-inversion-gerdau-metaldom-s-a-carlota-la-mas-barrial.pdf
1536,CIPAC-2022-130,2022,,,506,275,art_34,approved,"SINERCON, S.A.",1-01-65694-8,"DUKESA FILMS, S.R.L.",1-31-79141-7,,CARLOTA LA MÁS BARRIAL,2022-02-11,2022-03-10,7738385.0,7738385.0,100.0,62291006.33,55238387.0,1.0,0,,0,,resolucion-cipac-no-2022-130_validacion-de-inverson-sinercon-s-a-carlota-la-mas-barrial.pdf
1537,CIPAC-2022-131,2022,,,647,308,art_34,approved,"BANCO POPULAR DOMINICANO, S. A. BANCO MÚLTIPLE",1-01-01063-2,"SAMAN FILMS, S.R.L.",1-31-88883-6,,THE FACILITY,2022-02-11,2022-03-10,20498939.0,20498939.0,100.0,44682262.72,26095797.0,1.0,0,,0,,resolucion-cipac-no-2022-131_validacion-de-inversion-banco-popular-dominicano-s-a-banco-multiple-the-facility.pdf
1538,CIPAC-2022-132,2022,,,768,479,art_34,approved,"MAGNA MOTORS, S.A.",1-01-05557-1,"THE ONLY ONE FILMS, S.R.L.",1-32-37755-9,,THE ONE,2022-02-14,2022-03-10,19981703.0,19981703.0,100.0,58949730.72,44981703.0,1.0,0,,0,,resolucion-cipac-no-2022-132_validacion-de-inversion-magna-motors-s-a-the-one.pdf
1539,CIPAC-2022-133,2022,,,768,479,art_34,approved,"GERDAU METALDOM, S.A.",1-01-00484-3,"THE ONLY ONE FILMS, S.R.L.",1-32-37755-9,,THE ONE,2022-02-14,2022-03-10,25000000.0,25000000.0,100.0,58949730.72,44981703.0,1.0,0,,0,,resolucion-cipac-no-2022-133_validacion-de-inversion-gerdau-metaldom-s-a-the-one.pdf
1540,CIPAC-2022-134,2022,,,700,432,art_34,approved,"ADMINISTRADORA DE FONDOS DE PENSIONES POPULAR, S.A.",1-01-76868-1,"INGENIO LATERAL, S.R.L.",1-30-96216-2,,CUENTOS DE ARROZ Y MAÍZ,2022-02-14,2022-03-10,38000000.0,38000000.0,100.0,41890888.0,41339100.0,1.0,0,,0,,resolucion-cipac-no-2022-134_validacon-de-inversion-administradora-de-fondos-de-pensiones-popular-s-a-cuentos-de-arroz-y-maiz.pdf
1541,CIPAC-2022-135,2022,,,700,432,art_34,approved,ALPHA SOCIEDAD DE VALORES S.A. PUESTO DE BOLSA,1-30-53836-2,"INGENIO LATERAL, S.R.L.",1-30-96216-2,,CUENTOS DE ARROZ Y MAIZ,2022-02-14,2022-03-10,2375000.0,2375000.0,100.0,41890888.0,41339100.0,1.0,0,,0,,resolucion-cipac-no-2022-135_validacion-de-inversion-alpha-sociedad-de-valores-s-a-cuentos-de-arroz-y-maiz.pdf
1542,CIPAC-2022-136,2022,,,700,432,art_34,approved,"PIMENTEL & CO, S.R.L.",1-02-00113-8,"INGENIO LATERAL, S.R.L.",1-30-96216-2,,CUENTOS DE ARROZ Y MAIZ,2022-02-14,2022-03-10,964100.0,964100.0,100.0,41890888.0,41339100.0,1.0,0,,0,,resolucion-cipac-no-2022-136_validacion-de-inversion-pimentel-y-co-s-r-l-cuentos-de-arroz-y-maiz.pdf
1543,CIPAC-2022-137,2022,,,516,324,art_34,approved,"ALTICE DOMINICANA, S.A.",1-01-61878-7,"RULIN FILMS, S.R.L.",1-31-72081-1,,EL UNICORNIO ROSADO,2022-02-14,2022-03-10,24879034.0,24879034.0,100.0,80289997.35,74992439.0,1.0,0,,0,,resolucion-cipac-no-2022-137_validacion-de-inversion-altice-dominicana-s-a-el-unicornio-rosado.pdf
1544,CIPAC-2022-138,2022,,,737,434,art_34,approved,"BANCO POPULAR DOMINICANO, S. A. BANCO MÚLTIPLE",1-01-01063-2,"PRODUCCIONES LÍNEA ESPIRAL, S.R.L.",1-22-01660-2,,AIRE,2022-01-14,2022-03-10,40000000.0,40000000.0,100.0,94650938.0,85000000.0,1.0,0,,0,,resolucion-cipac-no-2022-138_validacion-de-inversion-banco-popular-dominicano-s-a-banco-multiple-aire.pdf
1545,CIPAC-2022-139,2022,,,737,434,art_34,approved,"GERDAU METALDOM, S.A.",1-01-00484-3,"PRODUCCIONES LÍNEA ESPIRAL, S.R.L.",1-22-01660-2,,AIRE,2022-01-14,2022-03-10,45000000.0,45000000.0,100.0,94650938.0,85000000.0,1.0,0,,0,,resolucion-cipac-no-2022-139_validacion-de-inversion-gerdau-metaldom-s-a-aire.pdf
1546,CIPAC-2022-140,2022,,,712,450,art_34,approved,"BANCO POPULAR DOMINICANO, S. A. BANCO MÚLTIPLE",1-01-01063-2,"PRODUCCIONES GUAYACANES 006, S.R.L.",1-32-16949-2,,LA HEMBRITA,2022-02-14,2022-03-10,78000000.0,78000000.0,100.0,84482203.0,84177647.0,1.0,0,,0,,resolucion-cipac-no-2022-140_validacion-de-inversion-banco-popular-dominicano-s-a-banco-multiple-la-hembrita.pdf
1547,CIPAC-2022-141,2022,,,712,450,art_34,approved,"CONSORCIO DE TARJETAS DOMINICANAS, S.A.",1-01-65432-5,"PRODUCCIONES GUAYACANES 006, S.R.L.",1-32-16949-2,,LA HEMBRITA,2022-02-14,2022-03-10,6141898.0,6141898.0,100.0,84482203.0,84177647.0,1.0,0,,0,,resolucion-cipac-no-2022-141_validacion-de-inversion-consorcio-de-tarjetas-dominicanas-s-a-la-hembrita.pdf
1548,CIPAC-2022-142,2022,,,618,,art_39,approved,,,"FILM 023, S.R.L.",1-31-92404-2,,ARTHUR THE KING,2022-02-17,2022-03-16,1926140440.0,481535110.0,25.0,1930102841.0,1926140440.0,0.9,0,,1,total_budget_executed|set_manual|null|1926140440.00|OCR did not capture executed budget paragraph|Resolution PDF budget section|2026-07-27|JDP,resolucion-cipac-no-2022-142_validacion-de-gastos-atk-holdings-llc-arthur-the-king.pdf
1549,CIPAC-2022-143,2022,,,599,356,art_34,approved,"TOTALENERGIES MARKETING DOMINICANA, S.A.",1-01-06874-4,"PILÓN PRODUCTIONS, S.R.L.",1-30-99100-6,,1979,2022-02-03,2022-03-22,5000000.0,5000000.0,100.0,39346930.05,35152320.86,1.0,0,,0,,resolucion-cipac-no-2022-143_validacion-de-inversion-v-energy-s-a-1979.pdf
1550,CIPAC-2022-144,2022,,,599,356,art_34,approved,"UNIQUE REPRESENTACIONES, S.R.L.",1-01-56244-7,"PILÓN PRODUCTIONS, S.R.L.",1-30-99100-6,,1979,2022-02-03,2022-03-22,1000000.0,1000000.0,100.0,39346930.05,35152320.86,1.0,0,,0,,resolucion-cipac-no-2022-144_validacion-de-inversion-unique-representaciones-s-r-l-1979.pdf
1551,CIPAC-2022-145,2022,,,628,378,art_34,approved,"DOPERCO, S.R.L.",1-01-61456-2,"PILÓN PRODUCTIONS, S.R.L.",1-30-99100-6,,LEMONADE,2022-02-08,2022-03-22,5000000.0,5000000.0,100.0,38392892.01,24037872.9,1.0,0,,0,,resolucion-cipac-no-2022-145_validacion-de-inversion-doperco-s-r-l-lemonade.pdf
1552,CIPAC-2022-146,2022,,,628,378,art_34,approved,"UNIQUE REPRESENTACIONES, S.R.L.",1-01-56244-7,"PILÓN PRODUCTIONS, S.R.L.",1-30-99100-6,,LEMONADE,2022-02-08,2022-03-22,2000000.0,2000000.0,100.0,38392892.01,24037872.9,1.0,0,,0,,resolucion-cipac-no-2022-146_validacion-de-inversion-unique-representaciones-s-r-l-lemonade.pdf
1553,CIPAC-2022-147,2022,,,724,462,art_34,approved,"LABORATORIOS DE APLICACIONES MÉDICAS, S.A.",1-01-16846-3,"SKY FILMS, S.R.L.",1-31-72360-8,,RAMONA,2022-02-11,2022-03-22,10000000.0,10000000.0,100.0,40021033.0,40061927.0,1.0,0,,0,,resolucion-cipac-no-2022-147_validacion-de-inversion-laboratorios-de-aplicaciones-medicas-s-a-ramona.pdf
1554,CIPAC-2022-148,2022,,,724,462,art_34,approved,"ANALISA LABORATORIO CLÍNICO, S.R.L.",1-01-82419-2,"SKY FILMS, S.R.L.",1-31-72360-8,,RAMONA,2022-02-11,2022-03-22,10000000.0,10000000.0,100.0,40021033.0,40061927.0,1.0,0,,0,,resolucion-cipac-no-2022-148_validacion-de-inversion-analisa-laboratorio-clinico-s-r-l-ramona.pdf
1555,CIPAC-2022-149,2022,,,754,469,art_34,approved,"DISASHOP DOMINICANA, S.R.L.",1-30-17301-1,"BLIND EYE PRODUCTIONS, S.R.L.",1-32-07948-5,,DETRÁS DE LA TORMENTA,2022-02-14,2022-03-22,2800000.0,2800000.0,100.0,24097438.0,23211212.12,1.0,0,,0,,resolucion-cipac-no-2022-149_validacion-de-inversion-disashop-dominicana-s-a-detras-de-la-tormenta.pdf
1556,CIPAC-2022-150,2022,,,754,469,art_34,approved,"PEÑA GUILLÉN, S.A.",1-01-07725-5,"BLIND EYE PRODUCTIONS, S.R.L.",1-32-07948-5,,DETRÁS DE LA TORMENTA,2022-02-14,2022-03-22,2000000.0,2000000.0,100.0,24097438.0,23211212.12,1.0,0,,0,,resolucion-cipac-no-2022-150_validacion-de-inversion-pena-guillen-s-a-detras-de-la-tormenta.pdf
1557,CIPAC-2022-151,2022,,,754,469,art_34,approved,"MAGNA MOTORS, S.A.",1-01-05557-1,"BLIND EYE PRODUCTIONS, S.R.L.",1-32-07948-5,,DETRÁS DE LA TORMENTA,2022-02-14,2022-03-22,1705606.06,1705606.06,100.0,24097438.0,23211212.12,1.0,0,,0,,resolucion-cipac-no-2022-151_validacion-de-inversion-magna-motors-s-a-detras-de-la-tormenta.pdf
1558,CIPAC-2022-152,2022,,,754,469,art_34,approved,"TERMO ENVASES, S.A.",1-01-57338-4,"BLIND EYE PRODUCTIONS, S.R.L.",1-32-07948-5,,DETRÁS DE LA TORMENTA,2022-02-14,2022-03-22,15000000.0,15000000.0,100.0,24097438.0,23211212.12,1.0,0,,0,,resolucion-cipac-no-2022-152_validacion-de-inversion-termo-envases-s-a-detras-de-la-tormenta.pdf
1559,CIPAC-2022-153,2022,,,659,414,art_34,approved,"CERVECERÍA NACIONAL DOMINICANA, S.A.",1-01-00372-3,"PÚRPURA FILMS, S.R.L.",1-31-95518-5,,FLOW CALLE,2022-02-11,2022-03-22,80000000.0,80000000.0,100.0,119792369.0,116820778.0,1.0,0,,0,,resolucion-cipac-no-2022-153_validacion-de-inversion-cerveceria-nacional-dominicana-s-a-flow-calle-flow-de-calle.pdf
1560,CIPAC-2022-154,2022,,,659,414,art_34,approved,"BANCO POPULAR DOMINICANO, S. A. BANCO MÚLTIPLE",1-01-01063-2,"PÚRPURA FILMS, S.R.L.",1-31-95518-5,,FLOW CALLE,2022-02-11,2022-03-22,24000000.0,24000000.0,100.0,119792369.0,116820778.0,1.0,0,,0,,resolucion-cipac-no-2022-154_validacion-de-inversion-banco-popular-dominicano-s-a-banco-multiple-flow-calle-flow-de-calle.pdf
1561,CIPAC-2022-155,2022,,,659,414,art_34,approved,"ALTICE DOMINICANA, S.A.",1-01-61878-7,"PÚRPURA FILMS, S.R.L.",1-31-95518-5,,FLOW CALLE,2022-02-11,2022-03-22,12820778.0,12820778.0,100.0,119792369.0,116820778.0,1.0,0,,0,,resolucion-cipac-no-2022-155_validacion-de-inversion-altice-dominicana-s-a-flow-calle-flow-de-calle.pdf
1562,CIPAC-2022-156,2022,,,738,455,art_34,approved,"CORPORACIÓN AEROPORTUARIA DEL ESTE, S.A.S.",1-01-09214-9,"PAOS FILMS, S.R.L.",1-32-19219-2,,EL HOMBRE TRANSFORMADO,2022-02-18,2022-03-22,5000000.0,5000000.0,100.0,18786500.82,17884558.46,1.0,0,,0,,resolucion-cipac-no-2022-156_validacion-de-inversion-corporacion-aeroportuaria-del-este-s-a-el-hombre-transformado.pdf
1563,CIPAC-2022-157,2022,,,738,455,art_34,approved,"VIAMAR, S.A.",1-01-01114-9,"PAOS FILMS, S.R.L.",1-32-19219-2,,EL HOMBRE TRANSFORMADO,2022-02-18,2022-03-22,4000000.0,4000000.0,100.0,18786500.82,17884558.46,0.9,0,,1,resolution_date|set_manual|null|2022-03-22|OCR pattern used Art.138 not captured by regex|Resolution PDF opening paragraph|2026-07-27|JDP,resolucion-cipac-no-2022-157_validacion-de-inversion-viamar-s-a-el-hombre-transformado.pdf
1564,CIPAC-2022-158,2022,,,738,455,art_34,approved,"RIZEK, S.A.S.",1-01-66275-1,"PAOS FILMS, S.R.L.",1-32-19219-2,,EL HOMBRE TRANSFORMADO,2022-02-18,2022-03-22,2000000.0,2000000.0,100.0,18786500.82,17884558.46,1.0,0,,0,,resolucion-cipac-no-2022-158_validacion-de-inversion-rizek-s-a-s-el-hombre-transformado.pdf
1565,CIPAC-2022-159,2022,,,738,455,art_34,approved,"PACIFIC ASSETS, CORP",1-22-01963-4,"PAOS FILMS, S.R.L.",1-32-19219-2,,EL HOMBRE TRANSFORMADO,2022-02-18,2022-03-22,2000000.0,2000000.0,100.0,18786500.82,17884558.46,1.0,0,,0,,resolucion-cipac-no-2022-159_validacion-de-inversion-pacific-assets-corp-el-hombre-transformado.pdf
1566,CIPAC-2022-160,2022,,,738,455,art_34,approved,"MEJÍA ARCALÁ, S.R.L.",1-01-00022-8,"PAOS FILMS, S.R.L.",1-32-19219-2,,EL HOMBRE TRANSFORMADO,2022-02-18,2022-03-22,2000000.0,2000000.0,100.0,18786500.82,17884558.46,1.0,0,,0,,resolucion-cipac-no-2022-160_validacion-de-inversion-mejia-arcala-s-r-l-el-hombre-transformado.pdf
1567,CIPAC-2022-161,2022,,,738,455,art_34,approved,"CONSORCIO MINERO DOMINICANO, S.A.",1-30-03639-1,"PAOS FILMS, S.R.L.",1-32-19219-2,,EL HOMBRE TRANSFORMADO,2022-02-18,2022-03-22,2000000.0,2000000.0,100.0,18786500.82,17884558.46,1.0,0,,0,,resolucion-cipac-no-2022-161_validacion-de-inversion-consorcio-minero-dominicano-s-a-el-hombre-transformado.pdf
1568,CIPAC-2022-162,2022,,,758,475,art_34,approved,"COPY SOLUTIONS INTERNATIONAL, S.A.",1-01-89885-2,"PANORÁMICA FILMS, S.R.L.",1-31-73183-1,,SEROPOSITIVO,2022-02-22,2022-03-22,5000000.0,5000000.0,100.0,81843866.3,50300000.0,1.0,0,,0,,resolucion-cipac-no-2022-162_validacion-de-inversion-copy-solutions-internacional-s-a-seropositivio.pdf
1569,CIPAC-2022-163,2022,,,758,475,art_34,approved,"LA INNOVACIÓN, S.R.L.",1-01-00583-1,"PANORÁMICA FILMS, S.R.L.",1-31-73183-1,,SEROPOSITIVO,2022-02-22,2022-03-22,20289507.01,20289507.01,100.0,81843866.3,50300000.0,1.0,0,,0,,resolucion-cipac-no-2022-163_validacion-de-inversion-la-innovacion-s-r-l-seropositivo.pdf
1570,CIPAC-2022-164,2022,,,758,475,art_34,approved,"GERDAU METALDOM, S.A.",1-01-00484-3,"PANORÁMICA FILMS, S.R.L.",1-31-73183-1,,SEROPOSITIVO,2022-02-22,2022-03-22,24997000.0,24997000.0,100.0,81843866.3,50300000.0,1.0,0,,0,,resolucion-cipac-no-2022-164_validacion-de-inversion-gerdau-metaldom-s-a-seropositivo.pdf
1571,CIPAC-2022-165,2022,,,720,321,art_34,approved,"COBINCA, S.A.",1-01-19447-2,"LA FLOR DE AUYAMA FILMS, S.R.L.",1-31-45390-2,,ARTESANOS: INGENIO DE MANOS,2022-02-21,2022-03-22,10000000.0,10000000.0,100.0,27123039.74,25893142.09,1.0,0,,0,,resolucion-cipac-no-2022-165_validacion-de-inversion-cobinca-s-a-artesanos-ingenio-de-manos.pdf
1572,CIPAC-2022-166,2022,,,720,321,art_34,approved,"GLOBAL B. ASESORES DE SEGUROS, S.R.L.",1-30-26136-9,"LA FLOR DE AUYAMA FILMS, S.R.L.",1-31-45390-2,,ARTESANOS: INGENIO DE MANOS,2022-02-21,2022-03-22,893142.09,893142.09,100.0,27123039.74,25893142.09,1.0,0,,0,,resolucion-cipac-no-2022-166_validacion-de-inversion-global-b-asesores-de-seguros-s-r-l-artesanos-ingenio-de-manos.pdf
1573,CIPAC-2022-167,2022,,,720,321,art_34,approved,"GERDAU METALDOM, S.A.",1-01-00484-3,"LA FLOR DE AUYAMA FILMS, S.R.L.",1-31-45390-2,,ARTESANOS: INGENIO DE MANOS,2022-02-21,2022-03-22,15000000.0,15000000.0,100.0,27123039.74,25893142.09,1.0,0,,0,,resolucion-cipac-no-2022-167_validacion-de-inversion-gerdau-metaldom-s-a-artesanos-ingenio-de-manos.pdf
1574,CIPAC-2022-169,2022,,,703,212,art_34,approved,"HALKA INDUSTRIAL, S.R.L.",1-01-01368-2,"BARRANTES FILMS, S.R.L.",1-31-55779-1,,EL LABERINTO DE JULIA,2022-02-25,2022-03-22,4797573.88,4797573.88,100.0,37972914.0,31322085.03,1.0,0,,0,,resolucion-cipac-no-2022-169_validacion-de-inversion-halka-industrial-s-r-l-el-laberinto-de-julia.pdf
1575,CIPAC-2022-170,2022,,,703,212,art_34,approved,"QUALA DOMINICANA, S.A.",1-01-74167-8,"BARRANTES FILMS, S.R.L.",1-31-55779-1,,EL LABERINTO DE JULIA,2022-02-25,2022-03-22,3800000.0,3800000.0,100.0,37972914.0,31322085.03,1.0,0,,0,,resolucion-cipac-no-2022-170_validacion-de-inversion-quala-dominicana-s-a-el-laberinto-de-julia.pdf
1576,CIPAC-2022-171,2022,,,703,212,art_34,approved,"EL CATADOR, S.A.",1-01-06070-2,"BARRANTES FILMS, S.R.L.",1-31-55779-1,,EL LABERINTO DE JULIA,2022-02-25,2022-03-22,4997443.52,4997443.52,100.0,37972914.0,31322085.03,1.0,0,,0,,resolucion-cipac-no-2022-171_validacion-de-inversion-el-catador-s-a-el-laberinto-de-julia.pdf
1577,CIPAC-2022-172,2022,,,703,212,art_34,approved,"GRUPO CAROL, S.A.S.",1-01-87186-5,"BARRANTES FILMS, S.R.L.",1-31-55779-1,,EL LABERINTO DE JULIA,2022-02-25,2022-03-22,2141500.0,2141500.0,100.0,37972914.0,31322085.03,1.0,0,,0,,resolucion-cipac-no-2022-172_validacion-de-inversion-grupo-carol-s-a-s-el-laberinto-de-julia.pdf
1578,CIPAC-2022-173,2022,,,562,189,art_34,approved,"RAFAEL ÁLVAREZ, S.R.L.",1-02-00040-9,"PERSEO FILMS, S.R.L.",1-30-87441-7,,LA OTRA LUCHA,2022-02-14,2022-04-04,3252000.0,3252000.0,100.0,71302507.78,69753674.26,1.0,0,,0,,resolucion-cipac-no-2022-173_validacion-de-inversion-rafael-alvarez-s-r-l-la-otra-lucha.pdf
1579,CIPAC-2022-174,2022,,,740,470,art_34,approved,"BANCO POPULAR DOMINICANO, S. A. BANCO MÚLTIPLE",1-01-01063-2,"AVENTURA HISTÓRICA FILMS, S.R.L.",1-31-95430-8,,DUEÑOS DEL TIEMPO,2022-02-24,2022-04-04,95590000.0,95590000.0,100.0,103460604.43,100000000.0,1.0,0,,0,,resolucion-cipac-no-2022-174_validacion-de-inversion-banco-popular-dominicano-s-a-banco-multiple-duenos-del-tiempo.pdf
1580,CIPAC-2022-175,2022,,,595,383,art_34,approved,"AUTOZAMA, S.A.S.",1-01-70933-2,"CANOA FILMS, S.R.L.",1-31-42379-5,,UN MATRIMONIO PERFECTO,2022-02-24,2022-04-04,30000000.0,30000000.0,100.0,92408792.63,55000000.0,1.0,0,,0,,resolucion-cipac-no-2022-175_validacion-de-inversion-autozama-s-a-s-un-matrimonio-perfecto.pdf
1581,CIPAC-2022-176,2022,,,595,383,art_34,approved,"PLAZA LAMA, S.A.",1-01-17111-1,"CANOA FILMS, S.R.L.",1-31-42379-5,,UN MATRIMONIO PERFECTO,2022-02-24,2022-04-04,10000000.0,10000000.0,100.0,92408792.63,55000000.0,1.0,0,,0,,resolucion-cipac-no-2022-176_validacion-de-inversion-plaza-lama-s-a-un-matrimonio-perfecto.pdf
1582,CIPAC-2022-177,2022,,,595,383,art_34,approved,"REFRIPARTES, S.A.",1-01-03323-1,"CANOA FILMS, S.R.L.",1-31-42379-5,,UN MATRIMONIO PERFECTO,2022-02-24,2022-03-22,10000000.0,10000000.0,100.0,92408792.63,55000000.0,1.0,0,,0,,resolucion-cipac-no-2022-177_validacion-de-inversion-refipartes-s-a-un-matrimonio-perfecto.pdf
1583,CIPAC-2022-178,2022,,,595,383,art_34,approved,"CENTRO DIAGNÓSTICO ESPECIALIZADO CEDISA, S.R.L.",1-01-64234-3,"CANOA FILMS, S.R.L.",1-31-42379-5,,UN MATRIMONIO PERFECTO,2022-02-24,2022-03-22,5000000.0,5000000.0,100.0,92408792.63,55000000.0,1.0,0,,0,,resolucion-cipac-no-2022-178_validacion-de-inversion-centro-diagnostico-especializado-s-r-l-un-matrimonio-perfecto.pdf
1584,CIPAC-2022-179,2022,,,724,462,art_34,approved,"PASTEURIZADORA RICA, S.A.",1-01-00441-1,"SKY FILMS, S.R.L.",1-31-72360-8,,RAMONA,2022-02-11,2022-04-04,20000000.0,20000000.0,100.0,40021033.0,40061927.0,1.0,0,,0,,resolucion-cipac-no-2022-179_validacion-de-inversion-pausterizadora-rica-s-a-s-ramona.pdf
1585,CIPAC-2022-180,2022,,,732,456,art_34,approved,"PASTEURIZADORA RICA, S.A.",1-01-00441-1,"LUNE FILMS PRODUCTIONS, S.R.L.",1-32-35784-1,,VIENES O VOY?,2022-03-23,2022-04-04,15000000.0,15000000.0,100.0,138354502.48,60217955.14,1.0,0,,0,,resolucion-cipac-no-2022-180_validacion-de-inversion-pasteurizadora-rica-s-a-vienes-o-voy.pdf
1586,CIPAC-2022-181,2022,,,732,456,art_34,approved,"AEROPUERTO INTERNACIONAL DEL CIBAO, S.A.",1-02-61324-9,"LUNE FILMS PRODUCTIONS, S.R.L.",1-32-35784-1,,VIENES O VOY?,2022-03-23,2022-04-04,10000000.0,10000000.0,100.0,138354502.48,60217955.14,1.0,0,,0,,resolucion-cipac-no-2022-181_validacion-de-inversion-aeropuerto-internacional-del-cibao-s-a-vienes-o-voy.pdf
1587,CIPAC-2022-182,2022,,,732,456,art_34,approved,"PETROMÓVIL, S.A.",1-01-69727-1,"LUNE FILMS PRODUCTIONS, S.R.L.",1-32-35784-1,,VIENES O VOY?,2022-03-23,2022-04-04,23000000.0,23000000.0,100.0,138354502.48,60217955.14,1.0,0,,0,,resolucion-cipac-no-2022-182_validacion-de-inversion-petro-movil-s-a-vienes-o-voy.pdf
1588,CIPAC-2022-183,2022,,,732,456,art_34,approved,"MAGNA MOTORS, S.A.",1-01-05557-1,"LUNE FILMS PRODUCTIONS, S.R.L.",1-32-35784-1,,VIENES O VOY?,2022-03-23,2022-04-04,7000000.0,7000000.0,100.0,138354502.48,60217955.14,1.0,0,,0,,resolucion-cipac-no-2022-183_validacion-de-inversion-magna-motors-s-a-vienes-o-voy.pdf
1589,CIPAC-2022-184,2022,,,732,456,art_34,approved,"CECOMSA, S.R.L.",1-02-31616-3,"LUNE FILMS PRODUCTIONS, S.R.L.",1-32-35784-1,,VIENES O VOY?,2022-03-23,2022-04-04,5000000.0,5000000.0,100.0,138354502.48,60217955.14,1.0,0,,0,,resolucion-cipac-no-2022-184_validacion-de-inversion-cecomsa-s-r-l-vienes-o-voy.pdf
1590,CIPAC-2022-195,2022,,,788,485,art_34,approved,"AMIR INVERSIONES INMOBILIARIAS, S.R.L.",1-31-41273-4,"CONUCO PRODUCTIONS, S.R.L.",1-32-50945-5,,LA SOGA 3,2022-04-07,2022-05-24,1250000.0,1250000.0,100.0,32987842.0,1250000.0,1.0,0,,0,,resolucion-cipac-no-2022-195_validacion-de-inversion-amir-inversiones-inmobiliarias-s-r-l-la-soga3.pdf
1591,CIPAC-2022-196,2022,,,788,485,art_34,approved,"CONSTRUCTORA VICASA, S.R.L.",1-02-31991-1,"CONUCO PRODUCTIONS, S.R.L.",1-32-50945-5,,LA SOGA 3,2022-04-07,2022-05-24,2000000.0,2000000.0,100.0,32987842.0,9253487.28,1.0,0,,0,,resolucion-cipac-no-2022-196_validacion-de-inversion-constructora-vicasa-s-r-l-la-soga3.pdf
1592,CIPAC-2022-198,2022,,,703,212,art_34,approved,"SHINY INVESTMENTS GROUP, S.R.L.",1-31-37860-9,"BARRANTES FILMS, S.R.L.",1-31-55779-1,,EL LABERINTO DE JULIA,2022-04-18,2022-05-24,1250000.0,1250000.0,100.0,37972914.0,32572085.03,1.0,0,,0,,resolucion-cipac-no-2022-198_validacion-de-inversion-shiny-investments-group-s-r-l-el-laberinto-de-julia.pdf
1593,CIPAC-2022-201,2022,,,808,476,art_34,approved,"PIMENTEL & CO, S.R.L.",1-02-00113-8,"VEZLOP GROUP, S.R.L.",1-31-66655-8,,THEOBROMA,2022-05-12,2022-06-15,4000000.0,4000000.0,100.0,46384824.0,7730919.0,1.0,0,,0,,resolucion-cipac-no-2022-201_validacion-de-inversion-pimentel-co-s-r-l-theobrama.pdf
1594,CIPAC-2022-202,2022,,,594,,art_39,approved,,,"EAST COAST PRODUCTION, S.R.L.",1-31-76735-4,,DOMINICANA'S GOTTALENT - SEGUNDA TEMPORADA,2022-05-25,2022-06-15,14629499.0,3657374.75,25.0,112469216.0,120238672.0,1.0,0,,0,,resolucion-cipac-no-2022-202_validacion-de-gastos-east-coast-productions-s-r-l-dominicanas-got-talent.pdf
1595,CIPAC-2022-203,2022,,,665,,art_39,approved,,,"J WITCHES & JONES, S.R.L.",1-32-04828-8,,SURVIVOR PAÍSES NÓRDICOS,2022-05-20,2022-06-15,137249046.0,34312261.5,25.0,359217567.0,361194704.0,0.9,0,,1,tax_credit_dop|set_manual|null|34312261.50|OCR did not capture SEGUNDO paragraph|Resolution PDF SEGUNDO section|2026-07-27|JDP,resolucion-cipac-no-2022-203_vadacion-de-gastos-j-witches-jones-s-r-l-survivor-paises-nordicos.pdf
1596,CIPAC-2022-204,2022,,,797,483,art_34,approved,"AGRIFEED, S.A.S.",1-01-74504-5,"LARIMAR SERVICES, S.R.L.",1-31-18319-2,,DONDE FLORECIÓ UNA DEVOCIÓN,2022-06-02,2022-07-08,3931918.0,3931918.0,100.0,61598394.14,28900000.0,1.0,0,,0,,resolucion-cipac-no-2022-204_validacion-de-inversion-agrifeed-s-a-s-donde-florecio-una-devocion.pdf
1597,CIPAC-2022-205,2022,,,797,483,art_34,approved,"AORDOMINICANA, S.A.S.",1-01-88872-5,"LARIMAR SERVICES, S.R.L.",1-31-18319-2,,DONDE FLORECIÓ UNA DEVOCIÓN,2022-06-02,2022-07-08,11999380.0,11999380.0,100.0,61598394.14,28900000.0,1.0,0,,0,,resolucion-cipac-no-2022-205_validacion-de-inversion-aordominicana-s-a-s-donde-florecio-una-devocion.pdf
1598,CIPAC-2022-206,2022,,,797,483,art_34,approved,"BANCO DE AHORRO Y CRÉDITO ADOPEM, S.A.",1-03-00310-9,"LARIMAR SERVICES, S.R.L.",1-31-18319-2,,DONDE FLORECIÓ UNA DEVOCIÓN,2022-06-02,2022-07-08,12900000.0,12900000.0,100.0,61598394.14,28900000.0,1.0,0,,0,,resolucion-cipac-no-2022-206_validacion-de-inversion-banco-de-ahorro-y-credito-adopem-s-a-donde-florecio-una-devocion.pdf
1599,CIPAC-2022-207,2022,,,306,143,art_34,approved,"PROCESADORA DE ARROZ KIARA, S.R.L.",1-30-06721-1,"F & B FILMS, S.R.L.",1-30-78516-3,,DOMINICANOS EN EL MEDIO ORIENTE,2022-05-30,2022-07-08,236000.0,236000.0,100.0,13855529.74,11136000.0,1.0,0,,0,,resolucion-cipac-no-2022-207_validacion-de-inersion-procesadora-de-arroz-kiara-s-r-l-dominicanos-en-el-medio-oriente.pdf
1600,CIPAC-2022-208,2022,,,788,485,art_34,approved,"BANCO DE AHORRO Y CRÉDITO ADOPEM, S.A.",1-03-00310-9,"CONUCO PRODUCTIONS, S.R.L.",1-32-50945-5,,LA SOGA 3,2022-06-13,2022-07-08,209991075.0,209991075.0,100.0,32987842.0,11353398.03,1.0,0,,0,,resolucion-cipac-no-2022-208_validacion-de-inversion-banco-de-ahorro-y-credito-adopem-s-a-la-soga3.pdf
1601,CIPAC-2022-209,2022,,,708,,art_39,approved,,,"FAMILY FILMS, S.R.L.",1-32-30990-1,,LÍOS DE FAMILIA,2022-06-08,2022-07-08,146154750.0,36538687.5,25.0,146531474.0,146486700.0,0.8,0,,1,tax_credit_dop|set_manual|null|36538687.50|OCR did not capture SEGUNDO paragraph|Resolution PDF SEGUNDO section|2026-07-27|JDP;;total_budget_executed|set_manual|null|146486700.00|OCR did not capture executed budget paragraph|Resolution PDF budget section|2026-07-27|JDP,resolucion-cipac-no-2022-209_validacion-de-gastos-family-films-s-r-l-lios-de-familia.pdf
1602,CIPAC-2022-210,2022,,,695,431,art_34,approved,"CORPORACIÓN AEROPORTUARIA DEL ESTE, S.A.S.",1-01-09214-9,"VOCES FILMS, S.R.L.",1-31-72604-6,,INSIGNIAS DE HONOR (LA TERCERA FRONTERA),2022-06-29,2022-08-05,4775000.0,4775000.0,100.0,69886520.82,69885398.26,1.0,0,,0,,resolucion-cipac-no-2022-210_validacion-de-inversion-corporacion-aeroportuaria-del-este-s-a-s-insignias-de-honor.pdf
1603,CIPAC-2022-211,2022,,,714,,art_39,approved,,,"FILM 041, S.R.L.",1-32-38755-4,,LOS FRIKIS,2022-06-23,2022-08-05,310513235.8,77628308.95,25.0,371254957.0,310674707.0,1.0,0,,0,,resolucion-cipac-no-2022-211_validacion-de-gastos-films-041-s-r-l-los-frikis.pdf
1604,CIPAC-2022-212,2022,,,742,459,art_34,approved,"DOPERCO, S.R.L.",1-01-61456-2,"LUNA NEGRA, S.R.L.",1-31-00651-5,,GRANITO DE ARENA,2022-07-15,2022-08-26,991617.2,991617.2,100.0,15271747.16,9004792.39,1.0,0,,0,,resolucion-cipac-no-2022-212_validacion-de-inversion-doperco-s-r-l-granito-de-arena.pdf
1605,CIPAC-2022-213,2022,,,742,459,art_34,approved,"LABORATORIOS FELTREX, S.A.",1-01-05037-3,"LUNA NEGRA, S.R.L.",1-31-00651-5,,GRANITO DE ARENA,2022-07-15,2022-08-26,3000000.0,3000000.0,100.0,15271747.16,9004792.39,1.0,0,,0,,resolucion-cipac-no-2022-213_validacion-de-inversion-laboratorios-feltrex-s-a-granito-de-arena.pdf
1606,CIPAC-2022-214,2022,,,766,447,art_34,approved,"PROPANO Y DERIVADOS, S.A.",1-01-03373-8,"LOPASA COMERCIAL, S.R.L.",1-31-86546-1,,"PEPE, LA IMAGINACIÓN EN EL TERCER CINE",2022-07-20,2022-08-26,7000000.0,7000000.0,100.0,55949600.0,11000569.0,1.0,0,,0,,resolucion-cipac-no-2022-214_validacion-de-inversion-propano-y-derivados-s-a-pepe-la-imaginacion-del-tercer-cine.pdf
1607,CIPAC-2022-215,2022,,,840,362,art_34,approved,"CORPORACIÓN AEROPORTUARIA DEL ESTE, S.A.S.",1-01-09214-9,"JACAGUA FILMS, S.R.L.",1-31-72046-3,,TRÁGICO FINAL,2022-07-25,2022-08-26,20000000.0,20000000.0,100.0,61056000.0,20127058.0,1.0,0,,0,,resolucion-cipac-no-2022-215_validacion-de-inversion-corporacion-aeroportuaria-del-este-s-a-s-tragico-final.pdf
1608,CIPAC-2022-216,2022,,,826,493,art_34,approved,"CORPORACIÓN AEROPORTUARIA DEL ESTE, S.A.S.",1-01-09214-9,"MIRAXIS FILMS, S.R.L.",1-32-00518-1,,UN NOVIO PARA MAMÁ,2022-07-25,2022-08-26,30000000.0,30000000.0,100.0,62523015.4,49635574.0,1.0,0,,0,,resolucion-cipac-no-2022-216_validacion-de-inversion-corporacion-aeroportuaria-del-este-s-a-s-un-novio-para-mama.pdf
1609,CIPAC-2022-217,2022,,,835,499,art_34,approved,"CORPORACIÓN AEROPORTUARIA DEL ESTE, S.A.S.",1-01-09214-9,"TIMECODE, S.R.L.",1-30-32923-2,,LAS PALMERAS BAILAN SOLAS,2022-07-25,2022-08-26,43560655.0,43560655.0,100.0,44535564.0,43560655.0,1.0,0,,0,,resolucion-cipac-no-2022-217_validacion-de-inversion-corporacion-aeroportuaria-del-este-s-a-s-las-palmeras-bailan-solas.pdf
1610,CIPAC-2022-218,2022,,,825,489,art_34,approved,"CORPORACIÓN AEROPORTUARIA DEL ESTE, S.A.S.",1-01-09214-9,"HANNAH FILMS, S.R.L.",1-31-97461-9,,UNA HERMOSA COINCIDENCIA,2022-07-26,2022-08-26,19846046.64,19846046.64,100.0,51815455.27,19846046.64,1.0,0,,0,,resolucion-cipac-no-2022-218_validacion-de-inversion-corporacion-aeroportuaria-del-este-s-a-s-una-hermosa-coincidencia.pdf
1611,CIPAC-2022-219,2022,,,704,439,art_34,approved,"ABASTEK MARKETING, S.R.L.",1-31-64912-2,"NEOM FILMS ONE, S.R.L.",1-31-77014-2,,MÚSICA EN LA CIUDAD,2022-07-26,2022-08-26,2000000.0,2000000.0,100.0,20492398.0,11999999.57,1.0,0,,0,,resolucion-cipac-no-2022-219_validacion-de-inversion-abastek-marketing-s-r-l-musica-en-la-ciudad.pdf
1612,CIPAC-2022-220,2022,,,624,,art_39,approved,,,"FILM 024, S.R.L.",1-32-08595-7,,SHOTGUN WEDDING,2022-08-03,2022-08-26,2163430773.74,540857693.43,25.0,2813545966.0,2188649032.0,0.8,0,,1,tax_credit_dop|set_manual|null|540857693.43|OCR did not capture SEGUNDO paragraph|Resolution PDF SEGUNDO section|2026-07-27|JDP;;validated_amount_dop|set_manual|null|2163430773.74|OCR did not capture validated amount paragraph|Resolution PDF budget section|2026-07-27|JDP,resolucion-cipac-no-2022-220_validacion-de-gastos-film-024-s-r-l-shotgun-wedding.pdf
1613,CIPAC-2022-221,2022,,,660,,art_39,approved,,,"FILM 027, S.R.L.",1-32-14737-5,,SURINAME K,2022-08-03,2022-08-26,256492344.0,64123086.0,25.0,263086186.0,263080467.0,0.9,0,,1,tax_credit_dop|set_manual|null|64123086.00|OCR did not capture SEGUNDO paragraph|Resolution PDF SEGUNDO section|2026-07-27|JDP,resolucion-cipac-no-2022-221_validacion-de-gastos-film-027-s-r-l-suriname-k.pdf
1614,CIPAC-2022-222,2022,,,836,413,art_34,approved,"CORPORACIÓN AEROPORTUARIA DEL ESTE, S.A.S.",1-01-09214-9,"GRUPO VIENZE, S.R.L.",1-32-18923-1,,ELECCIONES EN PANDEMIA,2022-08-09,2022-09-12,43939192.68,43939192.68,100.0,43939192.68,43939192.68,1.0,0,,0,,resolucion-cipac-no-2022-222_validacion-de-inversion-corporacion-aeropuertuaria-del-este-s-a-s-elecciones-en-pandemia.pdf
1615,CIPAC-2022-223,2022,,,706,280,art_34,approved,"BANCO MÚLTIPLE BDI, S.A.",1-01-04029-7,"TORO CELESTE, S.R.L.",1-31-38767-5,,MONSTRUOS,2022-08-11,2022-09-12,7631000.0,7631000.0,100.0,63672892.03,52580723.02,1.0,0,,0,,resolucion-cipac-no-2022-223_banco-multiple-bdi-s-a-monstruos.pdf
1616,CIPAC-2022-224,2022,,,706,280,art_34,approved,"ZETA COMERCIAL, S.R.L.",1-30-57697-1,"TORO CELESTE, S.R.L.",1-31-38767-5,,MONSTRUOS,2022-08-11,2022-09-12,1999723.03,1999723.03,100.0,63672892.03,52580723.02,1.0,0,,0,,resolucion-cipac-no-2022-224_validacion-de-inversion-zeta-comercial-s-r-l-monstruos.pdf
1617,CIPAC-2022-225,2022,,,752,381,art_34,approved,"BANCO MÚLTIPLE BDI, S.A.",1-01-04029-7,"LA BODA FILMS, S.R.L.",1-31-88378-8,,LA BÓVEDA,2022-08-17,2022-09-12,2369000.0,2369000.0,100.0,65031823.15,32884551.14,1.0,0,,0,,resolucion-cipac-no-2022-225_validacion-de-inversion-banco-multiple-bdi-s-a-la-boveda.pdf
1618,CIPAC-2022-226,2022,,,846,498,art_34,approved,"PROPANO Y DERIVADOS, S.A.",1-01-03373-8,"ORGULLO DE QUISQUEYA, S.R.L.",1-32-43935-1,,ORGULLO DE QUISQUEYA,2022-07-26,2022-09-12,6992794.0,6992794.0,100.0,49006199.0,6992794.0,1.0,0,,0,,resolucion-cipac-no-2022-226_validacion-de-inversion-propano-y-derivados-s-a-orgullo-de-quisqueya.pdf
1619,CIPAC-2023-001,2023,,,757,436,art_34,approved,"INDUVECA, S.A.",1-22-01122-6,"CACIQUE PRODUCTIONS, S.R.L.",1-32-02934-8,,EN EL NOMBRE DE DIOS,2022-12-06,2023-01-17,52131608.0,52131608.0,100.0,104372648.0,104267337.0,1.0,0,,0,,resolucion-cipac-no-2023-001_validacion-de-inversion-induveca-s-a-en-el-nombre-de-dios.pdf
1620,CIPAC-2023-002,2023,,,757,436,art_34,approved,"MERCASID, S.A.",1-01-80768-7,"CACIQUE PRODUCTIONS, S.R.L.",1-32-02934-8,,EN EL NOMBRE DE DIOS,2022-12-06,2023-01-17,32128277.0,32128277.0,100.0,104372648.0,104267337.0,1.0,0,,0,,resolucion-cipac-no-2023-002_validacion-de-invercion-mercasid-s-a-en-el-nombre-de-dios.pdf
1621,CIPAC-2023-003,2023,,,516,324,art_34,approved,"CIELOS ACÚSTICOS, S.R.L.",1-01-75637-3,"RULIN FILMS, S.R.L.",1-31-72081-1,,EL UNICORNIO ROSADO,2022-12-06,2023-01-17,999255.0,999255.0,100.0,80289997.0,80102347.0,1.0,0,,0,,resolucion-cipac-no-2023-003_validacion-de-inversion-cielos-acusticos-s-r-l-el-unicornio-rosado.pdf
1622,CIPAC-2023-004,2023,,,516,324,art_34,approved,"ALTICE DOMINICANA, S.A.",1-01-61878-7,"RULIN FILMS, S.R.L.",1-31-72081-1,,EL UNICORNIO ROSADO,2022-12-06,2023-01-17,4105897.37,4105897.37,100.0,80289997.0,80102347.0,1.0,0,,0,,resolucion-cipac-no-2023-004_validacion-de-inversion-altice-dominicana-s-a-el-unicornio-rosado.pdf
1623,CIPAC-2023-005,2023,,,726,446,art_34,approved,"COBINCA, S.A.",1-01-19447-2,"STAND UP FILMS, S.R.L.",1-32-26785-2,,EL HUMOR EN TIEMPOS DE COVID,2022-12-06,2023-01-17,5000000.0,5000000.0,100.0,27879292.0,27879292.0,1.0,0,,0,,resolucion-cipac-no-2023-005_validacion-de-inversion-cobinca-s-a-el-humor-en-tiempos-de-covid.pdf
1624,CIPAC-2023-006,2023,,,726,446,art_34,approved,"INVERSIONES PANIMIA, S.R.L.",1-31-58676-7,"STAND UP FILMS, S.R.L.",1-32-26785-2,,EL HUMOR EN TIEMPOS DE COVID,2022-12-06,2023-01-17,1000000.0,1000000.0,100.0,27879291.0,27879292.0,1.0,0,,0,,resolucion-cipac-no-2023-006_validacion-de-inversion-inversiones-panimia-s-r-l-el-humor-en-tiempos-de-covid.pdf
1625,CIPAC-2023-007,2023,,,726,446,art_34,approved,"TERRA AGROCORP, S.A.",1-30-88535-4,"STAND UP FILMS, S.R.L.",1-32-26785-2,,EL HUMOR EN TIEMPOS DE COVID,2022-12-06,2023-01-17,1854095.0,1854095.0,100.0,27879291.0,27879292.0,1.0,0,,0,,resolucion-cipac-no-2023-007_validacion-de-inversion-tierra-agrocorp-s-a-el-humor-en-tiempos-de-covid.pdf
1626,CIPAC-2023-008,2023,,,703,212,art_34,approved,"INDUSTRIAS NIGUA, S.A.",1-01-00485-1,"BARRANTES FILMS, S.R.L.",1-31-55779-1,,EL LABERINTO DE JULIA,2022-12-12,2023-01-17,402000.0,402000.0,100.0,37972914.0,32974085.03,1.0,0,,0,,resolucion-cipac-no-2023-008_validacion-de-inversion-industria-nigua-s-a-el-laberinto-de-julia.pdf
1627,CIPAC-2023-009,2023,,,636,411,art_34,approved,"INDUVECA, S.A.",1-22-01122-6,"EDUCA FILMS, S.R.L.",1-32-16193-9,,20 BILLONES,2022-12-16,2023-01-17,999583.0,999583.0,100.0,61805103.58,55585940.0,1.0,0,,0,,resolucion-cipac-no-2023-009_validacion-de-inversion-induveca-s-a-20-billones.pdf
1628,CIPAC-2023-010,2023,,,752,381,art_34,approved,"AEROPUERTO INTERNACIONAL DEL CIBAO, S.A.",1-02-61324-9,"LA BODA FILMS, S.R.L.",1-31-88378-8,,LA BÓVEDA,2022-12-21,2023-01-17,1800000.0,1800000.0,100.0,65031823.15,49712319.45,1.0,0,,0,,resolucion-cipac-no-2023-010_validacion-de-inversion-aeropuerto-internacional-del-cibao-s-a-la-boveda.pdf
1629,CIPAC-2023-011,2023,,,752,381,art_34,approved,"TOTALENERGIES MARKETING DOMINICANA, S.A.",1-01-06874-4,"LA BODA FILMS, S.R.L.",1-31-88378-8,,LA BÓVEDA,2022-12-21,2023-01-17,9999865.3,9999865.3,100.0,65031823.15,49712319.45,1.0,0,,0,,resolucion-cipac-no-2023-011_validacion-de-inversion-v-energy-s-a-la-boveda.pdf
1630,CIPAC-2023-012,2023,,,752,381,art_34,approved,"BANCO BACC DE AHORRO Y CRÉDITO DEL CARIBE, S.A.",1-01-13879-3,"LA BODA FILMS, S.R.L.",1-31-88378-8,,LA BÓVEDA,2022-12-21,2023-01-17,5027903.01,5027903.01,100.0,65031823.15,49712319.45,1.0,0,,0,,resolucion-cipac-no-2023-012_validacion-de-inversion-banco-bacc-de-ahorro-y-credito-del-caribe-s-a-la-boveda.pdf
1631,CIPAC-2023-013,2023,,,797,483,art_34,approved,"BANCO MÚLTIPLE ADEMI, S.A.",1-01-74527-4,"LARIMAR SERVICES, S.R.L.",1-31-18319-2,,DONDE FLORECIÓ UNA DEVOCIÓN,2022-12-26,2023-01-17,5000000.0,5000000.0,100.0,61598394.14,33900000.0,1.0,0,,0,,resolucion-cipac-no-2023-013_validacion-de-inversion-banco-multiple-ademi-s-a-donde-florecio-una-devocion.pdf
1632,CIPAC-2023-014,2023,,,873,523,art_34,approved,"CERVECERÍA NACIONAL DOMINICANA, S.A.",1-01-00372-3,"CATTALEYA PICTURES, S.R.L.",1-32-26788-5,,LA ISLA DEL SABOR 2,2022-12-28,2023-02-08,29988370.0,29988370.0,100.0,43846324.0,29988370.0,1.0,0,,0,,resolucion-cipac-no-2023-014_validacion-de-inversion-cerveceria-nacional-dominicana-s-a-la-isla-del-sabor.pdf
1633,CIPAC-2023-015,2023,,,716,464,art_34,approved,"AEROPUERTO INTERNACIONAL DEL CIBAO, S.A.",1-02-61324-9,"SELENE FILMS MANAGEMENTS, S.R.L.",1-31-50486-8,,BOCA CHICA,2022-12-28,2023-02-08,12498318.0,12498318.0,100.0,62765174.34,12498318.0,1.0,0,,0,,resolucion-cipac-no-2023-015_validacion-de-inversion-aeropuerto-internacional-del-cibao-s-a-boca-chica.pdf
1634,CIPAC-2023-016,2023,,,860,520,art_34,approved,"AES ANDRES DR, S.A.",1-31-13781-4,"PELÍCULAS HECHAS A MANO, S.R.L.",1-31-29543-6,,SOLA A LOS 40,2022-12-28,2023-02-08,8300000.0,8300000.0,100.0,52931874.4,38300212.86,1.0,0,,0,,resolucion-cipac-no-2023-016_validacion-de-inversiones-aes-andres-dr-s-a-sola-a-los-40.pdf
1635,CIPAC-2023-017,2023,,,860,520,art_34,approved,"INDUVECA, S.A.",1-22-01122-6,"PELÍCULAS HECHAS A MANO, S.R.L.",1-31-29543-6,,SOLA A LOS 40,2022-12-28,2023-02-08,150000000.0,150000000.0,100.0,52931874.4,38300212.86,1.0,0,,0,,resolucion-cipac-no-2023-017_validacion-de-inversion-induveca-s-a-sola-a-los-40.pdf
1636,CIPAC-2023-018,2023,,,860,520,art_34,approved,"MERCASID, S.A.",1-01-80768-7,"PELÍCULAS HECHAS A MANO, S.R.L.",1-31-29543-6,,SOLA A LOS 40,2022-12-28,2023-02-08,150000000.0,150000000.0,100.0,52931874.4,38300212.86,1.0,0,,0,,resolucion-cipac-no-2023-018_validacion-de-inversion-mercasid-s-a-sola-a-los-40.pdf
1637,CIPAC-2023-019,2023,,,852,522,art_34,approved,"BANCO BACC DE AHORRO Y CRÉDITO DEL CARIBE, S.A.",1-01-13879-3,"LARIMAR SERVICES, S.R.L.",1-31-18319-2,,EL CUSTODIO DE LA VIRGEN,2022-12-30,2023-02-08,626000.0,626000.0,100.0,39859892.15,17863315.03,1.0,0,,0,,resolucion-cipac-no-2023-019_validacion-de-inversion-banco-bacc-de-ahorro-y-credito-del-caribe-s-a-el-custodio-de-la-virgen.pdf
1638,CIPAC-2023-020,2023,,,852,522,art_34,approved,"BANCO MÚLTIPLE ADEMI, S.A.",1-01-74527-4,"LARIMAR SERVICES, S.R.L.",1-31-18319-2,,EL CUSTODIO DE LA VIRGEN,2022-12-30,2023-02-08,6044000.0,6044000.0,100.0,39859892.15,17863315.03,1.0,0,,0,,resolucion-cipac-no-2023-020_validacion-de-inversion-banco-multiple-ademi-s-a-el-custodio-de-la-virgen.pdf
1639,CIPAC-2023-021,2023,,,852,522,art_34,approved,"CONSTRUCTORA E INMOBILIARIA CELIK, S.R.L.",1-32-17826-2,"LARIMAR SERVICES, S.R.L.",1-31-18319-2,,EL CUSTODIO DE LA VIRGEN,2022-12-30,2023-02-08,2994248.64,2994248.64,100.0,39859892.15,17863315.03,1.0,0,,0,,resolucion-cipac-no-2023-021_validacion-de-inversion-constructora-e-inmobiliaria-celik-s-r-l-el-custodio-de-la-virgen.pdf
1640,CIPAC-2023-022,2023,,,852,522,art_34,approved,"FARQUI, S.R.L.",1-01-02351-1,"LARIMAR SERVICES, S.R.L.",1-31-18319-2,,EL CUSTODIO DE LA VIRGEN,2022-12-30,2023-02-08,999962.89,999962.89,100.0,39859892.15,17863315.03,1.0,0,,0,,resolucion-cipac-no-2023-022_validacion-de-inversion-farqui-s-r-l-el-custodio-de-la-virgen.pdf
1641,CIPAC-2023-023,2023,,,852,522,art_34,approved,"FERRETERIA ALMA CARIBE, S.R.L.",1-31-11672-8,"LARIMAR SERVICES, S.R.L.",1-31-18319-2,,EL CUSTODIO DE LA VIRGEN,2022-12-30,2023-02-08,49538.5,49538.5,100.0,39859892.15,17863315.03,1.0,0,,0,,resolucion-cipac-no-2023-023_validacion-de-inversion-ferrereria-alma-caribe-s-r-l-el-custodio-de-la-virgen.pdf
1642,CIPAC-2023-024,2023,,,852,522,art_34,approved,"INDUSTRIAS NIGUA, S.A.",1-01-00485-1,"LARIMAR SERVICES, S.R.L.",1-31-18319-2,,EL CUSTODIO DE LA VIRGEN,2022-12-30,2023-02-08,2040565.0,2040565.0,100.0,39859892.15,17863315.03,1.0,0,,0,,resolucion-cipac-no-2023-024_validacion-de-inversion-industrias-nigua-s-a-el-custodio-de-la-virgen.pdf
1643,CIPAC-2023-025,2023,,,852,522,art_34,approved,"INGENIERÍA Y MATERIALES ELÉCTRICOS, S.R.L.",1-01-56709-2,"LARIMAR SERVICES, S.R.L.",1-31-18319-2,,EL CUSTODIO DE LA VIRGEN,2022-12-30,2023-02-08,109000.0,109000.0,100.0,39859892.15,17863315.03,1.0,0,,0,,resolucion-cipac-no-2023-025_validacion-de-inversion-ingeneria-y-materiales-electronicos-s-r-l-el-custodio-de-la-virgen.pdf
1644,CIPAC-2023-026,2023,,,852,522,art_34,approved,"SANUT DOMINICANA, S.A.S.",1-02-33461-7,"LARIMAR SERVICES, S.R.L.",1-31-18319-2,,EL CUSTODIO DE LA VIRGEN,2022-12-30,2023-02-08,5000000.0,5000000.0,100.0,39859892.15,17863315.03,1.0,0,,0,,resolucion-cipac-no-2023-026_validacion-de-inversion-sanut-dominicana-s-a-s-el-custodio-de-la-virgen.pdf
1645,CIPAC-2023-027,2023,,,855,527,art_34,approved,"PETROMÓVIL, S.A.",1-01-69727-1,"INGENIO LATERAL, S.R.L.",1-30-96216-2,,EL ÚLTIMO SURREALISTA: OBRA Y VIDA DE JOSE CESTERO,2022-12-30,2023-02-08,5500000.0,5500000.0,100.0,36800000.0,10476191.0,1.0,0,,0,,resolucion-cipac-no-2023-027_validacion-de-inversion-petromovil-s-a-el-ultimo-surrealista-obra-y-vida-de-jose-cestero.pdf
1646,CIPAC-2023-028,2023,,,855,527,art_34,approved,"BANCO MÚLTIPLE SANTA CRUZ, S.A.",1-02-01292-1,"INGENIO LATERAL, S.R.L.",1-30-96216-2,,EL ÚLTIMO SURREALISTA: OBRA Y VIDA DE JOSE CESTERO,2022-12-30,2023-02-08,4976191.0,4976191.0,100.0,36800000.0,10476191.0,1.0,0,,0,,resolucion-cipac-no-2023-028_validacion-de-inversion-banco-multiple-santa-cruz-s-a-el-ultimo-surrealista-obra-y-vida-de-jose.pdf
1647,CIPAC-2023-029,2023,,,563,344,art_34,approved,"CERVECERÍA NACIONAL DOMINICANA, S.A.",1-01-00372-3,"LA FICHA FILMS, S.R.L.",1-31-94206-7,,JOSEITO: EL REY DEL MERENGUE,2022-12-30,2023-02-08,10000000.0,10000000.0,100.0,48362570.61,25000000.0,1.0,0,,0,,resolucion-cipac-no-2023-029_validacion-de-inversion-cerveceria-nacional-dominicana-s-a-joseito-el-rey-del-merengue.pdf
1648,CIPAC-2023-030,2023,,,780,,art_39,approved,,,"FILM 028, S.R.L.",1-32-26474-6,,ARE YOU AFRAID OF THE DARK? SEASON 3,2023-01-06,2023-02-08,5260339.58,131508489.5,25.0,5338295.27,5338295.3,1.0,0,,0,,resolucion-cipac-no-2023-030_validacion-de-gastos-film-028-s-r-l-are-you-afraid-of-the-dark-season-3.pdf
1649,CIPAC-2023-031,2023,,,825,489,art_34,approved,"LUBRICANTES DOMINICANOS, S.R.L.",1-01-05451-4,"HANNAH FILMS, S.R.L.",1-31-97461-9,,UNA HERMOSA COINCIDENCIA,2023-01-06,2023-02-08,6000000.0,6000000.0,100.0,51815455.27,17556907.5,1.0,0,,0,,resolucion-cipac-no-2023-031_validacion-de-inversion-lubricantes-dominicanos-s-r-l-una-hermosa-coincidencia.pdf
1650,CIPAC-2023-032,2023,,,825,489,art_34,approved,"RAFAEL ÁLVAREZ, S.R.L.",1-02-00040-9,"HANNAH FILMS, S.R.L.",1-31-97461-9,,UNA HERMOSA COINCIDENCIA,2023-01-06,2023-02-08,9546000.0,9546000.0,100.0,51815455.27,17556907.5,1.0,0,,0,,resolucion-cipac-no-2023-032_validacion-de-inversion-rafael-alvarez-s-r-l-una-hermosa-coincidencia.pdf
1651,CIPAC-2023-033,2023,,,825,489,art_34,approved,"ENVASES MUNDIAL, S.R.L.",1-01-50276-2,"HANNAH FILMS, S.R.L.",1-31-97461-9,,UNA HERMOSA COINCIDENCIA,2023-01-06,2023-02-08,850000.0,850000.0,100.0,51815455.27,17556907.5,1.0,0,,0,,resolucion-cipac-no-2023-033_validacion-de-inversion-envases-mundial-s-r-l-una-hermosa-coincidencia-2.pdf
1652,CIPAC-2023-034,2023,,,825,489,art_34,approved,"COMERCIALIZADORA NACIONAL Y DE EXPORTACIÓN, S.R.L.",1-02-00184-7,"HANNAH FILMS, S.R.L.",1-31-97461-9,,UNA HERMOSA COINCIDENCIA,2023-01-06,2023-02-08,450000.0,450000.0,100.0,51815455.27,17556907.5,1.0,0,,0,,resolucion-cipac-no-2023-034_validacion-de-inversion-comercializadora-nacional-y-de-exportacion-s-r-l-una-hermosa-coincidencia.pdf
1653,CIPAC-2023-035,2023,,,825,489,art_34,approved,"SERVICIOS ÁLVAREZ DE ADMINISTRACIÓN TÉCNICA, S.R.L.",1-01-13714-2,"HANNAH FILMS, S.R.L.",1-31-97461-9,,UNA HERMOSA COINCIDENCIA,2023-01-06,2023-02-08,550000.0,550000.0,100.0,51815455.27,17556907.5,1.0,0,,0,,resolucion-cipac-no-2023-035_validacion-de-inversion-servicios-alvarez-de-administracion-tecnica-s-r-l-una-hermosa-coincidencia.pdf
1654,CIPAC-2023-036,2023,,,860,498,art_34,approved,"GERDAU METALDOM, S.A.",1-01-00484-3,"ORGULLO DE QUISQUEYA, S.R.L.",1-32-43935-1,,ORGULLO QUISQUEYA,2023-01-11,2023-02-08,33526521.0,33526521.0,100.0,49996258.0,48527331.0,1.0,0,,0,,resolucion-cipac-no-2023-036_validacion-de-inversion-gerdau-metaldom-s-a-orgullo-de-quisqueya.pdf
1655,CIPAC-2023-037,2023,,,860,498,art_34,approved,"CENTRO CUESTA NACIONAL, S.A.S.",1-01-01992-1,"ORGULLO DE QUISQUEYA, S.R.L.",1-32-43935-1,,ORGULLO QUISQUEYA,2023-01-11,2023-02-08,80000000.0,80000000.0,100.0,49996258.0,48527331.0,1.0,0,,0,,resolucion-cipac-no-2023-037_validacion-de-inversion-centro-cuesta-nacional-s-a-s-orgullo-de-quisqueya.pdf
1656,CIPAC-2023-038,2023,,,647,308,art_34,approved,"ENNOVA, S.R.L.",1-30-84069-5,"SAMAN FILMS, S.R.L.",1-31-88883-6,,THE FACILITY,2023-01-11,2023-02-08,550000.0,550000.0,100.0,44682262.72,26646584.0,1.0,0,,0,,resolucion-cipac-no-2023-038_validacion-de-inversion-ennova-s-r-l-the-facility.pdf
1657,CIPAC-2023-039,2023,,,758,475,art_34,approved,"COPY SOLUTIONS INTERNATIONAL, S.A.",1-01-89885-2,"PANORÁMICA FILMS, S.R.L.",1-31-73183-1,,SEROPO;IÑVO,2023-01-12,2023-02-08,7000000.0,7000000.0,100.0,81843866.3,57300000.0,1.0,0,,0,,resolucion-cipac-no-2023-039_validacion-de-inversion-copy-solutions-international-s-a-seropositivo.pdf
1658,CIPAC-2023-040,2023,,,808,476,art_34,approved,"AFP CRECER, S.A.",1-01-86085-5,"VEZLOP GROUP, S.R.L.",1-31-66655-8,,THEOBROMA,2023-01-12,2023-02-08,9000000.0,9000000.0,100.0,46384824.0,45549717.0,1.0,0,,0,,resolucion-cipac-no-2023-040_validacion-de-inversion-afp-crecer-s-a-theobrama.pdf
1659,CIPAC-2023-041,2023,,,808,476,art_34,approved,"BANCO MÚLTIPLE SANTA CRUZ, S.A.",1-02-01292-1,"VEZLOP GROUP, S.R.L.",1-31-66655-8,,THEOBROMA,2023-01-12,2023-02-08,20000000.0,20000000.0,100.0,46384824.0,45553897.0,1.0,0,,0,,resolucion-cipac-no-2023-041_validacion-de-inversion-banco-multiple-santa-cruz-s-a-theobroma.pdf
1660,CIPAC-2023-042,2023,,,808,476,art_34,approved,"CONSORCIO MINERO DOMINICANO, S.A.",1-30-03639-1,"VEZLOP GROUP, S.R.L.",1-31-66655-8,,THEOBROMA,2023-01-12,2023-02-08,10000000.0,10000000.0,100.0,46384824.0,45553897.0,1.0,0,,0,,resolucion-cipac-no-2023-042_validacion-de-inversion-consorcio-minero-dominicano-s-a-theobroma.pdf
1661,CIPAC-2023-043,2023,,,808,476,art_34,approved,"TERMO ENVASES, S.A.",1-01-57338-4,"VEZLOP GROUP, S.R.L.",1-31-66655-8,,THEOBROMA,2023-01-12,2023-02-08,2549717.0,2549717.0,100.0,46384824.0,45553897.0,1.0,0,,0,,resolucion-cipac-no-2023-043_validacion-de-inversion-termo-envases-s-a-theobroma.pdf
1662,CIPAC-2023-044,2023,,,925,566,art_34,approved,"BANCO MÚLTIPLE SANTA CRUZ, S.A.",1-02-01292-1,"POB FILMS, S.R.L.",1-31-15524-3,,EL TRAYECTO,2023-01-12,2023-02-08,18000000.0,18000000.0,100.0,35692434.48,18000000.0,1.0,0,,0,,resolucion-cipac-no-2023-044_validacion-de-inversion-banco-multiple-santa-cruz-s-a-el-trayecto.pdf
1663,CIPAC-2023-045,2023,,,878,541,art_34,approved,"PASTEURIZADORA RICA, S.A.",1-01-00441-1,"SKY FILMS, S.R.L.",1-31-72360-8,,MARCAS DE NUESTRA HISTORIA,2023-01-12,2023-02-08,25000000.0,25000000.0,100.0,27058435.0,25035024.0,1.0,0,,0,,resolucion-cipac-no-2023-045_validacion-de-inversion-pasteurizadora-rica-s-a-marcas-de-nuestra-historia.pdf
1664,CIPAC-2023-046,2023,,,704,439,art_34,approved,"LEAR INVESTMENTS, S.A.",1-31-29583-5,"NEOM FILMS ONE, S.R.L.",1-31-77014-2,,MÚSICA EN LA CIUDAD,2022-01-12,2023-02-08,10000000.0,10000000.0,100.0,25000000.0,21999999.57,1.0,0,,0,,resolucion-cipac-no-2023-046_validacion-de-inversion-lear-investments-s-a-musica-en-la-ciudad.pdf
1665,CIPAC-2023-047,2023,,,728,463,art_34,approved,"AGREGADOS Y CONSTRUCCIONES MORA ROSARIO, S.R.L.",1-31-88160-2,"DOMINICAN NIGHTSCAPE, S.R.L.",1-32-23885-2,,BUTYTO,2023-01-12,2023-02-08,1000000.0,1000000.0,100.0,66743888.5,20486521.0,1.0,0,,0,,resolucion-cipac-no-2023-047_validacion-de-inversion-agregados-y-construcciones-mora-rosario-s-a-butyto.pdf
1666,CIPAC-2023-048,2023,,,767,480,art_34,approved,"ASOCIACIÓN CIBAO DE AHORRO Y PRÉSTAMOS, S.A.",4-02-00186-4,"IMBEXFORD GLOBAL GROUP, S.R.L.",1-32-47836-3,,RENACER,2023-01-12,2023-02-08,12000000.0,12000000.0,100.0,29402154.88,26500000.0,1.0,0,,0,,resolucion-cipac-no-2023-048_validacion-de-inversion-asociacion-cibao-de-ahorros-y-prestamos-renacer.pdf
1667,CIPAC-2023-049,2023,,,732,456,art_34,approved,"PETROMÓVIL, S.A.",1-01-69727-1,"LUNE FILMS PRODUCTIONS, S.R.L.",1-32-35784-1,,VIENES O VOY?,2023-01-12,2023-02-08,10000000.0,10000000.0,100.0,90274335.47,90277735.06,1.0,0,,0,,resolucion-cipac-no-2023-049_validacion-de-inversion-petromovil-s-a-vienes-o-voy.pdf
1668,CIPAC-2023-050,2023,,,732,456,art_34,approved,"BANCO MÚLTIPLE SANTA CRUZ, S.A.",1-02-01292-1,"LUNE FILMS PRODUCTIONS, S.R.L.",1-32-35784-1,,VIENES O VOY?,2023-01-12,2023-02-08,5000000.0,5000000.0,100.0,90274335.47,90277735.06,1.0,0,,0,,resolucion-cipac-no-2023-050_validacion-de-inversion-banco-multiple-santa-cruz-s-a-vienes-o-voy.pdf
1669,CIPAC-2023-051,2023,,,732,456,art_34,approved,ALPHA SOCIEDAD DE VALORES S.A. PUESTO DE BOLSA,1-30-53836-2,"LUNE FILMS PRODUCTIONS, S.R.L.",1-32-35784-1,,VIENES O VOY?,2023-01-12,2023-02-08,10000000.0,10000000.0,100.0,90274335.47,90277735.06,1.0,0,,0,,resolucion-cipac-no-2023-051_validacion-de-inversion-alpha-sociedad-de-valores-s-a-puesto-de-bolsa-vienes-o-voy.pdf
1670,CIPAC-2023-052,2023,,,732,456,art_34,approved,"PROMOTORA PRADERA VERDE, S.R.L.",1-01-84677-1,"LUNE FILMS PRODUCTIONS, S.R.L.",1-32-35784-1,,VIENES O VOY?,2023-01-12,2023-02-08,5000000.0,5000000.0,100.0,90274335.47,90277735.06,1.0,0,,0,,resolucion-cipac-no-2023-052_validacion-de-inversion-promotora-pradera-verde-s-r-l-vienes-o-voy.pdf
1671,CIPAC-2023-053,2023,,,887,551,art_34,approved,"AUTOZAMA, S.A.S.",1-01-70933-2,"TERCERA EDAD FILMS, S.R.L.",1-32-66532-5,,TERCERA EDAD,2023-01-13,2023-02-08,45000000.0,45000000.0,100.0,93852934.0,50616790.19,1.0,0,,0,,resolucion-cipac-no-2023-053_validacion-de-inversion-autozama-s-a-s-tercera-edad.pdf
1672,CIPAC-2023-054,2023,,,887,551,art_34,approved,"QUALA DOMINICANA, S.A.",1-01-74167-8,"TERCERA EDAD FILMS, S.R.L.",1-32-66532-5,,TERCERA EDAD,2023-01-13,2023-02-08,5601927.0,5601927.0,100.0,93852934.0,50616790.19,1.0,0,,0,,resolucion-cipac-no-2023-054_validacion-de-inversion-quala-dominicana-s-a-tercera-edad.pdf
1673,CIPAC-2023-055,2023,,,926,524,art_34,approved,"EL CATADOR, S.A.",1-01-06070-2,"LVS1, S.R.L.",1-32-43815-9,,PRIMU,2023-01-13,2023-02-08,2133736.0,2133736.0,100.0,103464476.0,2136992.94,1.0,0,,0,,resolucion-cipac-no-2023-055_validacion-de-inversion-el-catador-s-a-primu.pdf
1674,CIPAC-2023-056,2023,,,534,239,art_34,approved,"LEAR INVESTMENTS, S.A.",1-31-29583-5,"PRODUCCIONES ATL, S.R.L.",1-31-22321-4,,A TIRO LIMPIO,2023-01-13,2023-02-08,7000000.0,7000000.0,100.0,96563397.0,74000000.0,1.0,0,,0,,resolucion-cipac-no-2023-056_validacion-de-inversion-lear-investments-s-a-a-tiro-limpio.pdf
1675,CIPAC-2023-057,2023,,,844,505,art_34,approved,"A.V. BLANDINO & CIA, S.A.",1-01-00015-5,"GRUPO TRUKEMER, S.R.L.",1-31-08399-4,,TIGUERAJE,2023-01-13,2023-02-08,3000000.0,3000000.0,100.0,77517956.0,72010097.0,1.0,0,,0,,resolucion-cipac-no-2023-057_validacion-de-inversion-a-v-blandino-cia-s-a-tigueraje.pdf
1676,CIPAC-2023-058,2023,,,844,505,art_34,approved,"CENTRO CUESTA NACIONAL, S.A.S.",1-01-01992-1,"GRUPO TRUKEMER, S.R.L.",1-31-08399-4,,TIGUERAJE,2023-01-13,2023-02-08,7000000.0,7000000.0,100.0,77517956.0,72010097.0,1.0,0,,0,,resolucion-cipac-no-2023-058_validacion-de-inversion-centro-cuesta-nacional-s-a-s-tigueraje.pdf
1677,CIPAC-2023-059,2023,,,844,505,art_34,approved,"CERVECERÍA NACIONAL DOMINICANA, S.A.",1-01-00372-3,"GRUPO TRUKEMER, S.R.L.",1-31-08399-4,,TIGUERAJE,2023-01-13,2023-02-08,25000000.0,25000000.0,100.0,77517956.0,72010097.0,1.0,0,,0,,resolucion-cipac-no-2023-059_validacion-de-inversion-cerveceria-nacional-dominicana-s-a-tigueraje.pdf
1678,CIPAC-2023-060,2023,,,844,505,art_34,approved,"JMMB SOCIEDAD ADMINISTRADORA DE FONDOS DE INVERSIÓN, S.A.",1-31-07414-6,"GRUPO TRUKEMER, S.R.L.",1-31-08399-4,,TIGUERAJE,2023-01-13,2023-02-08,5000000.0,5000000.0,100.0,77517956.0,72010097.0,1.0,0,,0,,resolucion-cipac-no-2023-060_validacion-de-inversion-jmmb-sociedad-administradora-de-fondos-de-inversion-s-a-tigueraje.pdf
1679,CIPAC-2023-061,2023,,,844,505,art_34,approved,"SUED & FARGESA, S.R.L.",1-01-02772-1,"GRUPO TRUKEMER, S.R.L.",1-31-08399-4,,TIGUERAJE,2023-01-13,2023-02-08,20000000.0,20000000.0,100.0,77517956.0,72010097.0,1.0,0,,0,,resolucion-cipac-no-2023-061_validacion-de-inversion-sued-farguesa-s-r-l-tigueraje.pdf
1680,CIPAC-2023-062,2023,,,844,505,art_34,approved,"VIAMAR, S.A.",1-01-01114-9,"GRUPO TRUKEMER, S.R.L.",1-31-08399-4,,TIGUERAJE,2023-01-13,2023-02-08,12000000.0,12000000.0,100.0,77517956.0,72010097.0,1.0,0,,0,,resolucion-cipac-no-2023-062_validacion-de-inversion-viamar-s-a-tigueraje.pdf
1681,CIPAC-2023-063,2023,,,840,362,art_34,approved,"CONSTRUCTORA MONTEBIANCO, S.R.L.",1-31-47453-5,"JACAGUA FILMS, S.R.L.",1-31-72046-3,,TRÁGICO FINAL,2023-01-13,2023-02-08,2500000.0,2500000.0,100.0,61056000.0,59280791.0,1.0,0,,0,,resolucion-cipac-no-2023-063_validacion-de-inversion-constructora-montebianco-s-r-l-trajico-final.pdf
1682,CIPAC-2023-064,2023,,,840,362,art_34,approved,"FIDUCIARIA RESERVAS, S.A.",1-31-02145-1,"JACAGUA FILMS, S.R.L.",1-31-72046-3,,TRÁGICO FINAL,2023-01-13,2023-02-08,6000000.0,6000000.0,100.0,61056000.0,59280791.0,1.0,0,,0,,resolucion-cipac-no-2023-064_validacion-de-inversion-fiduciaria-reservas-s-a-tragico-final.pdf
1683,CIPAC-2023-065,2023,,,840,362,art_34,approved,"LABORATORIOS KEY, S.R.L.",1-01-00132-1,"JACAGUA FILMS, S.R.L.",1-31-72046-3,,TRÁGICO FINAL,2023-01-13,2023-02-08,5000000.0,5000000.0,100.0,61056000.0,59280791.0,1.0,0,,0,,resolucion-cipac-no-2023-065_validacion-de-inversion-laboratorios-key-s-r-l-trajico-final.pdf
1684,CIPAC-2023-066,2023,,,840,362,art_34,approved,"LOTERÍA ELECTRÓNICA INTERNACIONAL DOMINICANA, S.A.",1-01-70527-2,"JACAGUA FILMS, S.R.L.",1-31-72046-3,,TRÁGICO FINAL,2023-01-13,2023-02-08,25000000.0,25000000.0,100.0,61056000.0,59280791.0,1.0,0,,0,,resolucion-cipac-no-2023-066_validacion-de-inversion-loteria-electronica-internacional-dominicana-s-a-tragico-final.pdf
1685,CIPAC-2023-067,2023,,,766,447,art_34,approved,"BANCO MÚLTIPLE LÓPEZ DE HARO, S.A.",1-01-14588-9,"LOPASA COMERCIAL, S.R.L.",1-31-86546-1,,"PEPE, LA IMAGINACIÓN EN EL TERCER CINE",2023-01-17,2023-02-08,5000000.0,5000000.0,100.0,51474571.0,34499573.0,1.0,0,,0,,resolucion-cipac-no-2023-067_validacion-de-inversion-banco-multiple-lopez-de-haro-s-a-pepe-la-imaginacion-en-el-tercer-cine.pdf
1686,CIPAC-2023-068,2023,,,766,447,art_34,approved,"LETERAGO, S.R.L.",1-01-01357-5,"LOPASA COMERCIAL, S.R.L.",1-31-86546-1,,"PEPE, LA IMAGINACIÓN EN EL TERCER CINE",2023-01-17,2023-02-08,8399004.0,8399004.0,100.0,51474571.0,34499573.0,1.0,0,,0,,resolucion-cipac-no-2023-068_validacion-de-inversion-leterago-s-r-l-pepe-la-imaginacion-en-el-tercer-cine.pdf
1687,CIPAC-2023-069,2023,,,766,447,art_34,approved,"VIAMAR, S.A.",1-01-01114-9,"LOPASA COMERCIAL, S.R.L.",1-31-86546-1,,"PEPE, LA IMAGINACIÓN EN EL TERCER CINE",2023-01-17,2023-02-08,10000000.0,10000000.0,100.0,51474571.0,34499573.0,1.0,0,,0,,resolucion-cipac-no-2023-069_validacion-de-inversion-viamar-s-a-pepe-la-imaginacion-en-el-tercer-cine.pdf
1688,CIPAC-2023-070,2023,,,861,501,art_34,approved,"ADMINISTRADORA DE FONDOS DE PENSIONES POPULAR, S.A.",1-01-76868-1,"STONE PRODUCTIONS, S.R.L.",1-31-90601-1,,¡ LIVE WHERE YOU VACATION,2023-01-17,2023-02-08,34137838.0,34137838.0,100.0,34141850.0,35000000.0,1.0,0,,0,,resolucion-cipac-no-2023-070_validacion-de-inversion-administradora-de-fondos-de-pension-popular-s-a-i-love-where-you-vacation.pdf
1689,CIPAC-2023-071,2023,,,628,378,art_34,approved,"DOPERCO, S.R.L.",1-01-61456-2,"PILÓN PRODUCTIONS, S.R.L.",1-30-99100-6,,LEMONADE,2023-01-17,2023-02-08,4000000.0,4000000.0,100.0,38733760.59,34380704.29,1.0,0,,0,,resolucion-cipac-no-2023-071_validacion-de-inversion-doperco-s-r-l-lemonade.pdf
1690,CIPAC-2023-072,2023,,,628,378,art_34,approved,"TMQ DOMINICANA, S.A.",1-30-68283-6,"PILÓN PRODUCTIONS, S.R.L.",1-30-99100-6,,LEMONADE,2023-01-17,2023-02-08,4000000.0,4000000.0,100.0,38733760.59,34380704.29,1.0,0,,0,,resolucion-cipac-no-2023-072_validacion-de-inversion-tmq-dominicana-s-a-lemonade.pdf
1691,CIPAC-2023-073,2023,,,628,378,art_34,approved,"CONSTRUCTORA PRIDA, S.R.L.",1-31-42413-9,"PILÓN PRODUCTIONS, S.R.L.",1-30-99100-6,,LEMONADE,2023-01-17,2023-02-08,2342831.39,2342831.39,100.0,38733760.59,34380704.29,1.0,0,,0,,resolucion-cipac-no-2023-073_validacion-de-inversion-constructora-prida-s-r-l-lemonade.pdf
1692,CIPAC-2023-074,2023,,,742,459,art_34,approved,"DOPERCO, S.R.L.",1-01-61456-2,"LUNA NEGRA, S.R.L.",1-31-00651-5,,GRANITO DE ARENA,2023-01-17,2023-02-08,3000000.0,3000000.0,100.0,17601279.02,13534504.36,1.0,0,,0,,resolucion-cipac-no-2023-074_validacion-de-inversion-doperco-s-r-l-granito-de-arena.pdf
1693,CIPAC-2023-075,2023,,,742,459,art_34,approved,"PLUSVALHOMES REALTY GROUP, S.R.L.",1-30-40866-1,"LUNA NEGRA, S.R.L.",1-31-00651-5,,GRANITO DE ARENA,2023-01-17,2023-02-08,1500000.0,1500000.0,100.0,17601279.02,13534504.36,1.0,0,,0,,resolucion-cipac-no-2023-075_validacion-de-inversion-plusvalhomes-realty-group-s-r-l-granito-de-arena.pdf
1694,CIPAC-2023-076,2023,,,907,568,art_34,approved,"AES ANDRES DR, S.A.",1-31-13781-4,"DARE FILMS, S.R.L.",1-32-08126-9,,EL VIAJE DE LAURA,2023-01-17,2023-02-08,10000000.0,10000000.0,100.0,72538837.07,25000000.0,1.0,0,,0,,resolucion-cipac-no-2023-076_validacion-de-inversion-aes-andres-rd-s-a-el-viaje-de-laura.pdf
1695,CIPAC-2023-077,2023,,,907,568,art_34,approved,"COPY SOLUTIONS INTERNATIONAL, S.A.",1-01-89885-2,"DARE FILMS, S.R.L.",1-32-08126-9,,EL VIAJE DE LAURA,2023-01-17,2023-02-08,5000000.0,5000000.0,100.0,72538837.07,25000000.0,1.0,0,,0,,resolucion-cipac-no-2023-077_validacion-de-inversion-copy-solutions-international-s-a-el-viaje-de-laura.pdf
1696,CIPAC-2023-078,2023,,,907,558,art_34,approved,"CONSORCIO ENERGÉTICO PUNTA CANA MACAO, S.A.",1-01-58340-1,"DARE FILMS, S.R.L.",1-32-08126-9,,EL VIAJE DE LAURA,2023-01-17,2023-02-08,10000000.0,10000000.0,100.0,72538837.07,25000000.0,1.0,0,,0,,resolucion-cipac-no-2023-078_validacion-de-inversion-consorcio-energetico-punta-cana-macao-cepm-s-a-el-viaje-de-laura.pdf
1697,CIPAC-2023-079,2023,,,858,521,art_34,approved,"GRUPO CAROL, S.A.S.",1-01-87186-5,"BLIND EYE PRODUCTIONS, S.R.L.",1-32-07948-5,,"LA ODISEA: JUANA, PEPE, LUPITA",2023-01-17,2023-02-08,1500000.0,1500000.0,100.0,15039573.68,14436280.0,1.0,0,,0,,resolucion-cipac-no-2023-079_validacion-de-inversion-grupo-carol-s-a-s-la-odisea-juana-pepe-lupita.pdf
1698,CIPAC-2023-080,2023,,,858,521,art_34,approved,"DISASHOP DOMINICANA, S.R.L.",1-30-17301-1,"BLIND EYE PRODUCTIONS, S.R.L.",1-32-07948-5,,"LA ODISEA: JUANA, PEPE, LUPITA",2023-01-17,2023-02-08,1936280.0,1936280.0,100.0,15039573.68,14436280.0,1.0,0,,0,,resolucion-cipac-no-2023-080_validacion-de-inversion-disashop-dominicana-s-r-l-la-odisea-juana-pepe-lupita.pdf
1699,CIPAC-2023-081,2023,,,858,521,art_34,approved,"CONSORCIO ENERGÉTICO PUNTA CANA MACAO, S.A.",1-01-58340-1,"BLIND EYE PRODUCTIONS, S.R.L.",1-32-07948-5,,"LA ODISEA: JUANA, PEPE, LUPITA",2023-01-17,2023-02-08,5000000.0,5000000.0,100.0,15039573.68,14436280.0,1.0,0,,0,,resolucion-cipac-no-2023-081_validacion-de-inversion-consorcio-energetico-punta-cana-macaocepm-s-a-la-odisea-juana-pepe-lupi.pdf
1700,CIPAC-2023-082,2023,,,880,547,art_34,approved,"PASTEURIZADORA RICA, S.A.",1-01-00441-1,"MAIN STREET FILMS, S.R.L.",1-32-60134-3,,HERENCIA GASTRONOMICA,2023-01-17,2023-02-08,24981606.0,24981606.0,100.0,27930249.0,25000418.0,1.0,0,,0,,resolucion-cipac-no-2023-082_validacion-de-inversion-pasteurizadora-rica-s-a-herencia-gastronomica.pdf
1701,CIPAC-2023-083,2023,,,442,285,art_34,approved,"LABELS CARIBE, INC",1-30-70227-6,"DUHO CINEMA, S.R.L.",1-31-29320-4,,CONSUELO,2023-01-17,2023-03-02,2000000.0,2000000.0,100.0,29835048.16,27651807.0,1.0,0,,0,,resolucion-cipac-no-2023-083_validacion-de-inversion-labels-caribe-inc-consuelo.pdf
1702,CIPAC-2023-084,2023,,,442,285,art_34,approved,"LABORATORIOS ORBIS, S.A.",1-01-01340-2,"DUHO CINEMA, S.R.L.",1-31-29320-4,,CONSUELO,2023-01-17,2023-03-02,800000.0,800000.0,100.0,29835048.16,27651807.0,1.0,0,,0,,resolucion-cipac-no-2023-084_validacion-de-inversion-laboratorios-orbis-s-a-consuelo.pdf
1703,CIPAC-2023-085,2023,,,442,285,art_34,approved,"LABORATORIOS DE APLICACIONES MÉDICAS, S.A.",1-01-16846-3,"DUHO CINEMA, S.R.L.",1-31-29320-4,,CONSUELO,2023-01-17,2023-03-02,5000000.0,5000000.0,100.0,29835048.16,27651807.0,1.0,0,,0,,resolucion-cipac-no-2023-085_validacion-de-inversion-laboratorios-de-aplicaciones-medicas-s-a-consuelo.pdf
1704,CIPAC-2023-086,2023,,,911,531,art_34,approved,"AEROPUERTO INTERNACIONAL DEL CIBAO, S.A.",1-02-61324-9,"COCU FILMS, S.R.L.",1-32-13293-9,,ORIGEN,2023-01-17,2023-03-02,11889060.31,11889060.31,100.0,30132636.93,27592160.31,1.0,0,,0,,resolucion-cipac-no-2023-086_validacion-de-inversion-auropuerto-internacional-del-cibao-s-a-origen.pdf
1705,CIPAC-2023-087,2023,,,911,531,art_34,approved,"BANCO DE AHORRO Y CRÉDITO ADOPEM, S.A.",1-03-00310-9,"COCU FILMS, S.R.L.",1-32-13293-9,,ORIGEN,2023-01-17,2023-03-02,2950000.0,2950000.0,100.0,30132636.93,27592160.31,1.0,0,,0,,resolucion-cipac-no-2023-087_validacion-de-inversion-banco-de-ahorro-y-credito-adopem-s-a-origen.pdf
1706,CIPAC-2023-088,2023,,,911,531,art_34,approved,"BANCO MÚLTIPLE LÓPEZ DE HARO, S.A.",1-01-14588-9,"COCU FILMS, S.R.L.",1-32-13293-9,,ORIGEN,2023-01-17,2023-03-02,12753100.0,12753100.0,100.0,30132636.93,27592160.31,1.0,0,,0,,resolucion-cipac-no-2023-088_validacion-de-inversion-banco-multiple-lopez-de-haro-s-a-origen.pdf
1707,CIPAC-2023-089,2023,,,875,536,art_34,approved,"LOTERÍA ELECTRÓNICA INTERNACIONAL DOMINICANA, S.A.",1-01-70527-2,"MAFE FILMS, S.R.L.",1-31-02473-4,,EL TIBURÓN,2023-01-17,2023-03-02,36000000.0,36000000.0,100.0,97661327.0,75306818.0,1.0,0,,0,,resolucion-cipac-no-2023-089_validacion-de-inversion-loteria-electronica-internacional-dominicana-s-a-el-tiburon.pdf
1708,CIPAC-2023-090,2023,,,875,536,art_34,approved,"BANCO POPULAR DOMINICANO, S. A. BANCO MÚLTIPLE",1-01-01063-2,"MAFE FILMS, S.R.L.",1-31-02473-4,,EL TIBURÓN,2023-01-17,2023-03-02,15000000.0,15000000.0,100.0,97661327.0,75306818.0,1.0,0,,0,,resolucion-cipac-no-2023-090_validacion-de-inversion-banco-popular-dominicano-s-a-el-tiburon.pdf
1709,CIPAC-2023-091,2023,,,875,536,art_34,approved,"VIAMAR, S.A.",1-01-01114-9,"MAFE FILMS, S.R.L.",1-31-02473-4,,EL TIBURÓN,2023-01-17,2023-03-02,10000000.0,10000000.0,100.0,97661327.0,75306818.0,1.0,0,,0,,resolucion-cipac-no-2023-091_validacion-de-inversion-viamar-s-a-el-tiburon.pdf
1710,CIPAC-2023-092,2023,,,875,536,art_34,approved,"CONSORCIO ENERGÉTICO PUNTA CANA MACAO, S.A.",1-01-58340-1,"MAFE FILMS, S.R.L.",1-31-02473-4,,EL TIBURÓN,2023-01-17,2023-03-02,5000000.0,5000000.0,100.0,97661327.0,75306818.0,1.0,0,,0,,resolucion-cipac-no-2023-092_validacion-de-inversion-consorcio-energetico-punta-cana-macao-s-a-cepm-el-tiburon.pdf
1711,CIPAC-2023-093,2023,,,875,536,art_34,approved,"CONSTRUCTORA MONTEBIANCO, S.R.L.",1-31-47453-5,"MAFE FILMS, S.R.L.",1-31-02473-4,,EL TIBURÓN,2023-01-17,2023-03-02,1000000.0,1000000.0,100.0,97661327.0,75306818.0,1.0,0,,0,,resolucion-cipac-no-2023-093_validacion-de-inversion-constructora-montebianco-s-r-l-el-tiburon.pdf
1712,CIPAC-2023-094,2023,,,875,536,art_34,approved,"PJ GAFFERS AND FILM RD, INC",1-30-94103-3,"MAFE FILMS, S.R.L.",1-31-02473-4,,EL TIBURÓN,2023-01-17,2023-03-02,5500000.0,5500000.0,100.0,97661327.0,75306818.0,1.0,0,,0,,resolucion-cipac-no-2023-094_validacion-de-inversion-pj-gaffers-and-films-rd-inc-el-tiburon.pdf
1713,CIPAC-2023-095,2023,,,870,518,art_34,approved,"ADMINISTRADORA DE FONDOS DE PENSIONES POPULAR, S.A.",1-01-76868-1,"YUTTAM GROUP, S.R.L.",1-31-28530-9,,EL BUEN VIVIR,2023-01-17,2023-03-02,20775062.0,20775062.0,100.0,33171145.0,32788668.0,1.0,0,,0,,resolucion-cipac-no-2023-095_validacion-de-inversion-administradora-de-fondos-de-pensiones-popular-s-a-el-buen-vivir.pdf
1714,CIPAC-2023-096,2023,,,870,518,art_34,approved,"BANCO MÚLTIPLE SANTA CRUZ, S.A.",1-02-01292-1,"YUTTAM GROUP, S.R.L.",1-31-28530-9,,EL BUEN VIVIR,2023-01-17,2023-03-02,7000000.0,7000000.0,100.0,33171145.0,32788668.0,1.0,0,,0,,resolucion-cipac-no-2023-096_validacion-de-inversion-banco-multiple-santa-cruz-s-a-el-buen-vivir.pdf
1715,CIPAC-2023-097,2023,,,870,518,art_34,approved,"TERMO ENVASES, S.A.",1-01-57338-4,"YUTTAM GROUP, S.R.L.",1-31-28530-9,,EL BUEN VIVIR,2023-01-17,2023-03-02,5000000.0,5000000.0,100.0,33171145.0,32788668.0,1.0,0,,0,,resolucion-cipac-no-2023-097_validacion-de-inversion-termo-envases-s-a-el-buen-vivir.pdf
1716,CIPAC-2023-098,2023,,,837,500,art_34,approved,"ADMINISTRADORA DE FONDOS DE PENSIONES POPULAR, S.A.",1-01-76868-1,"GODRANISS GROUP, S.R.L.",1-31-37909-5,,EL AÑO DEL TIGRE,2023-01-17,2023-03-02,44000000.0,44000000.0,100.0,81375000.0,81265035.0,1.0,0,,0,,resolucion-cipac-no-2023-098_validacion-de-inversion-administradora-de-fondos-de-pensiones-popular-s-a-el-ano-del-tigre.pdf
1717,CIPAC-2023-099,2023,,,837,500,art_34,approved,"BANCO MÚLTIPLE SANTA CRUZ, S.A.",1-02-01292-1,"GODRANISS GROUP, S.R.L.",1-31-37909-5,,EL AÑO DEL TIGRE,2023-01-17,2023-03-02,8000000.0,8000000.0,100.0,81375000.0,81265035.0,1.0,0,,0,,resolucion-cipac-no-2023-099_validacion-de-inversion-banco-multiple-santa-cruz-s-a-el-ano-del-tigre.pdf
1718,CIPAC-2023-100,2023,,,837,500,art_34,approved,"TERMO ENVASES, S.A.",1-01-57338-4,"GODRANISS GROUP, S.R.L.",1-31-37909-5,,EL AÑO DEL TIGRE,2023-01-17,2023-03-02,3742615.0,3742615.0,100.0,81375000.0,81265035.0,1.0,0,,0,,resolucion-cipac-no-2023-100_validacion-de-inversion-termo-envases-s-a-el-ano-del-tigre.pdf
1719,CIPAC-2023-101,2023,,,837,500,art_34,approved,"AFP CRECER, S.A.",1-01-86085-5,"GODRANISS GROUP, S.R.L.",1-31-37909-5,,EL AÑO DEL TIGRE,2023-01-17,2023-03-02,10000000.0,10000000.0,100.0,81375000.0,81265035.0,1.0,0,,0,,resolucion-cipac-no-2023-101_validacion-de-inversion-afp-crecer-s-a-el-ano-del-tigre.pdf
1720,CIPAC-2023-102,2023,,,837,500,art_34,approved,"PETROMÓVIL, S.A.",1-01-69727-1,"GODRANISS GROUP, S.R.L.",1-31-37909-5,,EL AÑO DEL TIGRE,2023-01-17,2023-03-02,15500000.0,15500000.0,100.0,81375000.0,81265035.0,1.0,0,,0,,resolucion-cipac-no-2023-102_validacion-de-inversion-petromovil-s-a-el-ano-del-tigre.pdf
1721,CIPAC-2023-103,2023,,,595,383,art_34,approved,"BANCO DE AHORRO Y CRÉDITO ADOPEM, S.A.",1-03-00310-9,"CANOA FILMS, S.R.L.",1-31-42379-5,,UN MATRIMONIO PERFECTO,2023-01-17,2023-03-02,2500000.0,2500000.0,100.0,92408792.63,65000000.0,1.0,0,,0,,resolucion-cipac-no-2023-103_validacion-de-inversion-banco-de-ahorro-y-credito-adopem-s-a-un-matrimonio-perfecto.pdf
1722,CIPAC-2023-104,2023,,,595,383,art_34,approved,"COSANCA, S.A.S.",1-01-02235-3,"CANOA FILMS, S.R.L.",1-31-42379-5,,UN MATRIMONIO PERFECTO,2023-01-17,2023-03-02,4000000.0,4000000.0,100.0,92408792.63,65000000.0,1.0,0,,0,,resolucion-cipac-no-2023-104_validacion-de-inversion-cosanca-s-a-s-un-matrimonio-perfecto.pdf
1723,CIPAC-2023-105,2023,,,867,539,art_34,approved,"BANCO POPULAR DOMINICANO, S. A. BANCO MÚLTIPLE",1-01-01063-2,"PRODUCCIONES GUAYACANES 008, S.R.L.",1-32-31985-2,,PÉREZ RODRÍGUEZ,2023-01-27,2023-03-02,84852839.0,84852839.0,100.0,84852839.0,84685083.0,1.0,0,,0,,resolucion-cipac-no-2023-105_validacion-de-inversion-banco-popular-dominicano-s-a-banco-mulitple-perez-rodriguez.pdf
1724,CIPAC-2023-106,2023,,,899,545,art_34,approved,"BANCO POPULAR DOMINICANO, S. A. BANCO MÚLTIPLE",1-01-01063-2,"JEMIPAS FILMS, S.R.L.",1-32-63920-2,,LA INDUSTRIA EN RD (1962-2022) - SEIS DÉCADAS DE UNA MARAVILLOSA HISTORIA,2023-01-20,2023-03-02,3000000.0,3000000.0,100.0,24079618.43,16010604.81,1.0,0,,0,,resolucion-cipac-no-2023-106_validacion-de-inversion-banco-popular-dominicano-s-a-banco-multiple-la-industria-en-rd-1962-2022.pdf
1725,CIPAC-2023-107,2023,,,899,545,art_34,approved,"GLOBALPACK, S.R.L.",1-01-86584-9,"JEMIPAS FILMS, S.R.L.",1-32-63920-2,,LA INDUSTRIA EN RD (1962-2022) - SEIS DÉCADAS DE UNA MARAVILLOSA HISTORIA,2023-01-20,2023-03-02,2000000.0,2000000.0,100.0,24079618.43,16010604.81,1.0,0,,0,,resolucion-cipac-no-2023-107_validacion-de-inversion-globalpack-s-r-l-la-industria-en-rd-1962-2022.pdf
1726,CIPAC-2023-108,2023,,,899,545,art_34,approved,"PACIFIC ASSETS, CORP",1-22-01963-4,"JEMIPAS FILMS, S.R.L.",1-32-63920-2,,LA INDUSTRIA EN RD (1962-2022) - SEIS DÉCADAS DE UNA MARAVILLOSA HISTORIA,2023-01-20,2023-03-02,2000000.0,2000000.0,100.0,24079618.43,16010604.81,1.0,0,,0,,resolucion-cipac-no-2023-108_validacion-de-inversion-pacific-assets-corp-la-industria-en-rd-1962-2022.pdf
1727,CIPAC-2023-109,2023,,,899,545,art_34,approved,"PASTEURIZADORA RICA, S.A.",1-01-00441-1,"JEMIPAS FILMS, S.R.L.",1-32-63920-2,,LA INDUSTRIA EN RD (1962-2022) - SEIS DÉCADAS DE UNA MARAVILLOSA HISTORIA,2023-01-20,2023-03-02,2000000.0,2000000.0,100.0,24079618.43,16010604.81,1.0,0,,0,,resolucion-cipac-no-2023-109_validacion-de-inversion-pasteurizadora-rica-s-a-la-industria-en-rd-1962-2022.pdf
1728,CIPAC-2023-110,2023,,,899,545,art_34,approved,"MOLINOS DEL OZAMA, S.A.",1-01-80850-2,"JEMIPAS FILMS, S.R.L.",1-32-63920-2,,LA INDUSTRIA EN RD (1962-2022) - SEIS DÉCADAS DE UNA MARAVILLOSA HISTORIA,2023-01-20,2023-03-02,4000000.0,4000000.0,100.0,24079618.43,16010604.81,1.0,0,,0,,resolucion-cipac-no-2023-110_validacion-de-inversion-molinos-del-ozama-s-a-la-industria-en-rd-1962-2022.pdf
1729,CIPAC-2023-111,2023,,,899,545,art_34,approved,"CASA BRUGAL RD, S.A.",1-01-09183-5,"JEMIPAS FILMS, S.R.L.",1-32-63920-2,,LA INDUSTRIA EN RD (1962-2022) - SEIS DÉCADAS DE UNA MARAVILLOSA HISTORIA,2023-01-20,2023-03-02,3000000.0,3000000.0,100.0,24079618.43,16010604.81,1.0,0,,0,,resolucion-cipac-no-2023-111_validacion-de-inversion-casa-brugal-rd-s-a-la-industria-en-rd-1962-2022.pdf
1730,CIPAC-2023-113,2023,,,888,509,art_34,approved,"CONSORCIO DE TARJETAS DOMINICANAS, S.A.",1-01-65432-5,"ARRAYANO FILMS, S.R.L.",1-32-28278-7,,ENTIERRENLO DE PIE,2023-01-24,2023-03-02,9990611.77,9990611.77,100.0,51345787.39,20378267.1,1.0,0,,0,,resolucion-cipac-no-2023-113_validacion-de-inversion-consorcio-de-trajetas-dominicana-s-a-entierrenlo-de-pie.pdf
1731,CIPAC-2023-114,2023,,,888,509,art_34,approved,"SOCIEDAD ADMINISTRADORA DE FONDOS DE INVERSIÓN BHD, S.A. (SAFI-BHD)",1-30-90241-2,"ARRAYANO FILMS, S.R.L.",1-32-28278-7,,ENTIERRENLO DE PIE,2023-01-24,2023-03-02,1000000.0,1000000.0,100.0,51345787.39,20378267.1,1.0,0,,0,,resolucion-cipac-no-2023-114_validacion-de-inversion-sociedad-administradaora-de-fondos-de-inversion-bhd-s-a-entierrenlo-de-pie.pdf
1732,CIPAC-2023-115,2023,,,821,,art_39,approved,,,"FILM 030, S.R.L.",1-32-26484-3,,THE RESORT,2023-01-24,2023-03-02,163396143.0,40849035.75,25.0,163739896.0,163657896.0,1.0,0,,0,,resolucion-cipac-no-2023-115_validacion-de-gastos-film-030-s-r-l-the-resort.pdf
1733,CIPAC-2023-116,2023,,,773,543,art_34,approved,"AUTOZAMA, S.A.S.",1-01-70933-2,"CASA LATINA FILMS, S.R.L.",1-31-89932-3,,LOADING,2023-01-26,2023-03-02,20000000.0,20000000.0,100.0,22506989.61,20000000.0,1.0,0,,0,,resolucion-cipac-no-2023-116_validacion-de-inversion-autozama-s-a-s-loading.pdf
1734,CIPAC-2023-117,2023,,,848,504,art_34,approved,"CERVECERÍA NACIONAL DOMINICANA, S.A.",1-01-00372-3,"PRODUCCIONES LÍNEA ESPIRAL, S.R.L.",1-22-01660-2,,MILLY: LA VIDA ES UNA SOLA,2023-01-27,2023-03-02,58000000.0,58000000.0,100.0,115002767.0,71123243.0,0.9,0,,1,total_budget_approved|set_manual|null|115002767.00|OCR severely corrupted budget approval paragraph|Resolution PDF budget section|2026-07-23|JDP,resolucion-cipac-no-2023-117_validacion-de-inversion-cerveceria-nacional-dominicana-s-a-milly-la-vida-es-una-sola.pdf
1735,CIPAC-2023-118,2023,,,848,504,art_34,approved,"CPS, S.R.L.",1-01-56304-4,"PRODUCCIONES LÍNEA ESPIRAL, S.R.L.",1-22-01660-2,,MILLY: LA VIDA ES UNA SOLA,2023-01-27,2023-03-02,1450000.0,1450000.0,100.0,115002767.0,71123243.0,1.0,0,,0,,resolucion-cipac-no-2023-118_validacion-de-inversion-c-p-s-s-r-l-milly-la-vida-es-una-sola.pdf
1736,CIPAC-2023-119,2023,,,848,504,art_34,approved,"AEROPAQ, S.R.L.",1-01-68431-3,"PRODUCCIONES LÍNEA ESPIRAL, S.R.L.",1-22-01660-2,,MILLY: LA VIDA ES UNA SOLA,2023-01-27,2023-03-02,2170000.0,2170000.0,100.0,115002767.0,71123243.0,1.0,0,,0,,resolucion-cipac-no-2023-119_validacion-de-inversion-aeropaq-s-r-l-milly-la-vida-es-una-vida.pdf
1737,CIPAC-2023-120,2023,,,848,504,art_34,approved,"IDC CONSTRUCCIÓN, S.R.L.",1-30-68454-5,"PRODUCCIONES LÍNEA ESPIRAL, S.R.L.",1-22-01660-2,,MILLY: LA VIDA ES UNA SOLA,2023-01-27,2023-03-02,9500000.0,9500000.0,100.0,115002767.0,71123243.0,1.0,0,,0,,resolucion-cipac-no-2023-120_validacion-de-inversion-idc-construccion-s-r-l-milly-la-vida-es-una-sola.pdf
1738,CIPAC-2023-121,2023,,,847,516,art_34,approved,"BANCO POPULAR DOMINICANO, S. A. BANCO MÚLTIPLE",1-01-01063-2,"PRODUCCIONES GUAYACANES 007, S.R.L.",1-32-31982-6,,LA CIGUEÑA,2023-01-27,2023-03-02,77890000.0,77890000.0,100.0,84679451.0,84656299.0,1.0,0,,0,,resolucion-cipac-no-2023-121_validacion-de-inversion-banco-popular-dominicano-s-a-banco-multiple-la-ciguena.pdf
1739,CIPAC-2023-122,2023,,,847,516,art_34,approved,"CONSORCIO DE TARJETAS DOMINICANAS, S.A.",1-01-65432-5,"PRODUCCIONES GUAYACANES 007, S.R.L.",1-32-31982-6,,LA CIGUEÑA,2023-01-27,2023-03-02,6766299.0,6766299.0,100.0,84679451.0,84656299.0,1.0,0,,0,,resolucion-cipac-no-2023-122_validacion-de-inversion-consorcio-de-tarjetas-dominicanas-s-a-la-ciguena.pdf
1740,CIPAC-2023-123,2023,,,868,515,art_34,approved,"FARMACIA SAN LUIS DE SANTIAGO DE LOS CABALLEROS, S.R.L.",1-30-62353-8,"FÉNIX LEGENDARIO STUDIOS, S.R.L.",1-31-25185-4,,NUESTRA TIERRA,2023-01-31,2023-03-02,1496500.0,1496500.0,100.0,29551415.15,9801344.52,1.0,0,,0,,resolucion-cipac-no-2023-123_validacion-de-inversion-farmacia-san-luis-de-santiago-de-los-caballeros-s-r-l-nuestra-tierra.pdf
1741,CIPAC-2023-124,2023,,,868,515,art_34,approved,"TARRAUTO, S.A.",1-01-62355-1,"FÉNIX LEGENDARIO STUDIOS, S.R.L.",1-31-25185-4,,NUESTRA TIERRA,2023-01-31,2023-03-02,300000.0,300000.0,100.0,29551415.15,300000.0,1.0,0,,0,,resolucion-cipac-no-2023-124_validacion-de-inversion-tarrauto-s-a-nuestra-tierra.pdf
1742,CIPAC-2023-125,2023,,,868,515,art_34,approved,"INDUSTRIA DE PRODUCTOS LÁCTEOS CORONA, S.R.L.",1-30-31858-1,"FÉNIX LEGENDARIO STUDIOS, S.R.L.",1-31-25185-4,,NUESTRA TIERRA,2023-01-31,2023-03-02,4000000.0,4000000.0,100.0,29551415.15,9801344.52,1.0,0,,0,,resolucion-cipac-no-2023-125_validacion-de-inversion-industria-de-productos-lacteos-corona-s-r-l-nuestra-tierra.pdf
1743,CIPAC-2023-126,2023,,,868,515,art_34,approved,"TRANSPORTE MA, S.R.L.",1-30-11886-8,"FÉNIX LEGENDARIO STUDIOS, S.R.L.",1-31-25185-4,,NUESTRA TIERRA,2023-01-31,2023-03-02,2000000.0,2000000.0,100.0,29551415.15,2000000.0,1.0,0,,0,,resolucion-cipac-no-2023-126_validacion-de-inversion-transporte-m-a-s-r-l-nuestra-tierra.pdf
1744,CIPAC-2023-127,2023,,,868,515,art_34,approved,"ENA INGENIERÍA Y MATERIALES, S.R.L.",1-30-95640-5,"FÉNIX LEGENDARIO STUDIOS, S.R.L.",1-31-25185-4,,NUESTRA TIERRA,2023-01-31,2023-03-02,2000000.0,2000000.0,100.0,29551415.15,9801344.52,1.0,0,,0,,resolucion-cipac-no-2023-127_validacion-de-inversion-ena-igeneria-y-materiales-s-r-l-nuestra-tierra.pdf
1745,CIPAC-2023-128,2023,,,869,533,art_34,approved,"BANCO DE AHORRO Y CRÉDITO ADOPEM, S.A.",1-03-00310-9,"MIRAXIS FILMS, S.R.L.",1-32-00518-1,,COMA PROFUNDO,2023-01-31,2023-03-02,2000000.0,2000000.0,100.0,59916580.56,59493184.0,0.9,0,,1,investor_rnc|set_manual|null|1-03-00310-9|OCR omitted RNC label before investor RNC number|Resolution PDF header p.1|2026-07-23|JDP,resolucion-cipac-no-2023-128_validacion-de-inversion-banco-de-ahorro-y-credito-adopem-s-a-camara-profundo.pdf
1746,CIPAC-2023-129,2023,,,869,533,art_34,approved,"BANCO POPULAR DOMINICANO, S. A. BANCO MÚLTIPLE",1-01-01063-2,"MIRAXIS FILMS, S.R.L.",1-32-00518-1,,COMA PROFUNDO,2023-01-31,2023-03-02,22500000.0,22500000.0,100.0,59916580.56,59493184.0,1.0,0,,0,,resolucion-cipac-no-2023-129_validacion-de-inversion-banco-popular-dominicano-s-a-banco-multiple-coma-profundo.pdf
1747,CIPAC-2023-130,2023,,,869,533,art_34,approved,"ADMINISTRADORA DE FONDOS DE PENSIONES RESERVAS, S.A.",1-01-86939-9,"MIRAXIS FILMS, S.R.L.",1-32-00518-1,,COMA PROFUNDO,2023-01-31,2023-03-02,10000000.0,10000000.0,100.0,59916580.56,59493184.0,1.0,0,,0,,resolucion-cipac-no-2023-130_validacion-de-inversion-administradora-de-fondos-de-pensiones-reservas-s-a-coma-profundo.pdf
1748,CIPAC-2023-131,2023,,,869,533,art_34,approved,"BANCO MÚLTIPLE BDI, S.A.",1-01-04029-7,"MIRAXIS FILMS, S.R.L.",1-32-00518-1,,COMA PROFUNDO,2023-01-31,2023-03-02,5000000.0,5000000.0,100.0,59916580.56,59493184.0,1.0,0,,0,,resolucion-cipac-no-2023-131_validacion-de-inversion-banco-multiple-bdi-s-a-coma-profundo.pdf
1749,CIPAC-2023-132,2023,,,869,533,art_34,approved,"PASTEURIZADORA RICA, S.A.",1-01-00441-1,"MIRAXIS FILMS, S.R.L.",1-32-00518-1,,COMA PROFUNDO,2023-01-31,2023-03-02,5000000.0,5000000.0,100.0,59916580.56,59493184.0,1.0,0,,0,,resolucion-cipac-no-2023-132_validacion-de-inversion-pasteurizadora-rica-s-a-coma-profundo.pdf
1750,CIPAC-2023-133,2023,,,869,533,art_34,approved,"PLAZA LAMA, S.A.",1-01-17111-1,"MIRAXIS FILMS, S.R.L.",1-32-00518-1,,COMA PROFUNDO,2023-01-31,2023-03-02,14993184.0,14993184.0,100.0,59916580.56,59493184.0,1.0,0,,0,,resolucion-cipac-no-2023-133_validacion-de-inversion-plaza-lama-s-a-coma-profundo.pdf
1751,CIPAC-2023-134,2023,,,828,490,art_34,approved,"FONT GAMUNDI, S.A.",1-03-00009-6,"MINERVAS PRODUCCIONES, S.R.L.",1-32-25160-1,,ASÍ GANAMOS,2023-01-31,2023-03-02,1997614.21,1997614.21,100.0,11072975.09,2397614.21,1.0,0,,0,,resolucion-cipac-no-2023-134_validacion-de-inversion-font-gaumundi-s-a-asi-ganamos.pdf
1752,CIPAC-2023-135,2023,,,828,490,art_34,approved,"JMF ARQUITECTOS, S.R.L.",1-30-81363-9,"MINERVAS PRODUCCIONES, S.R.L.",1-32-25160-1,,ASÍ GANAMOS,2023-01-31,2023-03-02,400000.0,400000.0,100.0,11072975.09,2397614.21,1.0,0,,0,,resolucion-cipac-no-2023-135_validacion-de-inversion-jmf-arquitectos-s-r-l-asi-ganamos.pdf
1753,CIPAC-2023-136,2023,,,909,398,art_34,approved,"INDUVECA, S.A.",1-22-01122-6,"LOLO FILMS, S.R.L.",1-32-02470-2,,LA GRANDE,2023-01-31,2023-03-02,10000000.0,10000000.0,100.0,102171685.08,53000000.0,1.0,0,,0,,resolucion-cipac-no-2023-136_validacion-de-inversion-induveca-s-a-la-grande.pdf
1754,CIPAC-2023-137,2023,,,909,398,art_34,approved,"CERVECERÍA NACIONAL DOMINICANA, S.A.",1-01-00372-3,"LOLO FILMS, S.R.L.",1-32-02470-2,,LA GRANDE,2023-01-31,2023-03-02,40000000.0,40000000.0,100.0,102171685.08,53000000.0,1.0,0,,0,,resolucion-cipac-no-2023-137_validacion-de-inversion-cerveceria-nacional-dominicano-s-a-la-grande.pdf
1755,CIPAC-2023-138,2023,,,909,398,art_34,approved,"CONSTRUCTORA PROMOTORA AMRZ & ASOCIADOS, S.A.S.",1-30-99906-6,"LOLO FILMS, S.R.L.",1-32-02470-2,,LA GRANDE,2023-01-31,2023-03-02,500000.0,500000.0,100.0,102171685.08,53000000.0,1.0,0,,0,,resolucion-cipac-no-2023-138_validacion-de-inversion-constructora-promotora-amrz-asociados-s-r-l-la-grande.pdf
1756,CIPAC-2023-139,2023,,,909,398,art_34,approved,"ASA & ASOCIADOS, S.R.L.",1-01-78059-2,"LOLO FILMS, S.R.L.",1-32-02470-2,,LA GRANDE,2023-01-31,2023-03-02,500000.0,500000.0,100.0,102171685.08,53000000.0,1.0,0,,0,,resolucion-cipac-no-2023-139_validacion-de-inversion-asa-asociados-s-r-l-la-grance.pdf
1757,CIPAC-2023-140,2023,,,909,398,art_34,approved,"INTEGRA POWER, S.A.S.",1-32-19888-3,"LOLO FILMS, S.R.L.",1-32-02470-2,,LA GRANDE,2023-01-31,2023-03-02,2000000.0,2000000.0,100.0,102171685.08,2000000.0,1.0,0,,0,,resolucion-cipac-no-2023-140_validacion-de-inversion-integra-power-s-a-s-la-grande.pdf
1758,CIPAC-2023-141,2023,,,886,530,art_34,approved,"AEROPUERTO INTERNACIONAL DEL CIBAO, S.A.",1-02-61324-9,"SELENE FILMS MANAGEMENTS, S.R.L.",1-31-50486-8,,ZAFARI,2023-02-02,2023-03-02,7000000.0,7000000.0,100.0,45000000.0,7000000.0,0.9,0,,1,total_budget_approved|set_manual|null|45000000.00|OCR read resupuesto instead of presupuesto|Resolution PDF budget section|2026-07-23|JDP,resolucion-cipac-no-2023-141_validacion-de-inverson-aeropuerto-internacional-del-cibao-s-a-zafari.pdf
1759,CIPAC-2023-142,2023,,,886,530,art_34,approved,"AES ANDRES DR, S.A.",1-31-13781-4,"SELENE FILMS MANAGEMENTS, S.R.L.",1-31-50486-8,,ZAFARI,2023-02-02,2023-03-02,10000000.0,10000000.0,100.0,45000000.0,44999942.0,1.0,0,,0,,resolucion-cipac-no-2023-142_validacion-de-inversion-aes-andres-dr-s-a-zafari.pdf
1760,CIPAC-2023-143,2023,,,886,530,art_34,approved,"LEAR INVESTMENTS, S.A.",1-31-29583-5,"SELENE FILMS MANAGEMENTS, S.R.L.",1-31-50486-8,,ZAFARI,2023-02-02,2023-03-02,10000000.0,10000000.0,100.0,45000000.0,44999942.0,1.0,0,,0,,resolucion-cipac-no-2023-143_validacion-de-inversion-lear-inverstments-s-a-zafari.pdf
1761,CIPAC-2023-144,2023,,,886,530,art_34,approved,"TRANSAGRÍCOLA, S.R.L.",1-02-01950-9,"SELENE FILMS MANAGEMENTS, S.R.L.",1-31-50486-8,,ZAFARI,2023-02-02,2023-03-02,1500000.0,1500000.0,100.0,45000000.0,44999942.0,0.9,0,,1,pur_number|set_manual|null|886|OCR read Permiso Unico de Rodaje No. PUR 886 instead of standard format|Resolution PDF header p.1|2026-07-23|JDP,resolucion-cipac-no-2023-144_validacion-de-inversion-transagricola-s-r-l-zafari.pdf
1762,CIPAC-2023-145,2023,,,886,530,art_34,approved,"ASOCIACIÓN CIBAO DE AHORRO Y PRÉSTAMOS, S.A.",4-02-00186-4,"SELENE FILMS MANAGEMENTS, S.R.L.",1-31-50486-8,,ZAFARI,2023-02-02,2023-03-02,16499942.0,16499942.0,100.0,45000000.0,16500000.0,0.9,0,,1,total_budget_approved|set_manual|null|45000000.00|OCR read esto instead of presupuesto in budget paragraph|Resolution PDF budget section|2026-07-23|JDP,resolucion-cipac-no-2023-145_validacion-de-inversion-asociacion-cibao-de-ahorros-y-prestamos-zafari.pdf
1763,CIPAC-2023-146,2023,,,872,538,art_34,approved,"BANCO DE AHORRO Y CRÉDITO ADOPEM, S.A.",1-03-00310-9,"FRONTERA FILMS, S.R.L.",1-31-75564-1,,OPERACION MARRUECOS,2023-02-02,2023-03-02,695000.0,695000.0,100.0,68998422.72,9438612.47,1.0,0,,0,,resolucion-cipac-no-2023-146_validacion-de-inversion-banco-de-ahorro-y-credito-adopem-s-a-operacin-marruecos.pdf
1764,CIPAC-2023-147,2023,,,872,538,art_34,approved,"INDUSTRIAS NIGUA, S.A.",1-01-00485-1,"FRONTERA FILMS, S.R.L.",1-31-75564-1,,OPERACION MARRUECOS,2023-02-02,2023-03-02,5743570.0,5743570.0,100.0,68998422.72,9438612.47,1.0,0,,0,,resolucion-cipac-no-2023-147_validacion-de-inversion-industrias-nigua-s-a-operacion-marruecos.pdf
1765,CIPAC-2023-148,2023,,,872,538,art_34,approved,"SOCIEDAD ADMINISTRADORA DE FONDOS DE INVERSIÓN BHD, S.A. (SAFI-BHD)",1-30-90241-2,"FRONTERA FILMS, S.R.L.",1-31-75564-1,,OPERACION MARRUECOS,2023-02-02,2023-03-02,3000000.0,3000000.0,100.0,68998422.72,9438612.47,1.0,0,,0,,resolucion-cipac-no-2023-148_validacion-de-inversion-sociedad-administradora-de-fondos-de-inversion-bhd-s-a-operacion-marruecos.pdf
1766,CIPAC-2023-149,2023,,,824,491,art_34,approved,"ALTICE DOMINICANA, S.A.",1-01-61878-7,"TEACHER FILMS, S.R.L.",1-32-49606-1,,TEACHER MECHY,2023-02-03,2023-03-02,25000000.0,25000000.0,100.0,84999900.0,81866809.0,1.0,0,,0,,resolucion-cipac-no-2023-149_validacion-de-inversion-altice-dominicana-s-a-teacher-mechy.pdf
1767,CIPAC-2023-150,2023,,,824,491,art_34,approved,"BANCO POPULAR DOMINICANO, S. A. BANCO MÚLTIPLE",1-01-01063-2,"TEACHER FILMS, S.R.L.",1-32-49606-1,,TEACHER MECHY,2023-02-03,2023-03-02,25000000.0,25000000.0,100.0,84999900.0,81866809.0,1.0,0,,0,,resolucion-cipac-no-2023-150_validacion-de-inversion-banco-popular-dominicano-s-a-teacher-mechy.pdf
1768,CIPAC-2023-151,2023,,,824,491,art_34,approved,"BANCO MÚLTIPLE BDI, S.A.",1-01-04029-7,"TEACHER FILMS, S.R.L.",1-32-49606-1,,TEACHER MECHY,2023-02-03,2023-03-02,15000000.0,15000000.0,100.0,84999900.0,15000000.0,1.0,0,,0,,resolucion-cipac-no-2023-151_validacion-de-inversion-banco-multiple-bdi-s-a-teacher-mechy.pdf
1769,CIPAC-2023-152,2023,,,824,491,art_34,approved,"EL CATADOR, S.A.",1-01-06070-2,"TEACHER FILMS, S.R.L.",1-32-49606-1,,TEACHER MECHY,2023-02-03,2023-03-02,12866264.0,12866264.0,100.0,84999900.0,81866809.0,1.0,0,,0,,resolucion-cipac-no-2023-152_validacion-de-inversion-el-catador-s-a-teacher-mechy.pdf
1770,CIPAC-2023-153,2023,,,824,491,art_34,approved,"CENTROS DEL CARIBE, S.A.S.",1-01-70451-9,"TEACHER FILMS, S.R.L.",1-32-49606-1,,TEACHER MECHY,2023-02-03,2023-03-02,3000545.0,3000545.0,100.0,84999900.0,81866809.0,1.0,0,,0,,resolucion-cipac-no-2023-153_validacion-de-inversion-centro-del-caribe-s-a-s-teacher-mechy.pdf
1771,CIPAC-2023-154,2023,,,824,491,art_34,approved,"QUALA DOMINICANA, S.A.",1-01-74167-8,"TEACHER FILMS, S.R.L.",1-32-49606-1,,TEACHER MECHY,2023-02-03,2023-03-02,1000000.0,1000000.0,100.0,84999900.0,1000000.0,1.0,0,,0,,resolucion-cipac-no-2023-154_validacion-de-inversion-quala-dominicana-s-a-teacher-mechy.pdf
1772,CIPAC-2023-155,2023,,,932,567,art_34,approved,"AEROPUERTO INTERNACIONAL DEL CIBAO, S.A.",1-02-61324-9,"CAKTUS FILMS, S.R.L.",1-32-49106-8,,VALIENTES,2023-02-06,2023-03-02,5000000.0,5000000.0,100.0,15359998.55,5000000.0,1.0,0,,0,,resolucion-cipac-no-2023-155_validacion-de-inversion-aeropuerto-internacional-del-cibao-s-a-valientes.pdf
1773,CIPAC-2023-156,2023,,,898,415,art_34,approved,"EDITORA EL NUEVO DIARIO, S.A.",1-01-10050-8,"METRO FILMS, S.R.L.",1-30-97291-5,,HISTORIA DEL BEISBOL DOMINICANO,2023-02-06,2023-03-02,1500000.0,1500000.0,100.0,61281324.49,41280560.0,1.0,0,,0,,resolucion-cipac-no-2023-156_validacion-de-inversion-editora-el-nuevo-diario-s-a-historia-del-beisbol-dominicano.pdf
1774,CIPAC-2023-157,2023,,,898,415,art_34,approved,"PASTEURIZADORA RICA, S.A.",1-01-00441-1,"METRO FILMS, S.R.L.",1-30-97291-5,,HISTORIA DEL BEISBOL DOMINICANO,2023-02-06,2023-03-02,5000000.0,5000000.0,100.0,61281324.49,41280560.0,1.0,0,,0,,resolucion-cipac-no-2023-157_validacion-de-inversion-pasturizadora-rica-s-a-historia-del-baisbol-dominicano.pdf
1775,CIPAC-2023-158,2023,,,898,415,art_34,approved,"PETROMÓVIL, S.A.",1-01-69727-1,"METRO FILMS, S.R.L.",1-30-97291-5,,HISTORIA DEL BEISBOL DOMINICANO,2023-02-06,2023-03-02,2000000.0,2000000.0,100.0,61281324.49,41280560.0,1.0,0,,0,,resolucion-cipac-no-2023-158_validacion-de-inversion-petromovil-s-a-historia-del-beisbol-dominicano.pdf
1776,CIPAC-2023-159,2023,,,898,415,art_34,approved,"J.D. GUERRERO, S.R.L.",1-01-00510-6,"METRO FILMS, S.R.L.",1-30-97291-5,,HISTORIA DEL BEISBOL DOMINICANO,2023-02-06,2023-03-02,5780560.0,5780560.0,100.0,61281324.49,41280560.0,1.0,0,,0,,resolucion-cipac-no-2023-159_validacion-de-inversion-j-d-guerrero-s-r-l-historia-del-baisbol-dominicano.pdf
1777,CIPAC-2023-160,2023,,,898,415,art_34,approved,"VICTORIA YEB, S.A.",1-30-05391-1,"METRO FILMS, S.R.L.",1-30-97291-5,,HISTORIA DEL BEISBOL DOMINICANO,2023-02-06,2023-03-02,27000000.0,27000000.0,100.0,61281324.49,41280560.0,1.0,0,,0,,resolucion-cipac-no-2023-160_validacion-de-inversionvictoria-yeb-s-a-historia-del-beisbol-dominicano.pdf
1778,CIPAC-2023-161,2023,,,864,525,art_34,approved,"MAGNA MOTORS, S.A.",1-01-05557-1,"GUASÁBARA CINE, S.R.L.",1-31-00880-1,,SUGAR ISLAND,2023-02-06,2023-03-02,20000000.0,20000000.0,100.0,69999097.96,56116682.0,1.0,0,,0,,resolucion-cipac-no-2023-161_validacion-de-inversion-magna-motors-s-a-sugar-island.pdf
1779,CIPAC-2023-162,2023,,,864,525,art_34,approved,"PLAZA LAMA, S.A.",1-01-17111-1,"GUASÁBARA CINE, S.R.L.",1-31-00880-1,,SUGAR ISLAND,2023-02-06,2023-03-02,10000000.0,10000000.0,100.0,69999097.96,56116682.0,1.0,0,,0,,resolucion-cipac-no-2023-162_validacion-de-inversion-plaza-lama-s-a-sugar-island.pdf
1780,CIPAC-2023-163,2023,,,864,525,art_34,approved,"CARIBETRANS, S.A.S.",1-01-03496-3,"GUASÁBARA CINE, S.R.L.",1-31-00880-1,,SUGAR ISLAND,2023-02-06,2023-03-02,4831050.65,4831050.65,100.0,69999097.96,56116682.0,1.0,0,,0,,resolucion-cipac-no-2023-163_validacion-de-inversion-caribetrans-s-a-s-sugar-island.pdf
1781,CIPAC-2023-164,2023,,,864,525,art_34,approved,"MARÍTIMA DEL CARIBE DOMINICANA, S.A.S.",1-01-66984-5,"GUASÁBARA CINE, S.R.L.",1-31-00880-1,,SUGAR ISLAND,2023-02-06,2023-03-02,8088272.44,8088272.44,100.0,69999097.96,8088272.44,1.0,0,,0,,resolucion-cipac-no-2023-164_validacion-de-inversion-maritima-del-caribe-dominicana-s-a-s-sugar-island.pdf
1782,CIPAC-2023-165,2023,,,864,525,art_34,approved,"MARÍTIMA DOMINICANA, S.A.S.",1-01-02960-9,"GUASÁBARA CINE, S.R.L.",1-31-00880-1,,SUGAR ISLAND,2023-02-06,2023-03-02,13200359.02,13200359.02,100.0,69999097.96,56116682.0,1.0,0,,0,,resolucion-cipac-no-2023-165_validacion-de-inversion-maritima-dominicana-s-a-s-sugar-island.pdf
1783,CIPAC-2023-166,2023,,,866,526,art_34,approved,"CERVECERÍA NACIONAL DOMINICANA, S.A.",1-01-00372-3,"NAYAM FILMS, S.R.L.",1-32-49602-7,,COLAO 2,2023-02-07,2023-03-02,30000000.0,30000000.0,100.0,89995000.0,53787230.28,1.0,0,,0,,resolucion-cipac-no-2023-166_validacion-de-inversion-cerveceria-nacional-dominicana-s-a-colao-2.pdf
1784,CIPAC-2023-167,2023,,,866,526,art_34,approved,"BANCO POPULAR DOMINICANO, S. A. BANCO MÚLTIPLE",1-01-01063-2,"NAYAM FILMS, S.R.L.",1-32-49602-7,,COLAO 2,2023-02-07,2023-03-02,12800000.0,12800000.0,100.0,89995000.0,53787230.28,1.0,0,,0,,resolucion-cipac-no-2023-167_validacion-de-inversion-banco-popular-dominicano-s-a-bamco-multiple-colao-2.pdf
1785,CIPAC-2023-168,2023,,,866,526,art_34,approved,"QUALA DOMINICANA, S.A.",1-01-74167-8,"NAYAM FILMS, S.R.L.",1-32-49602-7,,COLAO 2,2023-02-07,2023-03-02,5500000.0,5500000.0,100.0,89995000.0,53787230.28,1.0,0,,0,,resolucion-cipac-no-2023-168_validacion-de-inversion-quala-dominicana-s-a-colao-2.pdf
1786,CIPAC-2023-169,2023,,,866,526,art_34,approved,"CONSORCIO ENERGÉTICO PUNTA CANA MACAO, S.A.",1-01-58340-1,"NAYAM FILMS, S.R.L.",1-32-49602-7,,COLAO 2,2023-02-07,2023-03-02,5000000.0,5000000.0,100.0,89995000.0,53787230.28,1.0,0,,0,,resolucion-cipac-no-2023-169_validacion-de-inversion-consorcio-energetico-punta-cana-macao-s-a-cepm-colao2.pdf
1787,CIPAC-2023-170,2023,,,901,496,art_34,approved,"COBINCA, S.A.",1-01-19447-2,"CARDO SANTO PRODUCCIONES, S.R.L.",1-31-70634-7,,LA BACHATA DEL BIÓNICO,2023-02-07,2023-03-02,12590542.23,12590542.23,100.0,39946527.0,28240542.23,1.0,0,,0,,resolucion-cipac-no-2023-170_validacion-de-inversion-cobinca-s-r-l-la-bachata-del-bionico.pdf
1788,CIPAC-2023-171,2023,,,901,496,art_34,approved,"COSANCA, S.A.S.",1-01-02235-3,"CARDO SANTO PRODUCCIONES, S.R.L.",1-31-70634-7,,LA BACHATA DEL BIÓNICO,2023-02-07,2023-03-02,4000000.0,4000000.0,100.0,39946527.0,28240542.23,1.0,0,,0,,resolucion-cipac-no-2023-171_validacion-de-inversion-cosanca-s-a-s-la-bachata-del-bionico.pdf
1789,CIPAC-2023-172,2023,,,901,496,art_34,approved,"DISASHOP DOMINICANA, S.R.L.",1-30-17301-1,"CARDO SANTO PRODUCCIONES, S.R.L.",1-31-70634-7,,LA BACHATA DEL BIÓNICO,2023-02-07,2023-03-02,2650000.0,2650000.0,100.0,39946527.0,28240542.23,1.0,0,,0,,resolucion-cipac-no-2023-172_validacion-de-inversion-disashop-dominicana-s-r-l-la-bachata-del-bionico.pdf
1790,CIPAC-2023-173,2023,,,901,496,art_34,approved,"GRUPO COMETA, S.A.S.",1-01-01943-3,"CARDO SANTO PRODUCCIONES, S.R.L.",1-31-70634-7,,LA BACHATA DEL BIÓNICO,2023-02-07,2023-03-02,7000000.0,7000000.0,100.0,39946527.0,28240542.23,1.0,0,,0,,resolucion-cipac-no-2023-173_validacion-de-inversion-grupo-cometa-s-a-s-la-bachata-del-bionico.pdf
1791,CIPAC-2023-174,2023,,,901,496,art_34,approved,"PROMOCIONES Y PROYECTOS, S.A.",1-01-03587-2,"CARDO SANTO PRODUCCIONES, S.R.L.",1-31-70634-7,,LA BACHATA DEL BIÓNICO,2023-02-07,2023-03-02,2000000.0,2000000.0,100.0,39946527.0,28240542.23,1.0,0,,0,,resolucion-cipac-no-2023-174_validacion-de-inversion-promociones-proyectos-s-r-l-la-bachata-del-biodegradable.pdf
1792,CIPAC-2023-175,2023,,,914,557,art_34,approved,"INMOBILIARIA RAMCO, S.R.L.",1-01-03152-2,"THE ONLY ONE FILMS, S.R.L.",1-32-37755-9,,LA CUNA,2023-02-07,2023-03-02,7000000.0,7000000.0,100.0,84999999.22,40100000.0,1.0,0,,0,,resolucion-cipac-no-2023-175_validacion-de-inversion-inmobiliaria-ramco-s-r-l-la-cuna.pdf
1793,CIPAC-2023-176,2023,,,914,557,art_34,approved,"MAGNA CORREDORES, S.R.L.",1-30-68202-1,"THE ONLY ONE FILMS, S.R.L.",1-32-37755-9,,LA CUNA,2023-02-07,2023-03-02,700000.0,700000.0,100.0,84999999.22,700000.0,1.0,0,,0,,resolucion-cipac-no-2023-176_validacion-de-inversion-magna-corredores-s-r-l-la-cuna.pdf
1794,CIPAC-2023-177,2023,,,914,557,art_34,approved,"MAGNA MOTORS, S.A.",1-01-05557-1,"THE ONLY ONE FILMS, S.R.L.",1-32-37755-9,,LA CUNA,2023-02-07,2023-03-02,4500000.0,4500000.0,100.0,84999999.22,40100000.0,1.0,0,,0,,resolucion-cipac-no-2023-177_validacion-de-inversion-magna-motors-s-a-la-cuna.pdf
1795,CIPAC-2023-178,2023,,,914,557,art_34,approved,"LA INNOVACIÓN, S.R.L.",1-01-00583-1,"THE ONLY ONE FILMS, S.R.L.",1-32-37755-9,,LA CUNA,2023-02-07,2023-03-02,23000000.0,23000000.0,100.0,84999999.22,40100000.0,1.0,0,,0,,resolucion-cipac-no-2023-178_validacion-de-inversion-la-innovacion-s-r-l-la-cuna.pdf
1796,CIPAC-2023-179,2023,,,914,557,art_34,approved,"EMPRESAS LASA, S.R.L.",1-01-03118-2,"THE ONLY ONE FILMS, S.R.L.",1-32-37755-9,,LA CUNA,2023-02-07,2023-03-02,4900000.0,4900000.0,100.0,84999999.22,40100000.0,1.0,0,,0,,resolucion-cipac-no-2023-179_validacion-de-inversion-empresa-lasa-s-r-l-la-cuna.pdf
1797,CIPAC-2023-180,2023,,,921,474,art_34,approved,"CIELOS ACÚSTICOS, S.R.L.",1-01-75637-3,"VOCES ROTAS FILMS, S.R.L.",1-32-25599-2,,LAS TRES-VOCES ROTAS,2023-02-07,2023-03-02,3000000.0,3000000.0,100.0,59768567.68,16000002.0,1.0,0,,0,,resolucion-cipac-no-2023-180_validacion-de-inversion-cielos-acusticos-s-r-l-las-tres-voces-rotas.pdf
1798,CIPAC-2023-181,2023,,,921,474,art_34,approved,"REFRIPARTES, S.A.",1-01-03323-1,"VOCES ROTAS FILMS, S.R.L.",1-32-25599-2,,LAS TRES-VOCES ROTAS,2023-02-07,2023-03-02,11000000.0,11000000.0,100.0,59768567.68,16000002.0,1.0,0,,0,,resolucion-cipac-no-2023-181_validacion-de-inversion-refripartes-s-a-las-tres-voces-rotas.pdf
1799,CIPAC-2023-182,2023,,,921,474,art_34,approved,"MR HOME ASESORES INMOBILIARIOS, S.R.L.",1-30-81134-2,"VOCES ROTAS FILMS, S.R.L.",1-32-25599-2,,LAS TRES-VOCES ROTAS,2023-02-07,2023-03-02,2000000.0,2000000.0,100.0,59768567.68,16000002.0,1.0,0,,0,,resolucion-cipac-no-2023-182_validacion-de-inversion-mr-home-asesores-inmobiliarios-s-r-l-las-tres-voces-rotas.pdf
1800,CIPAC-2023-183,2023,,,910,550,art_34,approved,"AGENTE DE REMESAS Y CAMBIO VIMENCA, S.A.",1-01-08899-2,"ELLA TRILOGÍA, S.R.L.",1-32-29601-1,,ELLA,2023-02-07,2023-03-02,13199305.96,13199305.96,100.0,107529249.45,13200000.0,1.0,0,,0,,resolucion-cipac-no-2023-183_validacion-de-inversion-agente-remesas-y-cambio-vimenca-s-a-ella.pdf
1801,CIPAC-2023-184,2023,,,910,550,art_34,approved,"BANCO MÚLTIPLE VIMENCA, S.A.",1-01-02141-1,"ELLA TRILOGÍA, S.R.L.",1-32-29601-1,,ELLA,2023-02-07,2023-03-02,4999625.55,4999625.55,100.0,107529249.45,5000000.0,1.0,0,,0,,resolucion-cipac-no-2023-184_validacion-de-inversion-banco-multiple-vimenca-s-a-ella.pdf
1802,CIPAC-2023-185,2023,,,910,550,art_34,approved,"CEMENTOS CIBAO, S.A.",1-02-00213-4,"ELLA TRILOGÍA, S.R.L.",1-32-29601-1,,ELLA,2023-02-07,2023-03-02,9997349.73,9997349.73,100.0,107529249.45,31116738.29,1.0,0,,0,,resolucion-cipac-no-2023-185_validacion-de-inversion-cementos-cibao-s-a-ella.pdf
1803,CIPAC-2023-186,2023,,,910,550,art_34,approved,"INMOBILIARIA VIMENCA, S.A.",1-01-04349-2,"ELLA TRILOGÍA, S.R.L.",1-32-29601-1,,ELLA,2023-02-07,2023-03-02,1117495.91,1117495.91,100.0,107529249.45,31116738.29,1.0,0,,0,,resolucion-cipac-no-2023-186_validacion-de-inversion-inmobiliaria-vimenca-s-a-ella.pdf
1804,CIPAC-2023-187,2023,,,910,550,art_34,approved,"VIMENCA, S.A.",1-01-60718-1,"ELLA TRILOGÍA, S.R.L.",1-32-29601-1,,ELLA,2023-02-07,2023-03-02,1799969.52,1799969.52,100.0,107529249.45,31116738.29,1.0,0,,0,,resolucion-cipac-no-2023-187_validacion-de-inversion-vimanca-s-a-ella.pdf
1805,CIPAC-2023-188,2023,,,653,,art_39,approved,,,"DIAMOND MB PRODUCTIONS, S.R.L.",1-31-70716-5,,SURVIVOR PROJECT,2022-12-20,2023-03-02,1132895112.0,283223778.0,25.0,1509420107.0,1508911021.0,0.9,0,,1,validated_amount_dop|set_manual|null|1132895112.00|OCR split PRIMERO paragraph across pages|Resolution PDF PRIMERO section|2026-07-23|JDP;;total_budget_executed|set_manual|null|1508911021.00|OCR split executed budget paragraph across pages|Resolution PDF budget section|2026-07-23|JDP,resolucion-cipac-no-2023-188_validacion-de-gastos-diamond-mb-productions-s-r-l-survivor-project.pdf
1806,CIPAC-2023-189,2023,,,872,538,art_34,approved,"SUIPHAR DOMINICANA, S.R.L.",1-01-56680-9,"FRONTERA FILMS, S.R.L.",1-31-75564-1,,OPERACIÓN MARRUECOS,2023-02-08,2023-03-23,10000000.0,10000000.0,100.0,68998422.72,19438612.47,1.0,0,,0,,resolucion-cipac-no-2023-189_validacion-de-invesion-suiphar-dominicana-s-r-l-operacion-marruecos.pdf
1807,CIPAC-2023-190,2023,,,860,520,art_34,approved,"CENTRO CUESTA NACIONAL, S.A.S.",1-01-01992-1,"PELÍCULAS HECHAS A MANO, S.R.L.",1-31-29543-6,,SOLA A LOS 40'S,2023-02-20,2023-03-23,5000000.0,5000000.0,100.0,52931874.4,43300212.81,1.0,0,,0,,resolucion-cipac-no-2023-190_validacion-de-inversion-cemtro-cuesta-nacional-s-a-s-sola-a-los-40.pdf
1808,CIPAC-2023-191,2023,,,895,495,art_34,approved,"PASTEURIZADORA RICA, S.A.",1-01-00441-1,"ASALTO EN PROGRESO, S.R.L.",1-31-52986-2,,ASALTO EN PROGRESO,2023-02-22,2023-03-23,15000000.0,15000000.0,100.0,74996668.51,24600000.0,1.0,0,,0,,resolucion-cipac-no-2023-191_validacion-de-inversion-pasteurizadora-rica-s-a-asalto-en-progreso.pdf
1809,CIPAC-2023-192,2023,,,895,495,art_34,approved,"COBINCA, S.A.",1-01-19447-2,"ASALTO EN PROGRESO, S.R.L.",1-31-52986-2,,ASALTO EN PROGRESO,2023-02-22,2023-03-23,4000000.0,4000000.0,100.0,74996668.51,24600000.0,1.0,0,,0,,resolucion-cipac-no-2023-192_validacion-de-inversion-cobinca-s-a-s-asalto-en-progreso.pdf
1810,CIPAC-2023-193,2023,,,895,495,art_34,approved,"CONBI, S.R.L.",1-31-89085-7,"ASALTO EN PROGRESO, S.R.L.",1-31-52986-2,,ASALTO EN PROGRESO,2023-02-22,2023-03-23,3000000.0,3000000.0,100.0,74996668.51,24600000.0,1.0,0,,0,,resolucion-cipac-no-2023-193_validacion-de-inversion-conbi-s-r-l-asalto-en-progreso.pdf
1811,CIPAC-2023-194,2023,,,895,495,art_34,approved,"LEASING AUTOMOTRIZ DEL SUR, S.R.L.",1-01-59128-5,"ASALTO EN PROGRESO, S.R.L.",1-31-52986-2,,ASALTO EN PROGRESO,2023-02-22,2023-03-23,1000000.0,1000000.0,100.0,74996668.51,24600000.0,1.0,0,,0,,resolucion-cipac-no-2023-194_validacion-de-inversion-leasing-automotriz-del-sur-s-r-l-asalto-en-progreso.pdf
1812,CIPAC-2023-195,2023,,,895,495,art_34,approved,"BUSINESS OF APTOSRD, S.R.L.",1-31-50411-6,"ASALTO EN PROGRESO, S.R.L.",1-31-52986-2,,ASALTO EN PROGRESO,2023-02-22,2023-03-23,600000.0,600000.0,100.0,74996668.51,24600000.0,1.0,0,,0,,resolucion-cipac-no-2023-195_validacion-de-inversion-business-of-aptosrd-s-r-l-asalto-en-progreso.pdf
1813,CIPAC-2023-196,2023,,,895,495,art_34,approved,"UNIREFRI, S.R.L.",1-30-04759-6,"ASALTO EN PROGRESO, S.R.L.",1-31-52986-2,,ASALTO EN PROGRESO,2023-02-22,2023-03-23,1000000.0,1000000.0,100.0,74996668.51,24600000.0,1.0,0,,0,,resolucion-cipac-no-2023-196_validacion-de-inversion-unirefri-s-r-l-asalto-en-progreso.pdf
1814,CIPAC-2023-197,2023,,,889,552,art_34,approved,"AES ANDRES DR, S.A.",1-31-13781-4,"BATÚ FILMS, S.R.L.",1-31-11476-8,,MINOTAURO. PICASSO Y LAS MUJERES DEL GUERNICA,2023-02-22,2023-03-23,16700000.0,16700000.0,100.0,105941530.0,81701021.34,1.0,0,,0,,resolucion-cipac-no-2023-197_validacion-de-inversion-aes-andres-dr-s-a-minotauro-picasso-y-las-mujeres-del-guernica.pdf
1815,CIPAC-2023-198,2023,,,889,552,art_34,approved,"BANCO POPULAR DOMINICANO, S. A. BANCO MÚLTIPLE",1-01-01063-2,"BATÚ FILMS, S.R.L.",1-31-11476-8,,MINOTAURO. PICASSO Y LAS MUJERES DEL GUERNICA,2023-02-22,2023-03-23,40000000.0,40000000.0,100.0,105941530.0,81701021.34,1.0,0,,0,,resolucion-cipac-no-2023-198_validacion-de-inversion-banco-popular-dominicano-s-a-banco-multiple-minutauro-picasso-y-las-mujeres.pdf
1816,CIPAC-2023-199,2023,,,889,552,art_34,approved,"CARTEL, S.R.L.",1-31-44081-9,"BATÚ FILMS, S.R.L.",1-31-11476-8,,MINOTAURO. PICASSO Y LAS MUJERES DEL GUERNICA,2023-02-22,2023-03-23,7500000.0,7500000.0,100.0,105941530.0,81701021.34,1.0,0,,0,,resolucion-cipac-no-2023-199_validacion-de-inversion-cartel-s-r-l-minotauro-picasso-y-las-mujeres-del-guernica.pdf
1817,CIPAC-2023-200,2023,,,889,552,art_34,approved,"IMPORTADORA Y DISTRIBUIDORA PUMA, S.R.L.",1-01-69741-5,"BATÚ FILMS, S.R.L.",1-31-11476-8,,MINOTAURO. PICASSO Y LAS MUJERES DEL GUERNICA,2023-02-22,2023-03-23,2500000.0,2500000.0,100.0,105941530.0,81701021.34,1.0,0,,0,,resolucion-cipac-no-2023-200_validacion-de-inversion-imortadora-y-distribuidora-puma-s-r-l-minotauro-picasso-y-las-mujere.pdf
1818,CIPAC-2023-201,2023,,,889,552,art_34,approved,"VIAMAR, S.A.",1-01-01114-9,"BATÚ FILMS, S.R.L.",1-31-11476-8,,MINOTAURO. PICASSO Y LAS MUJERES DEL GUERNICA,2023-02-22,2023-03-23,14750956.11,14750956.11,100.0,105941530.0,81701021.34,1.0,0,,0,,resolucion-cipac-no-2023-201_validacion-de-inversion-viamar-s-r-l-minotauro-picasso-y-las-mujeres-del-guernica.pdf
1819,CIPAC-2023-202,2023,,,752,381,art_34,approved,"ZETA COMERCIAL, S.R.L.",1-30-57697-1,"LA BODA FILMS, S.R.L.",1-31-88378-8,,LA BÓVEDA,2023-02-23,2023-03-23,4000000.0,4000000.0,100.0,65031823.15,53715660.79,1.0,0,,0,,resolucion-cipac-no-2023-202_validacion-de-inversion-zeta-comercial-s-r-l-la-boveda.pdf
1820,CIPAC-2023-203,2023,,,556,348,art_34,approved,"TERMO ENVASES, S.A.",1-01-57338-4,"GAPO PRODUCTIONS, S.R.L.",1-32-00439-6,,THE CABIN (LA CABAÑA),2023-02-24,2023-03-23,5000000.0,5000000.0,100.0,67683024.0,53000000.0,1.0,0,,0,,resolucion-cipac-no-2023-203_validacion-de-inversion-termo-envases-s-a-the-cabin-la-cabana.pdf
1821,CIPAC-2023-204,2023,,,879,519,art_34,approved,"BANCO POPULAR DOMINICANO, S. A. BANCO MÚLTIPLE",1-01-01063-2,"BAHÍA CAREY FILMS, S.R.L.",1-32-67051-5,,500 AÑOS DESPUÉS: LA HISTORIA CONTINÚA,2023-02-28,2023-03-23,39658300.0,39658300.0,100.0,40000000.0,40036126.0,1.0,0,,0,,resolucion-cipac-no-2023-204_validacion-de-inversion-banco-popular-dominicano-s-a-banco-multiple-500-anos-despues.pdf
1822,CIPAC-2023-205,2023,,,865,540,art_34,approved,"CONSORCIO MINERO DOMINICANO, S.A.",1-30-03639-1,"BAHÍA CAREY FILMS, S.R.L.",1-32-67051-5,,LA TERNURA,2023-02-28,2023-03-23,14714359.14,14714359.14,100.0,73637239.0,60064024.02,1.0,0,,0,,resolucion-cipac-no-2023-205_validacion-de-inversion-consorcio-minero-dominicano-s-a-la-ternura.pdf
1823,CIPAC-2023-206,2023,,,865,540,art_34,approved,"HOSPITAL METROPOLITANO DE SANTIAGO, S.A.",1-11-12794-7,"BAHÍA CAREY FILMS, S.R.L.",1-32-67051-5,,LA TERNURA,2023-02-28,2023-03-23,5000000.0,5000000.0,100.0,73637239.0,60064024.02,1.0,0,,0,,resolucion-cipac-no-2023-206_validacion-de-inversion-hospital-metropolitano-de-santiago-homs-s-a-laternura.pdf
1824,CIPAC-2023-207,2023,,,865,540,art_34,approved,"BANCO POPULAR DOMINICANO, S. A. BANCO MÚLTIPLE",1-01-01063-2,"BAHÍA CAREY FILMS, S.R.L.",1-32-67051-5,,LA TERNURA,2023-02-28,2023-03-23,40000000.0,40000000.0,100.0,73637239.0,60064024.02,1.0,0,,0,,resolucion-cipac-no-2023-207_validacion-de-inversion-banco-popular-dominicano-s-a-banco-multiple-la-ternur.pdf
1825,CIPAC-2023-208,2023,,,885,529,art_34,approved,"COMPANÍA DOMINICANA DE TELÉFONOS, S.A.",1-01-00157-7,"EL DANDY, S.R.L.",1-32-59244-1,,EL DANDY DOMINICANO,2023-02-28,2023-03-28,59518854.0,59518854.0,100.0,66030177.0,60709159.74,1.0,0,,0,,resolucion-cipac-no-2023-208_validacion-de-inversion-compania-dominicana-de-telefonos-s-a-el-candy-dominicano.pdf
1826,CIPAC-2023-209,2023,,,921,474,art_34,approved,"TRANSBEL, S.R.L.",1-01-89378-8,"VOCES ROTAS FILMS, S.R.L.",1-32-25599-2,,LAS TRES -VOCES ROTAS,2023-02-28,2023-03-23,4000000.0,4000000.0,100.0,59768567.68,20000000.0,1.0,0,,0,,resolucion-cipac-no-2023-209_validacion-de-inversion-transbel-s-r-l-las-tres-voces-rotas.pdf
1827,CIPAC-2023-210,2023,,,401,190,art_34,approved,"COMPANÍA DOMINICANA DE TELÉFONOS, S.A.",1-01-00157-7,"GUERRA TOONS, S.R.L.",1-31-38978-3,,CAPITÁN AVISPA,2023-03-23,2023-03-23,48567224.47,48567224.47,100.0,235856083.0,189994992.15,1.0,0,,0,,resolucion-cipac-no-2023-210_validacion-de-inversion-compania-dominicana-de-telefonos-s-a-capitan-avispa.pdf
1828,CIPAC-2023-219,2023,,,924,424,art_34,approved,"TOTALENERGIES MARKETING DOMINICANA, S.A.",1-01-06874-4,"TAVAB, S.R.L.",1-31-91716-1,,COLOSAL,2023-02-06,2023-04-12,10000000.0,10000000.0,100.0,21117360.43,14000000.0,1.0,0,,0,,resolucion-cipac-no-2023-219_validacion-de-inversion-v-energy-s-a-colosal.pdf
1829,CIPAC-2023-220,2023,,,924,424,art_34,approved,"AFP CRECER, S.A.",1-01-86085-5,"TAVAB, S.R.L.",1-31-91716-1,,COLOSAL,2023-02-06,2023-04-12,2000000.0,2000000.0,100.0,21117360.43,14000000.0,1.0,0,,0,,resolucion-cipac-no-2023-220_validacion-de-inversion-afp-crecer-s-a-colosal.pdf
1830,CIPAC-2023-221,2023,,,924,424,art_34,approved,"PADILLA, S.A.",1-01-01243-9,"TAVAB, S.R.L.",1-31-91716-1,,COLOSAL,2023-02-06,2023-04-12,2000000.0,2000000.0,100.0,21117360.43,14000000.0,1.0,0,,0,,resolucion-cipac-no-2023-221_validacion-de-inversion-padilla-s-a-colosal.pdf
1831,CIPAC-2023-222,2023,,,796,,art_39,approved,,,"FILM 048, S.R.L.",1-32-45383-2,,THE BEST MEN,2023-03-24,2023-05-30,274734044.0,68683511.0,25.0,275168529.0,275168529.0,0.9,0,,1,validated_amount_dop|set_manual|null|274734044.00|OCR split PRIMERO paragraph across pages|Resolution PDF PRIMERO section|2026-07-23|JDP;;total_budget_executed|set_manual|null|275168529.00|OCR split executed budget paragraph across pages|Resolution PDF budget section|2026-07-23|JDP,resolucion-cipac-no-2023-222_validacion-de-gastos-film-048-s-r-l-the-best-men.pdf
1832,CIPAC-2023-223,2023,,,621,360,art_34,approved,"KEY POINT OF INTEREST, S.R.L.",1-32-00884-7,"CACIQUE PRODUCTIONS, S.R.L.",1-32-02934-8,,NO ME CONOCES,2023-04-03,2023-05-30,2470000.0,2470000.0,100.0,40896871.0,40332646.0,1.0,0,,0,,resolucion-cipac-no-2023-223_validacion-de-inversion-key-point-of-interest-s-r-l-no-me-conoces.pdf
1833,CIPAC-2023-224,2023,,,925,566,art_34,approved,"PIMENTEL & CO, S.R.L.",1-02-00113-8,"POB FILMS, S.R.L.",1-31-15524-3,,EL TRAYECTO,2023-04-05,2023-05-30,10000000.0,10000000.0,100.0,35692434.48,27999999.99,1.0,0,,0,,resolucion-cipac-no-2023-224_validacion-de-inversion-pimentel-co-s-r-l-el-trayecto.pdf
1834,CIPAC-2023-225,2023,,,852,522,art_34,approved,"AORDOMINICANA, S.A.S.",1-01-88872-5,"LARIMAR SERVICES, S.R.L.",1-31-18319-2,,EL CUSTODIO DE LA VIRGEN,2023-04-12,2023-05-30,4040000.0,4040000.0,100.0,39859892.15,21929941.63,1.0,0,,0,,resolucion-cipac-no-2023-225_validacion-de-inversion-aordominicana-s-a-s-el-custodio-de-la-virgen.pdf
1835,CIPAC-2023-226,2023,,,797,483,art_34,approved,"AORDOMINICANA, S.A.S.",1-01-88872-5,"LARIMAR SERVICES, S.R.L.",1-31-18319-2,,DONDE FLORECIÓ UNA DEVOCIÓN,2023-04-12,2023-05-30,2338678.77,2338678.77,100.0,61598394.14,37238678.77,1.0,0,,0,,resolucion-cipac-no-2023-226_validacion-de-inversion-aordomominicana-s-a-s-donde-florecio-una-devocion.pdf
1836,CIPAC-2023-227,2023,,,797,483,art_34,approved,"GAUDI, S.R.L.",1-01-83208-8,"LARIMAR SERVICES, S.R.L.",1-31-18319-2,,DONDE FLORECIÓ UNA DEVOCIÓN,2023-04-12,2023-05-30,1000000.0,1000000.0,100.0,61598394.14,37238678.77,1.0,0,,0,,resolucion-cipac-no-2023-227_validacion-de-invesion-gaudi-s-r-l-donde-florecio-una-devocion.pdf
1837,CIPAC-2023-228,2023,,,773,543,art_34,approved,"PEÑA GUILLÉN, S.A.",1-01-07725-5,"CASA LATINA FILMS, S.R.L.",1-31-89932-3,,LOADING...,2023-04-28,2023-05-30,1600000.0,1600000.0,100.0,22506989.61,21600000.0,1.0,0,,0,,resolucion-cipac-no-2023-228_validacion-de-inversion-pena-guillen-s-a-loading.pdf
1838,CIPAC-2023-229,2023,,,887,551,art_34,approved,"CENTRO CUESTA NACIONAL, S.A.S.",1-01-01992-1,"TERCERA EDAD FILMS, S.R.L.",1-32-66532-5,,TERCERA EDAD,2023-05-03,2023-05-30,10000000.0,10000000.0,100.0,93848542.0,93848542.0,1.0,0,,0,,resolucion-cipac-no-2023-229_validacion-de-inversion-centro-cuesta-nacional-s-a-s-tercera-edad.pdf
1839,CIPAC-2023-230,2023,,,887,551,art_34,approved,"LA COLONIAL, S.A. - COMPANÍA DE SEGUROS",1-01-03122-2,"TERCERA EDAD FILMS, S.R.L.",1-32-66532-5,,TERCERA EDAD,2023-05-03,2023-05-30,9992239.77,9992239.77,100.0,93848542.0,93848542.0,1.0,0,,0,,resolucion-cipac-no-2023-230_validacion-de-inversion-la-colonial-s-a-compania-de-seguros-tercera-edad.pdf
1840,CIPAC-2023-231,2023,,,887,551,art_34,approved,"LABORATORIOS FELTREX, S.A.",1-01-05037-3,"TERCERA EDAD FILMS, S.R.L.",1-32-66532-5,,TERCERA EDAD,2023-05-03,2023-05-30,2950000.0,2950000.0,100.0,93848542.0,93848542.0,1.0,0,,0,,resolucion-cipac-no-2023-231_validacion-de-inversion-laboratorio-feltrex-s-a-trecera-edad.pdf
1841,CIPAC-2023-232,2023,,,962,536,art_34,approved,"PIMENTEL & CO, S.R.L.",1-02-00113-8,"BOLECA FILMS, S.R.L.",1-32-38372-9,,VICTOR,2023-05-05,2023-05-30,4000000.0,4000000.0,100.0,98636570.0,98636570.0,1.0,0,,0,,resolucion-cipac-no-2023-232_validacion-de-inversion-pimentel-co-s-r-l-victor.pdf
1842,CIPAC-2023-233,2023,,,962,536,art_34,approved,"BELLÓN, S.A.S.",1-02-00062-1,"BOLECA FILMS, S.R.L.",1-32-38372-9,,VICTOR,2023-05-05,2023-05-30,10000000.0,10000000.0,100.0,98636570.0,98636570.0,1.0,0,,0,,resolucion-cipac-no-2023-233_validacion-de-inversion-bellon-s-a-s-victor.pdf
1843,CIPAC-2023-234,2023,,,969,494,art_34,approved,"BELLÓN, S.A.S.",1-02-00062-1,"FAST FILMS, S.R.L.",1-31-38009-3,,CONCHO,2023-05-05,2023-05-30,10000000.0,10000000.0,100.0,26943902.46,10016071.95,1.0,0,,0,,resolucion-cipac-no-2023-234_validacion-de-inversion-bellon-s-a-s-concho.pdf
1844,CIPAC-2023-235,2023,,,908,542,art_34,approved,"CENTRO CUESTA NACIONAL, S.A.S.",1-01-01992-1,"MONTE SERENO FILMS, S.R.L.",1-32-63409-8,,PICO DUARTE (LA OCTAVA CUMBRE),2023-05-08,2023-05-30,27049792.0,27049792.0,100.0,48592045.0,27049792.0,1.0,0,,0,,resolucion-cipac-no-2023-235_validacion-de-inversion-centro-cuesta-nacional-s-a-s-pico-duarte-la-octava-cumbre.pdf
1845,CIPAC-2023-238,2023,,,875,536,art_34,approved,"CEIBO BUSINESS, INC",1-30-68927-1,"MAFE FILMS, S.R.L.",1-31-02473-4,,EL TIBURÓN,2023-05-08,2023-05-30,1000000.0,1000000.0,100.0,97661327.0,97661327.0,1.0,0,,0,,resolucion-cipac-no-2023-238_validacion-de-inversion-ceibo-busness-inc-el-tiburon.pdf
1846,CIPAC-2023-239,2023,,,875,536,art_34,approved,"LOTERÍA ELECTRÓNICA INTERNACIONAL DOMINICANA, S.A.",1-01-70527-2,"MAFE FILMS, S.R.L.",1-31-02473-4,,EL TIBURÓN,2023-05-08,2023-05-30,2500000.0,2500000.0,100.0,97661327.0,97661327.0,1.0,0,,0,,resolucion-cipac-no-2023-239_validacion-de-inversion-loteria-electronica-internacional-dominicana-s-a-leidsa-el-tiburon.pdf
1847,CIPAC-2023-240,2023,,,952,576,art_34,approved,"BELLA CASTLE INVESTMENT, S.R.L.",1-31-69310-5,"ANP FILMS 02, S.R.L.",1-32-77265-2,,UNA OLA A LA VEZ,2023-05-08,2023-05-30,10978246.24,10978246.24,100.0,20719148.69,10983490.68,0.9,0,,1,resolution_date|set_manual|null|2023-05-30|OCR read a los los treinta - duplicate los not matched by regex|Resolution PDF opening paragraph|2026-07-23|JDP,resolucion-cipac-no-2023-240_validacion-de-inversion-bella-castle-investment-s-r-l-una-ola-a-la-vez.pdf
1848,CIPAC-2023-242,2023,,,895,495,art_34,approved,"GUNITEC, S.R.L.",1-30-69274-2,"ASALTO EN PROGRESO, S.R.L.",1-31-52986-2,,ASALTO EN PROGRESO,2023-05-19,2023-06-15,1500000.0,1500000.0,100.0,74996668.51,1500000.0,1.0,0,,0,,resolucion-cipac-no-2023-242_validacion-de-inversion-gunitec-s-r-l-asalto-en-progreso.pdf
1849,CIPAC-2023-243,2023,,,921,474,art_34,approved,"E.T. HEINSEN, S.A.S.",1-05-00013-1,"VOCES ROTAS FILMS, S.R.L.",1-32-25599-2,,LAS TRES-VOCES ROTAS,2023-05-25,2023-06-15,1000000.0,1000000.0,100.0,64899966.34,21000000.0,1.0,0,,0,,resolucion-cipac-no-2023-243_validacion-de-inversion-e-t-heinsen-s-a-s-las-tres-voces-rotas.pdf
1850,CIPAC-2023-245,2023,,,756,,art_39,approved,,,"FILM 045, S.R.L.",1-32-45484-7,,NYAD,2023-05-23,2023-07-18,1515996854.0,378999213.5,25.0,1634289309.0,156348242.0,1.0,0,,0,,resolucion-cipac-no-2023-245_validacion-de-gastos-film-045-s-r-l-ny-ad.pdf
1851,CIPAC-2023-246,2023,,,595,383,art_34,approved,"CORPORACIÓN AEROPORTUARIA DEL ESTE, S.A.S.",1-01-09214-9,"CANOA FILMS, S.R.L.",1-31-42379-5,,UN MATRIMONIO PERFECTO,2023-06-20,2023-07-18,10000000.0,10000000.0,100.0,92408792.63,75000000.0,1.0,0,,0,,resolucion-cipac-no-2023-246_validacion-de-inverison-corporacion-aeroportuaria-del-eeste-s-a-s-un-matrimonio-perfecto.pdf
1852,CIPAC-2023-247,2023,,,958,574,art_34,approved,"AORDOMINICANA, S.A.S.",1-01-88872-5,"LARIMAR SERVICES, S.R.L.",1-31-18319-2,,DICEN POR AHI,2023-06-26,2023-07-18,5621071.84,5621071.84,100.0,39915630.51,5821071.84,1.0,0,,0,,resolucion-cipac-no-2023-247_validacion-de-inversion-aordominicana-s-a-s-dicen-por-ahi.pdf
1853,CIPAC-2023-248,2023,,,958,574,art_34,approved,"TITA, S.R.L.",1-30-42199-4,"LARIMAR SERVICES, S.R.L.",1-31-18319-2,,DICEN POR AHI,2023-06-26,2023-07-18,200000.0,200000.0,100.0,39915630.51,5821071.84,1.0,0,,0,,resolucion-cipac-no-2023-248_validacion-de-inversion-tita-s-r-l-dicen-por-ahi.pdf
1854,CIPAC-2023-249,2023,,,980,474,art_34,approved,"EL DIAMANTE, S.R.L.",1-01-00366-9,"CINE CARMELITA, S.R.L.",1-31-04575-8,,NIETA DE MI ABUELA,2023-06-27,2023-07-18,700000.0,700000.0,100.0,11400028.17,700000.0,1.0,0,,0,,resolucion-cipac-no-2023-249_validacion-de-inversion-el-diamante-s-r-l-nieta-de-mi-abuela.pdf
1855,CIPAC-2023-251,2023,,,895,495,art_34,approved,"CORPORACIÓN AEROPORTUARIA DEL ESTE, S.A.S.",1-01-09214-9,"ASALTO EN PROGRESO, S.R.L.",1-31-52986-2,,ASALTO EN PROGRESO,2023-07-14,2023-08-15,30000000.0,30000000.0,100.0,74996668.51,74996668.51,1.0,0,,0,,resolucion-cipac-no-2023-251_validacion-de-inversion-corporacion-aeroportuaria-del-este-s-a-s-asalto-en-progreso.pdf
1856,CIPAC-2023-252,2023,,,991,594,art_34,approved,"CORPORACIÓN AEROPORTUARIA DEL ESTE, S.A.S.",1-01-09214-9,"EFFETA FILMS, S.R.L.",1-32-79401-1,,DÍA 8,2023-07-26,2023-08-15,20000000.0,20000000.0,100.0,59995466.39,20002952.83,1.0,0,,0,,resolucion-cipac-no-2023-252_validacion-de-inversion-corporacion-aeroportuaria-del-este-s-a-s-dia-8.pdf
1857,CIPAC-2023-253,2023,,,1007,601,art_34,approved,"CORPORACIÓN AEROPORTUARIA DEL ESTE, S.A.S.",1-01-09214-9,"BOMBEROS FILMS, S.R.L.",1-31-61836-7,,URBANO,2023-07-25,2023-08-15,20000000.0,20000000.0,100.0,84997327.68,20000000.0,1.0,0,,0,,resolucion-cipac-no-2023-253_validacion-de-inversion-corporacion-aeroportuaria-del-este-s-a-s-urbano.pdf
1858,CIPAC-2023-254,2023,,,929,,art_39,approved,,,"CARIBEMOTION RD, S.R.L.",1-01-86889-9,,EASY MONEY/THE TRUST,2023-07-03,2023-08-15,152785739.56,38196434.89,25.0,153315339.3,153315339.0,0.9,0,,1,validated_amount_dop|set_manual|null|152785739.56|OCR split PRIMERO paragraph across pages|Resolution PDF PRIMERO section|2026-07-23|JDP;;total_budget_executed|set_manual|null|153315339.00|OCR split executed budget paragraph across pages|Resolution PDF budget section|2026-07-23|JDP,resolucion-cipac-no-2023-254_validacion-de-gastos-caribemotions-rd-s-r-l-easy-money-the-trust.pdf
1859,CIPAC-2023-255,2023,,,1003,442,art_34,approved,"TERMO ENVASES, S.A.",1-01-57338-4,"HELIX, S.R.L.",1-31-39469-8,,EL SILENCIO DE MARCOS TREMMER,2023-07-03,2023-08-15,9999996.43,9999996.43,100.0,59433379.27,10000000.0,1.0,0,,0,,resolucion-cipac-no-2023-255_validacion-de-inversion-termo-envases-s-r-l-el-silencio-de-marcos-tremmer.pdf
1860,CIPAC-2023-256,2023,,,859,,art_39,approved,,,"FILM 033, S.R.L.",1-32-32415-3,,SOMETHING IN THE WATER,2023-07-04,2023-08-15,280466778.0,70116694.5,25.0,281032341.0,283127388.0,1.0,0,,0,,resolucion-cipac-no-2023-256_validacion-de-gastos-film-033-s-r-l-something-in-the-water.pdf
1861,CIPAC-2023-257,2023,,,834,,art_39,approved,,,"FILM 034, S.R.L.",1-32-32212-6,,ROAD HOUSE,2023-07-07,2023-08-15,4302242521.6,1075560630.4,25.0,4379084821.0,4302242521.6,1.0,0,,0,,resolucion-cipac-no-2023-257_validacion-de-gastos-film-034-s-r-l-road-house.pdf
1862,CIPAC-2023-258,2023,,,736,,art_39,approved,,,"FILM 042, S.R.L.",1-32-38753-8,,THE BLACK DEMON,2023-07-04,2023-08-15,430065442.0,107516360.0,25.0,432159134.0,430065442.0,0.9,0,,1,tax_credit_dop|set_manual|null|107516360.00|OCR did not capture SEGUNDO paragraph|Resolution PDF SEGUNDO section|2026-07-23|JDP,resolucion-cipac-no-2023-258_validacion-de-gasto-film-042-s-r-l-the-black-demon.pdf
1863,CIPAC-2023-259,2023,,,955,,art_39,approved,,,"FILM 047, S.R.L.",1-32-45488-1,,MEA CULPA,2023-07-25,2023-08-15,32204477.34,8051119.33,25.0,32204477.0,32277384.0,1.0,0,,0,,resolucion-cipac-no-2023-259_validcion-de-gastos-film-047-s-r-l-mea-culpa.pdf
1864,CIPAC-2023-260,2023,,,978,577,art_34,approved,"CORPORACIÓN AEROPORTUARIA DEL ESTE, S.A.S.",1-01-09214-9,"CHIC FILMS, S.R.L.",1-31-61831-6,,LA LLORONA,2023-07-04,2023-09-05,19991017.52,19991017.52,100.0,79058968.82,44991017.5,1.0,0,,0,,resolucion-cipac-no-2023-260_validacion-de-inversion-corporacion-aeroportuaria-del-este-s-a-s-la-llorona.pdf
1865,CIPAC-2023-261,2023,,,978,577,art_34,approved,"MADESOL, S.A.",1-01-67633-7,"CHIC FILMS, S.R.L.",1-31-61831-6,,LA LLORONA,2023-07-04,2023-09-05,5000000.0,5000000.0,100.0,79058968.82,25000000.0,1.0,0,,0,,resolucion-cipac-no-2023-261_validacion-de-inversion-madesol-s-a-la-llorona.pdf
1866,CIPAC-2023-262,2023,,,918,,art_39,approved,,,"FILM 039, S.R.L.",1-32-38756-2,,A THOUSAND BLOWS,2023-08-02,2023-09-05,157735199.0,39433799.75,25.0,162067531.0,162320318.0,0.8,0,,1,tax_credit_dop|set_manual|null|39433799.75|OCR did not capture SEGUNDO paragraph|Resolution PDF SEGUNDO section|2026-07-23|JDP;;total_budget_approved|set_manual|null|162067531.00|OCR missed budget approval paragraph|Resolution PDF budget section|2026-07-23|JDP,resolucion-cipac-no-2023-262_validacion-de-gastos-film-039-s-r-l-a-thausand-blows.pdf
1867,CIPAC-2023-263,2023,,,958,574,art_34,approved,"BANCO DE AHORRO Y CRÉDITO ADOPEM, S.A.",1-03-00310-9,"LARIMAR SERVICES, S.R.L.",1-31-18319-2,,DICEN POR AHI,2023-08-11,2023-09-05,3644000.0,3644000.0,100.0,39915630.51,15865714.59,1.0,0,,0,,resolucion-cipac-no-2023-263_validacion-de-inversion-banco-de-ahorro-y-credito-adopem-s-a-dicen-por-ahi.pdf
1868,CIPAC-2023-264,2023,,,958,574,art_34,approved,"BANCO MÚLTIPLE BDI, S.A.",1-01-04029-7,"LARIMAR SERVICES, S.R.L.",1-31-18319-2,,DICEN POR AHI,2023-08-11,2023-09-05,3400000.0,3400000.0,100.0,39915630.51,15865714.59,1.0,0,,0,,resolucion-cipac-no-2023-264_validacion-de-inversion-banco-multiple-bdi-s-a-dicen-por-ahi.pdf
1869,CIPAC-2023-265,2023,,,958,574,art_34,approved,"PACIFIC ASSETS, CORP",1-22-01963-4,"LARIMAR SERVICES, S.R.L.",1-31-18319-2,,DICEN POR AHI,2023-08-11,2023-09-05,3000000.0,3000000.0,100.0,39915630.51,15865714.59,1.0,0,,0,,resolucion-cipac-no-2023-265_validacion-de-inversion-pacific-assets-corp-dicen-por-ahi.pdf
1870,CIPAC-2023-266,2023,,,785,,art_39,approved,,,"FILM 046, S.R.L.",1-32-45384-2,,SAINT X - SCREENPLAY (PILOT),2023-08-11,2023-09-05,2404562273.0,601140568.25,25.0,2454794975.0,2404562273.0,1.0,0,,0,,resolucion-cipac-no-2023-266_validacion-de-gastos-film-046-s-r-l-saint-x-screenplay-pilot.pdf
1871,CIPAC-2023-267,2023,,,703,212,art_34,approved,"SHINY INVESTMENTS GROUP, S.R.L.",1-31-37860-9,"BARRANTES FILMS, S.R.L.",1-31-55779-1,,EL LABERINTO DE JULIA,2023-08-14,2023-09-05,1114609.45,1114609.45,100.0,37972914.0,34088694.48,1.0,0,,0,,resolucion-cipac-no-2023-267_validacion-de-inversion-shiny-investments-group-s-r-l-el-laberinto-de-julia.pdf
1872,CIPAC-2023-268,2023,,,921,474,art_34,approved,"CORPORACIÓN AEROPORTUARIA DEL ESTE, S.A.S.",1-01-09214-9,"VOCES ROTAS FILMS, S.R.L.",1-32-25599-2,,LAS TRES-VOCES ROTAS,2023-06-09,2023-09-05,10000000.0,10000000.0,100.0,64899966.34,31000000.0,1.0,0,,0,,resolucion-cipac-no-2023-268_validacion-de-inversion-corporacion-aeroportuaria-del-este-s-a-s-las-tres-voces-rotas.pdf
1873,CIPAC-2023-269,2023,,,921,474,art_34,approved,"CORPORACIÓN AEROPORTUARIA DEL ESTE, S.A.S.",1-01-09214-9,"VOCES ROTAS FILMS, S.R.L.",1-32-25599-2,,LAS TRES-VOCES ROTAS,2023-07-25,2023-09-05,8000000.0,8000000.0,100.0,64899966.34,39000000.0,1.0,0,,0,,resolucion-cipac-no-2023-269_validacion-de-inversion-corporacion-aeroportuaria-del-este-s-a-s-las-tres-voces-rotas.pdf
1874,CIPAC-2023-270,2023,,,978,577,art_34,approved,"CORPORACIÓN AEROPORTUARIA DEL ESTE, S.A.S.",1-01-09214-9,"CHIC FILMS, S.R.L.",1-31-61831-6,,LA LLORONA,2023-07-19,2023-09-05,19991017.52,19991017.52,100.0,79058968.82,20000000.0,1.0,0,,0,,resolucion-cipac-no-2023-270_validacion-de-inversion-corporacion-aeroportuaria-del-este-s-a-s-la-llorona-2da-va.pdf
1875,CIPAC-2023-271,2023,,,638,405,art_34,approved,"MANANTIALES DE GERICÓ, S.R.L.",1-01-73907-1,"COCU FILMS, S.R.L.",1-32-13293-9,,MUNDO DE ISLAS IMAGINADAS,2023-08-14,2023-09-05,400000.0,400000.0,100.0,68939054.0,400000.0,1.0,0,,0,,resolucion-cipac-no-2023-271_validacion-de-inversion-manantiales-de-gerico-s-r-l-mundo-de-islas-imaginadas.pdf
1876,CIPAC-2023-272,2023,,,638,405,art_34,approved,"AMIR INVERSIONES INMOBILIARIAS, S.R.L.",1-31-41273-4,"COCU FILMS, S.R.L.",1-32-13293-9,,MUNDO DE LISLAS IMAGINADAS,2023-08-14,2023-09-05,1250000.0,1250000.0,100.0,68939054.0,1250000.0,1.0,0,,0,,resolucion-cipac-no-2023-272_validacion-de-inversion-amir-inversiones-inmobiliarias-s-r-l-mundo-de-islas-imaginadas.pdf
1877,CIPAC-2023-273,2023,,,638,405,art_34,approved,"SHINY INVESTMENTS GROUP, S.R.L.",1-31-37860-9,"COCU FILMS, S.R.L.",1-32-13293-9,,MUNDO DE ISLAS IMAGINADAS,2023-08-14,2023-09-05,135000.0,135000.0,100.0,68939054.0,135000.0,1.0,0,,0,,resolucion-cipac-no-2023-273_validacion-de-inversion-shiny-inverstments-group-s-r-l-mundo-de-islas-imaginadas.pdf
1878,CIPAC-2023-274,2023,,,638,405,art_34,approved,"INGENIERÍA Y MATERIALES ELÉCTRICOS, S.R.L.",1-01-56709-2,"COCU FILMS, S.R.L.",1-32-13293-9,,MUNDO DE ISLAS IMAGINADAS,2023-08-14,2023-09-05,210000.0,210000.0,100.0,68939054.0,210000.0,1.0,0,,0,,resolucion-cipac-no-2023-274_validacion-de-inversion-ingenetia-y-materiales-electricos-s-r-l-mundo-de-islas-imaginadas.pdf
1879,CIPAC-2023-276,2023,,,997,575,art_34,approved,"CORPORACIÓN AEROPORTUARIA DEL ESTE, S.A.S.",1-01-09214-9,"HANNAH FILMS, S.R.L.",1-31-97461-9,,MILLONETA: EL REGRESO,2023-08-15,2023-10-03,30000000.0,30000000.0,100.0,64850769.5,30000000.0,1.0,0,,0,,resolucion-cipac-no-2023-276_validacion-de-inversion-corporacion-aeroportuaria-del-este-s-a-s-milloneta-el-regreso.pdf
1880,CIPAC-2023-278,2023,,,962,565,art_34,approved,"STEELTEC, S.R.L.",1-31-86171-7,"BOLECA FILMS, S.R.L.",1-32-38372-9,,VÍCTOR,2023-08-18,2023-09-03,1000000.0,1000000.0,100.0,98636570.0,1000000.0,1.0,0,,0,,resolucion-cipac-no-2023-277_validacion-de-inversion-corporacion-aeroportuaria-del-este-s-a-s-victor.pdf
1881,CIPAC-2023-279,2023,,,915,,art_39,approved,,,"FILM 049, S.R.L.",1-32-45483-9,,BRAIN WAVES,2023-08-30,2023-10-03,169982104.15,42495526.03,25.0,173558260.0,175497994.0,1.0,0,,0,,resolucion-cipac-no-2023-279_validacion-de-gastos-film-049-s-r-l-brain-waves.pdf
1882,CIPAC-2023-280,2023,,,876,,art_39,approved,,,"FILM 043, S.R.L.",1-32-38751-1,,THREE LITTLE BIRDS,2023-08-31,2023-10-03,73379336.0,18344834.0,25.0,73642654.0,73642654.0,1.0,0,,0,,resolucion-cipac-no-2023-280_validacion-de-gastos-film-043-s-r-l-three-little-birds.pdf
1883,CIPAC-2023-281,2023,,,871,,art_39,approved,,,"FILM 044, S.R.L.",1-32-38757-2,,BEAUTIFUL WEDDING,2023-09-06,2023-10-03,410992788.0,102748197.0,25.0,422549739.0,412130318.0,0.9,0,,1,total_budget_approved|set_manual|null|422549739.00|OCR missed budget approval paragraph|Resolution PDF budget section|2026-07-23|JDP,resolucion-cipac-no-2023-281_validacion-de-gastos-film-044-s-r-l-beautiful-wedding.pdf
1884,CIPAC-2023-282,2023,,,1016,611,art_34,approved,"TRANSAGRÍCOLA, S.R.L.",1-02-01950-9,"VIEWFINDER, S.R.L.",1-30-94190-4,,MATININO,2023-08-11,2023-09-03,1000000.0,1000000.0,100.0,49317971.35,1001403.37,1.0,0,,0,,resolucion-cipac-no-2023-282_validacion-de-inversion-transagricola-s-r-l-matinino.pdf
1885,CIPAC-2023-283,2023,,,970,384,art_34,approved,"BANCO DE AHORRO Y CRÉDITO ADOPEM, S.A.",1-03-00310-9,"COLORLAB FILMS, E.I.R.L.",1-31-31369-8,,LA GUIRA Y LA TAMBORA,2023-09-11,2023-10-03,21596000.0,21596000.0,100.0,64546321.93,28196000.0,1.0,0,,0,,resolucion-cipac-no-2023-283_validacion-de-inversion-banco-de-ahorro-y-credito-adopem-s-a-la-guira-y-la-tambora.pdf
1886,CIPAC-2023-284,2023,,,970,364,art_34,approved,"BANCO MÚLTIPLE BDI, S.A.",1-01-04029-7,"COLORLAB FILMS, E.I.R.L.",1-31-31369-8,,LA GUIRA Y LA TAMBORA,2023-09-11,2023-10-03,6600000.0,6600000.0,100.0,84546321.93,28196000.0,1.0,0,,0,,resolucion-cipac-no-2023-284_validacion-de-inversion-banco-multiple-bdi-s-a-la-guira-y-la-tambora.pdf
1887,CIPAC-2023-285,2023,,,916,537,art_34,approved,"CONSTRUCTORA VICASA, S.R.L.",1-02-31991-1,"CINEPLUS HJC, S.R.L.",1-31-97433-3,,EL CIBAO ES GIGANTE,2023-09-13,2023-11-15,2894000.0,2894000.0,100.0,6802427.0,6679630.49,1.0,0,,0,,resolucion-cipac-no-2023-285_validacion-de-inversion-constructora-vicasa-s-r-l-el-cibao-es-gigante.pdf
1888,CIPAC-2023-286,2023,,,916,537,art_34,approved,"PACIFIC ASSETS, CORP",1-22-01963-4,"CINEPLUS HJC, S.R.L.",1-31-97433-3,,EL CIBAO ES GIGANTE,2023-09-13,2023-11-15,3585030.49,3585030.49,100.0,6802427.0,6679630.49,1.0,0,,0,,resolucion-cipac-no-2023-286_validacion-de-inversion-pacific-assets-corp-el-cibao-es-gigante.pdf
1889,CIPAC-2023-287,2023,,,925,586,art_34,approved,"INDUVECA, S.A.",1-22-01122-6,"POB FILMS, S.R.L.",1-31-15524-3,,EL TRAYECTO,2023-09-14,2023-11-15,4999999.6,4999999.6,100.0,35692434.48,4999999.6,1.0,0,,0,,resolucion-cipac-no-2023-287_validacion-de-inversion-induveca-s-a-el-trayecto.pdf
1890,CIPAC-2023-288,2023,,,996,593,art_34,approved,"TRANSAGRÍCOLA, S.R.L.",1-02-01950-9,"SELENE FILMS MANAGEMENTS, S.R.L.",1-31-50486-8,,EL LENGUAJE DEL CIGARRO,2023-09-19,2023-11-15,2000000.0,2000000.0,100.0,55000000.0,2000000.0,1.0,0,,0,,resolucion-cipac-no-2023-288_validacion-de-inversion-transagricola-s-r-l-el-lenguaje-del-cigarro.pdf
1891,CIPAC-2023-289,2023,,,907,558,art_34,approved,"OUTSTANDING, E.I.R.L.",1-30-73574-3,"DARE FILMS, S.R.L.",1-32-08126-9,,O+,2023-09-08,2023-11-15,15000000.0,15000000.0,100.0,72538837.07,15000000.0,1.0,0,,0,,resolucion-cipac-no-2023-289_validacion-de-inversion-or-advertising-e-i-r-l-el-viaje-de-laura.pdf
1892,CIPAC-2023-290,2023,,,907,558,art_34,approved,"AEROPUERTO INTERNACIONAL DEL CIBAO, S.A.",1-02-61324-9,"DARE FILMS, S.R.L.",1-32-08126-9,,EL VIAJE DE LAURA,2023-09-08,2023-11-15,5000000.0,5000000.0,100.0,72538837.07,5000000.0,1.0,0,,0,,resolucion-cipac-no-2023-290_validacion-de-inversion-aeropuerto-del-cibao-s-a-el-viaje-de-laura.pdf
1893,CIPAC-2023-291,2023,,,971,,art_39,approved,,,"INTERNATIONAL FILMS PRODUCTIONS INFILPROD, S.R.L.",1-32-06766-5,,EL CONQUISTADOR DEL CARIBE TEMPORADA 1,2023-10-04,2023-11-15,49267295.21,12316823.8,25.0,140169119.03,49360096.6,1.0,0,,0,,resolucion-cipac-no-2023-291_validacion-de-gastos-international-film-productions-infilprod-s-r-l-el-conquistador-del-caribe-temporada-1.pdf
1894,CIPAC-2023-293,2023,,,1015,610,art_34,approved,"BANCO BACC DE AHORRO Y CRÉDITO DEL CARIBE, S.A.",1-01-13879-3,"LARIMAR SERVICES, S.R.L.",1-31-18319-2,,1998: EL RUMOR,2023-10-09,2023-11-15,5000000.0,5000000.0,100.0,39994613.7,25001960.69,1.0,0,,0,,resolucion-cipac-no-2023-293_validacion-de-inversion-banco-bacc-de-ahorro-y-credito-del-caribe-s-a-1998-el-rumor.pdf
1895,CIPAC-2023-294,2023,,,1015,610,art_34,approved,"COASTAL PETROLEUM DOMINICANA, S.A.",1-01-77608-2,"LARIMAR SERVICES, S.R.L.",1-31-18319-2,,1998: EL RUMOR,2023-10-09,2023-11-15,19996224.0,19996224.0,100.0,39994613.7,25001960.69,1.0,0,,0,,resolucion-cipac-no-2023-294_validacion-de-inversion-coastal-petroleum-dominicana-s-a-1998-el-rumor.pdf
1896,CIPAC-2023-295,2023,,,1016,611,art_34,approved,"CONSORCIO DE TARJETAS DOMINICANAS, S.A.",1-01-65432-5,"VIEWFINDER, S.R.L.",1-30-94190-4,,MATININO,2023-10-10,2023-11-15,10000000.0,10000000.0,100.0,49317971.55,10000000.0,1.0,0,,0,,resolucion-cipac-no-2023-295_validacion-de-inversion-consorcio-de-tarjetas-dominicanas-s-a-matinino.pdf
1897,CIPAC-2023-296,2023,,,1016,611,art_34,approved,"EMPRESA GENERADORA DE ELECTRICIDAD ITABO, S.A.",1-0182350-1,"VIEWFINDER, S.R.L.",1-30-94190-4,,MATININO,2023-10-10,2023-11-15,10000000.0,10000000.0,100.0,49317971.85,10000000.0,1.0,0,,0,,resolucion-cipac-no-2023-296_validacion-de-inversion-empresa-generadora-de-electricidad-itabo-s-a-matinino.pdf
1898,CIPAC-2023-297,2023,,,914,557,art_34,approved,"QUISQUEYA COMERCIAL, S.A.S.",1-01-00763-1,"THE ONLY ONE FILMS, S.R.L.",1-32-37755-9,,LA CUNA,2023-10-10,2023-11-15,5000000.0,5000000.0,100.0,101528114.37,5000000.0,0.0,0,,1,record|set_manual|null|all_fields|PDF scanned upside down OCR could not extract any text|Resolution PDF all pages|2026-07-23|JDP,resolucion-cipac-no-2023-297_validacion-de-inversion-quisqueya-comercial-s-a-s-la-cuna.pdf
1899,CIPAC-2023-298,2023,,,887,551,art_34,approved,"QUALA DOMINICANA, S.A.",1-01-74167-8,"TERCERA EDAD FILMS, S.R.L.",1-32-66532-5,,TERCERA EDAD,2023-10-18,2023-11-15,4939006.84,4939006.84,100.0,93848542.0,88499965.89,1.0,0,,0,,resolucion-cipac-no-2023-298_validacion-de-inversion-quala-dominicana-s-a-tercera-edad.pdf
1900,CIPAC-2023-299,2023,,,887,551,art_34,approved,"EL CATADOR, S.A.",1-01-06070-2,"TERCERA EDAD FILMS, S.R.L.",1-32-66532-5,,TERCERA EDAD,2023-10-18,2023-11-15,10000000.0,10000000.0,100.0,93848542.0,88499965.89,1.0,0,,0,,resolucion-cipac-no-2023-299_validacion-de-inversion-el-catador-s-a-tercera-edad.pdf
1901,CIPAC-2023-300,2023,,,401,190,art_34,approved,"COMPANÍA DOMINICANA DE TELÉFONOS, S.A.",1-01-00157-7,"GUERRA TOONS, S.R.L.",1-31-38978-3,,CAPITÁN AVISPA,2023-10-20,2023-11-15,10093153.34,10093153.34,100.0,202695806.0,201318292.73,1.0,0,,0,,resolucion-cipac-no-2023-300_validacion-de-inversion-compania-dominicana-de-telefonos-s-a-capitan-avispa.pdf
1902,CIPAC-2023-301,2023,,,855,527,art_34,approved,"BANCO MÚLTIPLE BHD, S.A.",1-01-13679-2,"INGENIO LATERAL, S.R.L.",1-30-96216-2,,EL ÚLTIMO SURREALISTA: OBRA Y VIDA DE JOSÉ CESTERO,2023-10-24,2023-11-15,20000000.0,20000000.0,100.0,36800000.0,24844916.0,1.0,0,,0,,resolucion-cipac-no-2023-301_validacion-de-inversion-banco-multiple-bhd-s-a-el-ultimo-surrealista-obra-y-vida-jose-cestero.pdf
1903,CIPAC-2023-303,2023,,,972,589,art_34,approved,"ADMINISTRADORA DE FONDOS DE PENSIONES POPULAR, S.A.",1-01-76868-1,"GODRANISS GROUP, S.R.L.",1-31-37909-5,,BIENVENIDOS AL PARAÍSO,2023-10-24,2023-11-15,38889691.0,38889691.0,100.0,86496192.0,38889691.0,1.0,0,,0,,resolucion-cipac-no-2023-303_validacion-de-inversion-administradora-de-fondos-de-pensiones-popular-s-a-bienvenidos-al-paraiso.pdf
1904,CIPAC-2023-304,2023,,,972,589,art_34,approved,"BANCO MÚLTIPLE SANTA CRUZ, S.A.",1-02-01292-1,"GODRANISS GROUP, S.R.L.",1-31-37909-5,,BIENVENIDOS AL PARAISO,2023-10-24,2023-11-15,26000000.0,26000000.0,100.0,86496192.0,83989691.0,1.0,0,,0,,resolucion-cipac-no-2023-304_validacion-de-inversion-banco-multiple-santa-cruz-s-a-bienvenidos-al-paraiso.pdf
1905,CIPAC-2023-305,2023,,,972,589,art_34,approved,"AFP CRECER, S.A.",1-01-86085-5,"GODRANISS GROUP, S.R.L.",1-31-37909-5,,BIENVENIDOS AL PARAÍSO,2023-10-24,2023-11-15,19100000.0,19100000.0,100.0,86496192.0,83989691.0,1.0,0,,0,,resolucion-cipac-no-2023-305_validacion-de-inversion-afp-crecer-s-a-bienvenidos-al-paraiso.pdf
1906,CIPAC-2023-306,2023,,,932,567,art_34,approved,"ALMONTE & ASOCIADOS PARTS, S.A.",1-02-32742-4,"CAKTUS FILMS, S.R.L.",1-32-49106-8,,VALIENTES,2023-10-25,2023-11-15,1700000.0,1700000.0,100.0,15359998.55,1700000.0,1.0,0,,0,,resolucion-cipac-no-2023-306_validacion-de-inversion-almonte-asociados-parts-s-a-valientes.pdf
1907,CIPAC-2023-307,2023,,,932,567,art_34,approved,"ALMONTE MULTIPARTES, S.R.L.",1-30-69190-8,"CAKTUS FILMS, S.R.L.",1-32-49106-8,,VALIENTES,2023-10-25,2023-11-15,1200000.0,1200000.0,100.0,15359998.55,1200000.0,1.0,0,,0,,resolucion-cipac-no-2023-307_validacion-de-inversion-almonte-multipartes-s-r-l-valientes.pdf
1908,CIPAC-2023-308,2023,,,888,509,art_34,approved,"BANCO DE AHORRO Y CRÉDITO ADOPEM, S.A.",1-03-00310-9,"ARRAYANO FILMS, S.R.L.",1-32-28278-7,,ENTIERRENLO DE PIE,2023-10-25,2023-11-15,4760000.0,4760000.0,100.0,51345787.39,41438700.0,1.0,0,,0,,resolucion-cipac-no-2023-308_validacion-de-inversion-banco-de-ahorro-y-credito-adopem-s-a-entierrenlo-de-pie.pdf
1909,CIPAC-2023-309,2023,,,888,509,art_34,approved,"INDUVECA, S.A.",1-22-01122-6,"ARRAYANO FILMS, S.R.L.",1-32-28278-7,,ENTIERRENLO DE PIE,2023-10-25,2023-11-15,15000000.0,15000000.0,100.0,51345787.39,41438700.0,1.0,0,,0,,resolucion-cipac-no-2023-309_validacion-de-inversion-induveca-s-a-entierrenlo-de-pie.pdf
1910,CIPAC-2023-310,2023,,,888,509,art_34,approved,"SOCIEDAD ADMINISTRADORA DE FONDOS DE INVERSIÓN BHD, S.A. (SAFI-BHD)",1-30-90241-2,"ARRAYANO FILMS, S.R.L.",1-32-28278-7,,ENTIERRENLO DE PIE,2023-10-25,2023-11-15,1600000.0,1600000.0,100.0,51345787.39,41438700.0,1.0,0,,0,,resolucion-cipac-no-2023-310_validacion-de-inversion-administradora-de-fondos-de-inversion-bhd-s-a-entierrenlo-de-pie.pdf
1911,CIPAC-2023-311,2023,,,706,280,art_34,approved,"AEROPUERTO INTERNACIONAL DEL CIBAO, S.A.",1-02-61324-9,"TORO CELESTE, S.R.L.",1-31-38767-5,,MONSTRUOS,2023-11-02,2023-12-04,6000000.0,6000000.0,100.0,63672892.03,6000000.0,1.0,0,,0,,resolucion-cipac-no-2023-311_validacion-de-inversion-aeropuerto-internacional-del-cibao-s-a-monstruos.pdf
1912,CIPAC-2023-312,2023,,,1031,621,art_34,approved,"EQUIPOS & CONSTRUCCIONES DEL CIBAO, S.R.L.",1-02-33399-8,"CARAMBOLA FILMS, S.R.L.",1-32-87129-4,,LOS BORRACHOS,2023-11-03,2023-12-04,10000000.0,10000000.0,100.0,59624524.82,10000000.0,1.0,0,,0,,resolucion-cipac-no-2023-312_validacion-de-inversion-equipos-y-construcciones-del-cibao-ecocisa-s-r-l-los-borrachos.pdf
1913,CIPAC-2023-313,2023,,,1031,621,art_34,approved,"BANCO MÚLTIPLE BHD, S.A.",1-01-13679-2,"CARAMBOLA FILMS, S.R.L.",1-32-87129-4,,LOS BORRACHOS,2023-11-03,2023-12-04,25000000.0,25000000.0,100.0,59624524.82,25000000.0,1.0,0,,0,,resolucion-cipac-no-2023-313_validacion-de-inversion-banco-multiple-bhd-s-a-los-borrachos.pdf
1914,CIPAC-2023-314,2023,,,997,575,art_34,approved,"RAFAEL ÁLVAREZ, S.R.L.",1-02-00040-9,"HANNAH FILMS, S.R.L.",1-31-97461-9,,MILLONETA: EL REGRESO,2023-11-07,2023-12-04,2000000.0,2000000.0,100.0,64850769.5,55071373.4,1.0,0,,0,,resolucion-cipac-no-2023-314_validacion-de-inversion-rafael-alvarez-s-r-l-milloneta-el-regreso.pdf
1915,CIPAC-2023-315,2023,,,997,575,art_34,approved,"LUBRICANTES DOMINICANOS, S.R.L.",1-01-05451-4,"HANNAH FILMS, S.R.L.",1-31-97461-9,,MILLONETA: EL REGRESO,2023-11-07,2023-12-04,3000000.0,3000000.0,100.0,64850769.5,55071373.4,1.0,0,,0,,resolucion-cipac-no-2023-315_validacion-de-inversion-lubricantes-dominicanos-s-r-l-milloneta-el-regreso.pdf
1916,CIPAC-2023-316,2023,,,997,575,art_34,approved,"VIAMAR, S.A.",1-01-01114-9,"HANNAH FILMS, S.R.L.",1-31-97461-9,,MILLONETA: EL REGRESO,2023-11-07,2023-12-04,20000000.0,20000000.0,100.0,64850769.5,55071373.4,1.0,0,,0,,resolucion-cipac-no-2023-316_validacion-de-inversion-viamar-s-a-milloneta-el-regreso.pdf
1917,CIPAC-2023-317,2023,,,910,550,art_34,approved,"EMPRESA GENERADORA DE ELECTRICIDAD ITABO, S.A.",1-01-82350-1,"ELLA TRILOGÍA, S.R.L.",1-32-29601-1,,ELLA,2023-11-07,2023-12-04,10000000.0,10000000.0,100.0,107529249.45,56128541.21,1.0,0,,0,,resolucion-cipac-no-2023-317_validacion-de-inversion-empresa-generadora-de-electricidad-itabo-s-a-ella.pdf
1918,CIPAC-2023-318,2023,,,910,550,art_34,approved,"MERCASID, S.A.",1-01-80768-7,"ELLA TRILOGÍA, S.R.L.",1-32-29601-1,,ELLA,2023-11-07,2023-12-04,15000000.0,15000000.0,100.0,107529249.45,56128541.21,1.0,0,,0,,resolucion-cipac-no-2023-318_validacion-de-inversion-mercasid-s-a-ella.pdf
1919,CIPAC-2023-319,2023,,,921,474,art_34,approved,"FIDUCIARIA RESERVAS, S.A.",1-31-02145-1,"VOCES ROTAS FILMS, S.R.L.",1-32-25599-2,,LAS TRES- VOCES ROTAS,2023-11-07,2023-12-04,6000000.0,6000000.0,100.0,64899966.34,55000000.0,1.0,0,,0,,resolucion-cipac-no-2023-319_validacion-de-inversion-fiduciaria-reservas-s-a-las-tres-voces-rotas.pdf
1920,CIPAC-2023-320,2023,,,921,474,art_34,approved,"ADMINISTRADORA DE FONDOS DE PENSIONES RESERVAS, S.A.",1-01-86939-9,"VOCES ROTAS FILMS, S.R.L.",1-32-25599-2,,LAS TRES- VOCES ROTAS,2023-11-07,2023-12-04,10000000.0,10000000.0,100.0,64899966.34,55000000.0,1.0,0,,0,,resolucion-cipac-no-2023-320_validacion-de-inversion-administradora-de-fondos-de-pensiones-reservas-s-a-las-tres-voces-rotas.pdf
1921,CIPAC-2023-321,2023,,,910,550,art_34,approved,"SOCIEDAD ADMINISTRADORA DE FONDOS DE INVERSIÓN BHD, S.A. (SAFI-BHD)",1-30-90241-2,"ELLA TRILOGÍA, S.R.L.",1-32-29601-1,,ELLA,2023-11-08,2023-12-04,2400000.0,2400000.0,100.0,107529249.45,62528541.22,1.0,0,,0,,resolucion-cipac-no-2023-321_validacion-de-inversion-sociedad-administradora-de-fondos-de-inversion-bhd-s-a-ella.pdf
1922,CIPAC-2023-322,2023,,,910,550,art_34,approved,"INDUSTRIAS NIGUA, S.A.",1-01-00485-1,"ELLA TRILOGÍA, S.R.L.",1-32-29601-1,,ELLA,2023-11-08,2023-12-04,4000000.0,4000000.0,100.0,107529249.45,62528541.22,1.0,0,,0,,resolucion-cipac-no-2023-322_valiacion-de-inversion-industrias-nigua-s-a-ella.pdf
1923,CIPAC-2023-323,2023,,,646,367,art_34,approved,"AEROPAQ, S.R.L.",1-01-68431-3,"CACIQUE PRODUCTIONS, S.R.L.",1-32-02934-8,,100 AÑOS EN MOVIMIENTO,2023-11-08,2023-12-04,1720000.0,1720000.0,100.0,45066160.0,44467246.0,1.0,0,,0,,resolucion-cipac-no-2023-323_validacion-de-inversion-aeropaq-s-r-l-100-anos-en-movimiento.pdf
1924,CIPAC-2023-324,2023,,,979,,art_39,approved,,,"FILM 050, S.R.L.",1-32-51910-8,,FOUR DOWN,2023-10-31,2023-12-04,70418871.0,17604717.75,25.0,73017848.0,70418871.0,1.0,0,,0,,resolucion-cipac-no-2023-324_validacion-de-gastos-film-050-s-r-l-four-down.pdf
1925,CIPAC-2023-326,2023,,,980,587,art_34,approved,"ALMACENES AMERICA, S.R.L.",1-01-58123-9,"CINE CARMELITA, S.R.L.",1-31-04575-8,,NIETA DE MI ABUELA,2023-11-10,2023-12-14,1999000.0,1999000.0,100.0,11400028.17,2700000.0,0.9,0,,1,investor_rnc|set_manual|null|1-01-58123-9|OCR read RN:C:: instead of R.N.C.|Resolution PDF header p.1|2026-07-23|JDP,resolucion-cipac-no-2023-326_validacion-de-inversion-almacenes-america-s-r-l-nieta-de-mi-abuela.pdf
1926,CIPAC-2023-327,2023,,,1031,621,art_34,approved,"BANCO MÚLTIPLE ADEMI, S.A.",1-01-74527-4,"CARAMBOLA FILMS, S.R.L.",1-32-87129-4,,LOS BORRACHOS,2023-11-16,2023-12-14,7673909.97,7673909.97,100.0,59624524.82,42673922.12,1.0,0,,0,,resolucion-cipac-no-2023-327_validacion-de-inversion-banco-multiple-ademi-s-a-los-borrachos.pdf
1927,CIPAC-2023-328,2023,,,999,608,art_34,approved,"BANCO MÚLTIPLE SANTA CRUZ, S.A.",1-02-01292-1,"VEZLOP GROUP, S.R.L.",1-31-66655-8,,1 LIVE WHERE YOU VACATION 2,2023-11-20,2023-12-14,7000000.0,7000000.0,100.0,36385808.0,34533828.0,1.0,0,,0,,resolucion-cipac-no-2023-328_validacion-de-inversion-banco-mulitple-santa-cruz-s-a-i-live-where-you-vacation-2.pdf
1928,CIPAC-2023-329,2023,,,999,608,art_34,approved,"ADMINISTRADORA DE FONDOS DE PENSIONES POPULAR, S.A.",1-01-76868-1,"VEZLOP GROUP, S.R.L.",1-31-66655-8,,I LIVE WHERE YOU VACATION 2,2023-11-20,2023-12-14,11833828.0,11833828.0,100.0,36385808.0,34533828.0,1.0,0,,0,,resolucion-cipac-no-2023-329_validacion-de-inversion-administradora-de-fondos-de-penciones-popular-s-a-i-love-where-you-vacation-2.pdf
1929,CIPAC-2023-330,2023,,,999,608,art_34,approved,"PETROMÓVIL, S.A.",1-01-69727-1,"VEZLOP GROUP, S.R.L.",1-31-66655-8,,LIVE WHERE YOU VACATION 2,2023-11-20,2023-12-14,15700000.0,15700000.0,100.0,36385808.0,34533828.0,1.0,0,,0,,resolucion-cipac-no-2023-330_validacion-de-inversion-petromovil-s-a-i-love-where-you-vacation-2.pdf
1930,CIPAC-2023-331,2023,,,895,495,art_34,approved,"ANDEL STAR, INC.",1-30-37906-8,"ASALTO EN PROGRESO, S.R.L.",1-31-52986-2,,ASALTO EN PROGRESO,2023-11-20,2023-12-14,1500000.0,1500000.0,100.0,74996668.51,61100000.0,1.0,0,,0,,resolucion-cipac-no-2023-331_validacion-de-inversion-andelstar-inc-asanto-en-progreso.pdf
1931,CIPAC-2023-332,2023,,,895,495,art_34,approved,"LEASING AUTOMOTRIZ DEL SUR, S.R.L.",1-01-59128-5,"ASALTO EN PROGRESO, S.R.L.",1-31-52986-2,,ASALTO EN PROGRESO,2023-11-20,2023-12-14,2000000.0,2000000.0,100.0,74996668.51,61100000.0,1.0,0,,0,,resolucion-cipac-no-2023-332_validacion-de-inversion-leasing-automotriz-del-sur-s-r-l-asalto-en-progreso.pdf
1932,CIPAC-2023-333,2023,,,895,495,art_34,approved,"SERVICOLT, S.A.",1-01-02666-9,"ASALTO EN PROGRESO, S.R.L.",1-31-52986-2,,ASALTO EN PROGRESO,2023-11-20,2023-12-14,1500000.0,1500000.0,100.0,74996668.51,61100000.0,1.0,0,,0,,resolucion-cipac-no-2023-333_validacion-de-inversion-servicolt-s-a-asalto-en-progreso.pdf
1933,CIPAC-2023-334,2023,,,1021,448,art_34,approved,"REFRIPARTES, S.A.",1-01-03323-1,"BOCA ROJA FILMS, S.R.L.",1-32-01313-1,,MORENA,2023-11-20,2023-12-14,15000000.0,15000000.0,100.0,73957343.69,52001200.92,1.0,0,,0,,resolucion-cipac-no-2023-334_validacion-de-inversion-refipartes-s-a-morena.pdf
1934,CIPAC-2023-335,2023,,,1021,448,art_34,approved,"COSANCA, S.A.S.",1-01-02235-3,"BOCA ROJA FILMS, S.R.L.",1-32-01313-1,,MORENA,2023-11-20,2023-12-14,6000000.0,6000000.0,100.0,73957343.69,52001200.92,1.0,0,,0,,resolucion-cipac-no-2023-335_validacion-de-inversion-cosanca-s-a-s-morena.pdf
1935,CIPAC-2023-336,2023,,,1021,448,art_34,approved,"COBINCA, S.A.",1-01-19447-2,"BOCA ROJA FILMS, S.R.L.",1-32-01313-1,,MORENA,2023-11-20,2023-12-14,15000000.0,15000000.0,100.0,73957343.69,52001200.92,1.0,0,,0,,resolucion-cipac-no-2023-336_validacion-de-inversion-cobinca-s-a-morena.pdf
1936,CIPAC-2023-337,2023,,,1021,448,art_34,approved,"ARS MONUMENTAL, S.A.",1-30-05800-8,"BOCA ROJA FILMS, S.R.L.",1-32-01313-1,,MORENA,2023-11-20,2023-12-14,6000000.0,6000000.0,100.0,73957343.69,52001200.92,1.0,0,,0,,resolucion-cipac-no-2023-337_validacion-de-inversion-ars-monumental-s-a-morena.pdf
1937,CIPAC-2023-338,2023,,,1021,448,art_34,approved,"GRUPO COMETA, S.A.S.",1-01-01943-3,"BOCA ROJA FILMS, S.R.L.",1-32-01313-1,,MORENA,2023-11-20,2023-12-14,4000000.0,4000000.0,100.0,73957343.69,52001200.92,1.0,0,,0,,resolucion-cipac-no-2023-338_validacion-de-inversion-grupo-cometa-s-a-s-morena.pdf
1938,CIPAC-2023-339,2023,,,1021,448,art_34,approved,"JJ ELECTRIC, S.A.",1-01-72549-4,"BOCA ROJA FILMS, S.R.L.",1-32-01313-1,,MORENA,2023-11-20,2023-12-14,6000000.0,6000000.0,100.0,73957343.69,52001200.92,1.0,0,,0,,resolucion-cipac-no-2023-339_validacion-de-inversion-jj-electric-s-a-morena.pdf
1939,CIPAC-2023-340,2023,,,1003,442,art_34,approved,"MAYOL & CO, S.R.L.",1-12-10221-1,"HELIX, S.R.L.",1-31-39469-8,,EL SILENCIO DE MARCOS TREMMER,2023-11-21,2023-12-14,2000000.0,2000000.0,100.0,59433379.27,15039996.46,1.0,0,,0,,resolucion-cipac-no-2023-340_validacion-de-inversion-mayol-co-s-r-l-el-silencio-de-marcos-tremmer.pdf
1940,CIPAC-2023-341,2023,,,1003,442,art_34,approved,"EDITORA DE FORMAS, S.A.",1-01-16684-3,"HELIX, S.R.L.",1-31-39469-8,,EL SILENCIO DE MARCOS TREMMER,2023-11-21,2023-12-14,3000000.0,3000000.0,100.0,59433379.27,15039996.46,1.0,0,,0,,resolucion-cipac-no-2023-341_validacion-en-inversion-editora-de-formas-s-a-el-silencio-de-marcos-tremmer.pdf
1941,CIPAC-2023-342,2023,,,868,515,art_34,approved,"VINICOLA DEL NORTE, S.A.",1-05-00060-1,"FÉNIX LEGENDARIO STUDIOS, S.R.L.",1-31-25185-4,,N[UESTRA TIERRA,2023-11-20,2023-12-14,1000000.0,1000000.0,100.0,29551415.15,10801898.61,1.0,0,,0,,resolucion-cipac-no-2023-342_validacion-de-inversion-vinicola-del-norte-s-a-nuestra-tierra.pdf
1942,CIPAC-2023-343,2023,,,958,574,art_34,approved,"VINICOLA DEL NORTE, S.A.",1-05-00060-1,"LARIMAR SERVICES, S.R.L.",1-31-18319-2,,DICEN POR AHI,2023-11-22,2023-12-14,2000000.0,2000000.0,100.0,39915630.51,20865714.59,1.0,0,,0,,resolucion-cipac-no-2023-343_validacion-de-inversion-vinicola-del-norte-s-a-dice-por-ahi.pdf
1943,CIPAC-2023-344,2023,,,958,574,art_34,approved,"SEGURIDAD PRIVADA, S.R.L.",1-01-16034-9,"LARIMAR SERVICES, S.R.L.",1-31-18319-2,,DICEN POR AHI,2023-11-22,2023-12-14,1500000.0,1500000.0,100.0,39915630.51,20865714.59,1.0,0,,0,,resolucion-cipac-no-2023-344_validacion-de-inversion-seguridad-privada-s-r-l-dicen-por-ahi.pdf
1944,CIPAC-2023-345,2023,,,958,574,art_34,approved,"BLUE TRACK TECHNOLOGIES, S.R.L.",1-30-52501-3,"LARIMAR SERVICES, S.R.L.",1-31-18319-2,,DICEN POR AHI,2023-11-22,2023-12-14,1000000.0,1000000.0,100.0,39915630.51,20865714.59,1.0,0,,0,,resolucion-cipac-no-2023-345_validacion-de-inversion-blue-track-technologies-s-r-l-dicen-por-ahi.pdf
1945,CIPAC-2023-346,2023,,,958,5,art_34,approved,"ALIAS FINANCING, S.R.L.",1-31-44335-4,"LARIMAR SERVICES, S.R.L.",1-31-18319-2,,DICEN POR AHÍ,2023-11-22,2023-12-14,500000.0,500000.0,100.0,39915630.51,20865714.59,1.0,0,,0,,resolucion-cipac-no-2023-346_validacion-de-inversion-alias-financing-s-r-l-dicen-por-ahi.pdf
1946,CIPAC-2023-347,2023,,,953,562,art_34,approved,"CERVECERÍA NACIONAL DOMINICANA, S.A.",1-01-00372-3,"CACIQUE FILMS, S.R.L.",1-31-09766-9,,EL ARTE DE VIVIR,2023-11-22,2023-12-14,25000000.0,25000000.0,100.0,59433379.27,15039996.46,1.0,0,,0,,resolucion-cipac-no-2023-347_validacion-de-inversion-cerveceria-nacional-dominicana-s-a-el-arte-de-vivir.pdf
1947,CIPAC-2023-348,2023,,,953,562,art_34,approved,"LETERAGO, S.R.L.",1-01-01357-5,"CACIQUE FILMS, S.R.L.",1-31-09766-9,,EL ARTE DE VIVIR,2023-11-22,2023-12-14,10000000.0,10000000.0,100.0,39653374.0,36912061.0,1.0,0,,0,,resolucion-cipac-no-2023-348_validacion-de-inversion-leterago-s-r-l-el-arte-de-vivir.pdf
1948,CIPAC-2023-349,2023,,,953,562,art_34,approved,"CONSTRUCTORA MONTEBIANCO, S.R.L.",1-31-47453-5,"CACIQUE FILMS, S.R.L.",1-31-09766-9,,EL ARTE DE VIVIR,2023-11-22,2023-12-14,1898181.0,1898181.0,100.0,39653374.0,36912061.0,1.0,0,,0,,resolucion-cipac-no-2023-349_validacion-de-inversion-constructora-montebianco-s-r-l-el-arte-de-vivir.pdf
1949,CIPAC-2024-001,2024,,,1016,611,art_34,approved,"BANCO MÚLTIPLE ADEMI, S.A.",1-01-74527-4,"VIEWFINDER, S.R.L.",1-30-94190-4,,MATININO,2023-11-23,2024-01-15,12753344.0,12753344.0,100.0,49317971.35,33755819.85,1.0,0,,0,,resolucion-cipac-no-2024-001_validacion-de-inversion-banco-multiple-ademi-s-a-matinino.pdf
1950,CIPAC-2024-002,2024,,,971,,art_39,approved,,,"INTERNATIONAL FILMS PRODUCTIONS INFILPROD, S.R.L.",1-32-06766-5,,EL CONQUISTADOR DEL CARIBE - TEMPORADA 1,2023-11-24,2024-01-15,14133980.0,3533495.0,25.0,140169119.03,14133980.0,0.9,0,,1,film_title|set_manual|null|EL CONQUISTADOR DEL CARIBE - TEMPORADA 1|OCR label was Obra audiovisual instead of Obra cinematografica|Resolution PDF header p.1|2026-07-21|JDP,resolucion-cipac-no-2024-002_validacion-de-gastos-international-films-productions-infilprod-s-r-l-el-conquistador-del-caribe-1t.pdf
1951,CIPAC-2024-003,2024,,,852,522,art_34,approved,"FERRETERIA ALMA CARIBE, S.R.L.",1-31-11672-8,"LARIMAR SERVICES, S.R.L.",1-31-18319-2,,EL CUSTODIO DE LA VIRGEN,2023-11-24,2024-01-15,41153.14,41153.14,100.0,39859892.15,680765.14,1.0,0,,0,,resolucion-cipac-no-2024-003_validacion-de-inversion-ferreteria-alma-caribe-s-r-l-el-custodio-de-la-virgen.pdf
1952,CIPAC-2024-004,2024,,,852,522,art_34,approved,"MUÑIZ MELLA & ASOC, S.R.L.",1-01-71609-6,"LARIMAR SERVICES, S.R.L.",1-31-18319-2,,EL CUSTODIO DE LA VIRGEN,2023-11-24,2024-01-15,639612.0,639612.0,100.0,39859892.15,680765.14,0.9,0,,1,"production_company|set_manual|null|LARIMAR SERVICES, S.R.L.|OCR omitted Cinematografico label and company name|Resolution PDF header p.1|2026-07-21|JDP",resolucion-cipac-no-2024-004_validacion-de-inversion-muniz-mella-asoc-s-r-l-el-custodio-de-la-virgen.pdf
1953,CIPAC-2024-005,2024,,,875,536,art_34,approved,"GULFSTREAM PETROLEUM DOMINICANA, S.R.L.",1-01-00849-2,"MAFE FILMS, S.R.L.",1-31-02473-4,,EL TIBURON,2023-11-24,2024-01-15,6500000.0,6500000.0,100.0,97661327.0,6560800.0,1.0,0,,0,,resolucion-cipac-no-2024-005_validacion-de-inversion-gulfstream-petroleum-dominicana-s-de-r-l-el-tiburon.pdf
1954,CIPAC-2024-006,2024,,,1033,631,art_34,approved,"AGENCIA BELLA, S.A.S.",1-01-00023-6,"LARIMAR SERVICES, S.R.L.",1-31-18319-2,,JAIME COLSON: RENOVARSE O MORIR,2023-12-08,2024-01-15,10000000.0,10000000.0,100.0,39926848.0,24000100.07,1.0,0,,0,,resolucion-cipac-no-2024-006_validacion-de-inversion-agencia-bella-s-a-s-jaime-colson-renovarse-o-morir.pdf
1955,CIPAC-2024-007,2024,,,1033,631,art_34,approved,"ADMINISTRADORA DE FONDOS DE INVERSIÓN UNIVERSAL, S.A.",1-30-96368-1,"LARIMAR SERVICES, S.R.L.",1-31-18319-2,,JAIME COLSON: RENOVARSE O MORIR,2023-12-08,2024-01-15,7000000.0,7000000.0,100.0,39926848.0,24000100.07,1.0,0,,0,,resolucion-cipac-no-2024-007_validacion-de-inversion-administradora-de-fondos-de-inversion-universal-s-a-jaime-colson.pdf
1956,CIPAC-2024-008,2024,,,1033,631,art_34,approved,"CONSTRUCTORA E INMOBILIARIA CELIK, S.R.L.",1-32-17826-2,"LARIMAR SERVICES, S.R.L.",1-31-18319-2,,JAIME COLSON: RENOVARSE O MORIR,2023-12-08,2024-01-15,5000000.0,5000000.0,100.0,39926848.0,24000100.07,1.0,0,,0,,resolucion-cipac-no-2024-008_validacion-de-inversion-constructora-e-inmobiliaria-celik-s-r-l-jaime-colson.pdf
1957,CIPAC-2024-009,2024,,,1033,631,art_34,approved,"CONSORCIO DE PROYECTOS ELÉCTRICOS, S.R.L.",1-30-42526-4,"LARIMAR SERVICES, S.R.L.",1-31-18319-2,,JAIME COLSON: RENOVARSE O MORIR,2023-12-08,2024-01-15,2000000.0,2000000.0,100.0,39926848.0,24000100.07,1.0,0,,0,,resolucion-cipac-no-2024-009_validacion-de-inversion-consorcio-de-proyectos-electricos-s-r-l-jaime-colson.pdf
1958,CIPAC-2024-012,2024,,,1023,618,art_34,approved,"BANCO MÚLTIPLE LÓPEZ DE HARO, S.A.",1-01-14588-9,"PRODUCCIONES GUAYACANES 011, S.R.L.",1-32-86638-1,,LA CORTA VIDA DE LAS FLORES,2023-12-08,2024-01-15,23178951.0,23178951.0,100.0,70200000.0,70178951.0,1.0,0,,0,,resolucion-cipac-no-2024-012_validacion-de-inversion-banco-multiple-lopez-de-haro-s-a-la-corta-vida-de-las-flores.pdf
1959,CIPAC-2024-013,2024,,,984,600,art_34,approved,"BANCO POPULAR DOMINICANO, S. A. BANCO MÚLTIPLE",1-01-01063-2,"PRODUCCIONES GUAYACANES 009, S.R.L.",1-32-64167-1,,MELODRAMA,2023-12-08,2024-01-15,84917503.0,84917503.0,100.0,84999202.0,84917503.0,1.0,0,,0,,resolucion-cipac-no-2024-013_validacion-de-inversion-banco-popular-dominicano-s-a-melodrama.pdf
1960,CIPAC-2024-014,2024,,,844,505,art_34,approved,"PREBEA, S.R.L.",1-30-15295-2,"GRUPO TRUKEMER, S.R.L.",1-31-08399-4,,TIGUERAJE,2023-12-11,2024-01-15,2100000.0,2100000.0,100.0,77517956.0,77100002.0,1.0,0,,0,,resolucion-cipac-no-2024-014_validacion-de-inversion-prebea-s-r-l-tigueraje.pdf
1961,CIPAC-2024-015,2024,,,1019,588,art_34,approved,"CERVECERÍA NACIONAL DOMINICANA, S.A.",1-01-00372-3,"GRUPO TRUKEMER, S.R.L.",1-31-08399-4,,LA 42: LA CALLE DE LOS SUEÑOS,2023-12-11,2024-01-15,43752498.0,43752498.0,100.0,43891267.0,43752498.0,1.0,0,,0,,resolucion-cipac-no-2024-015_validacion-de-inversion-cerveceria-nacional-dominicana-s-a-la-42-la-calle-de-los-suenos.pdf
1962,CIPAC-2024-016,2024,,,872,538,art_34,approved,"ZETA COMERCIAL, S.R.L.",1-30-57697-1,"FRONTERA FILMS, S.R.L.",1-31-75564-1,,OPERACION MARRUECOS,2023-12-12,2024-01-15,2999957.53,2999957.53,100.0,68998422.72,47448495.3,1.0,0,,0,,resolucion-cipac-no-2024-016_validacion-de-inversion-zeta-comercial-s-r-l-operacion-marruecos.pdf
1963,CIPAC-2024-017,2024,,,872,538,art_34,approved,"AEROPUERTOS DOMINICANOS SIGLO XXI, S.A.",1-01-81541-8,"FRONTERA FILMS, S.R.L.",1-31-75564-1,,OPERACIÓN MARRUECOS,2023-12-12,2024-01-15,10000000.0,10000000.0,100.0,68998422.72,47448495.3,1.0,0,,0,,resolucion-cipac-no-2024-017_validacion-de-inversion-aeropuerto-dominicanos-siglo-xxi-s-a-operacion-marruecos.pdf
1964,CIPAC-2024-018,2024,,,872,538,art_34,approved,"SUIPHAR DOMINICANA, S.R.L.",1-01-56680-9,"FRONTERA FILMS, S.R.L.",1-31-75564-1,,OPERACIÓN MARRUECOS,2023-12-12,2024-01-15,14999460.64,14999460.64,100.0,68998422.72,47448495.3,1.0,0,,0,,resolucion-cipac-no-2024-018_validacion-de-inverison-suiphar-dominicana-s-r-l-operacion-marruecos.pdf
1965,CIPAC-2024-019,2024,,,685,296,art_34,approved,"GERDAU METALDOM, S.A.",1-01-00484-3,"YOHIMA, S.R.L.",1-32-12919-9,,LA CONQUISTA DE UN RECLUSO,2023-12-15,2024-01-15,29988645.0,29988645.0,100.0,29989039.81,29988645.0,1.0,0,,0,,resolucion-cipac-no-2024-019_validacion-de-inversion-gerdau-metaldom-s-r-l-la-conquista-de-recluso.pdf
1966,CIPAC-2024-020,2024,,,1033,631,art_34,approved,"LABORATORIOS DE APLICACIONES MÉDICAS, S.A.",1-01-16846-3,"LARIMAR SERVICES, S.R.L.",1-31-18319-2,,JAIME COLSON: RENOVARSE O MORIR,2023-12-20,2024-01-15,1540300.0,1540300.0,100.0,39926848.0,25540400.07,1.0,0,,0,,resolucion-cipac-no-2024-020_validacion-de-inversion-laboratorios-de-aplicaciones-medicas-s-a-jaime-colson.pdf
1967,CIPAC-2024-059,2024,,,895,495,art_34,approved,"CIELOS ACÚSTICOS, S.R.L.",1-01-75637-3,"ASALTO EN PROGRESO, S.R.L.",1-31-52986-2,,ASALTO EN PROGRESO,2024-01-16,2024-02-23,2000000.0,2000000.0,100.0,74996668.51,2000000.0,1.0,0,,0,,resolucion-cipac-no-2024-059_validacion-de-inversion-cielos-acusticos-s-r-l-asalto-en-progreso.pdf
1968,CIPAC-2024-060,2024,,,895,495,art_34,approved,"UNIREFRI, S.R.L.",1-30-04759-6,"ASALTO EN PROGRESO, S.R.L.",1-31-52986-2,,ASALTO EN PROGRESO,2024-01-16,2024-02-23,2500000.0,2500000.0,100.0,74996668.51,2500000.0,1.0,0,,0,,resolucion-cipac-no-2024-060_validacion-de-inversion-unirefri-s-r-l-asalto-en-progreso.pdf
1969,CIPAC-2024-061,2024,,,752,381,art_34,approved,"ZETA COMERCIAL, S.R.L.",1-30-57697-1,"LA BODA FILMS, S.R.L.",1-31-88378-8,,LA BÓVEDA,2024-01-16,2024-02-23,2000000.0,2000000.0,100.0,65031823.15,55716170.54,1.0,0,,0,,resolucion-cipac-no-2024-061_validacion-de-inversion-zeta-comercial-s-r-l-la-boveda.pdf
1970,CIPAC-2024-062,2024,,,1022,617,art_34,approved,"BANCO POPULAR DOMINICANO, S. A. BANCO MÚLTIPLE",1-01-01063-2,"PRODUCCIONES GUAYACANES 010, S.R.L.",1-32-64164-7,,COSAS MENORES,2024-01-16,2024-02-23,79434711.0,79434711.0,100.0,86473026.0,86434711.0,1.0,0,,0,,resolucion-cipac-no-2024-062_validacion-de-inversion-banco-popular-dominicano-s-a-cosas-menores.pdf
1971,CIPAC-2024-063,2024,,,1022,617,art_34,approved,"CONSORCIO DE TARJETAS DOMINICANAS, S.A.",1-01-65432-5,"PRODUCCIONES GUAYACANES 010, S.R.L.",1-32-64164-7,,COSAS MENORES,2024-01-16,2024-02-23,7000000.0,7000000.0,100.0,86473026.0,86434711.0,1.0,0,,0,,resolucion-cipac-no-2024-063_validacion-de-inversion-consorcio-de-tarjetas-dominicana-s-a-cosas-menores.pdf
1972,CIPAC-2024-064,2024,,,996,593,art_34,approved,"AEROPUERTO INTERNACIONAL DEL CIBAO, S.A.",1-02-61324-9,"SELENE FILMS MANAGEMENTS, S.R.L.",1-31-50486-8,,EL LENGUAJE DEL CIGARRO,2024-01-17,2024-02-23,5000000.0,5000000.0,100.0,55000000.0,52000000.0,1.0,0,,0,,resolucion-cipac-no-2024-064_validacion-de-inversion-aeropuerto-internacional-del-cibao-s-a-el-lenguaje-del-cigarro.pdf
1973,CIPAC-2024-065,2024,,,996,593,art_34,approved,"EMPRESA GENERADORA DE ELECTRICIDAD ITABO, S.A.",1-01-82350-1,"SELENE FILMS MANAGEMENTS, S.R.L.",1-31-50486-8,,EL LENGUAJE DEL CIGARRO,2024-01-17,2024-02-23,10000000.0,10000000.0,100.0,55000000.0,52000000.0,1.0,0,,0,,resolucion-cipac-no-2024-065_validacion-de-inversionempresa-generadora-de-electricidad-itabo-s-a-el-lenguaje-del-cigarro.pdf
1974,CIPAC-2024-066,2024,,,996,593,art_34,approved,"BANCO POPULAR DOMINICANO, S. A. BANCO MÚLTIPLE",1-01-01063-2,"SELENE FILMS MANAGEMENTS, S.R.L.",1-31-50486-8,,EL LENGUAJE DEL CIGARRO,2024-01-17,2024-02-23,30000000.0,30000000.0,100.0,55000000.0,52000000.0,1.0,0,,0,,resolucion-cipac-no-2024-066_validacion-de-inversion-banco-popular-domincano-s-a-el-lenguaje-del-cigarro.pdf
1975,CIPAC-2024-067,2024,,,996,593,art_34,approved,"HOSPITAL METROPOLITANO DE SANTIAGO, S.A.",1-11-12794-7,"SELENE FILMS MANAGEMENTS, S.R.L.",1-31-50486-8,,EL LENGUAJE DEL CIGARRO,2024-01-17,2024-02-23,5000000.0,5000000.0,100.0,55000000.0,52000000.0,1.0,0,,0,,resolucion-cipac-no-2024-067_validacion-de-inversion-hospital-metropolitano-de-santo-domingo-s-a-el-lenguaje-del-cigarro.pdf
1976,CIPAC-2024-068,2024,,,1045,578,art_34,approved,"CERARTE, S.A.",1-01-50805-1,"LEMBECK FILMS, S.R.L.",1-31-07433-2,,TIEMPO Y FORMA,2024-01-19,2024-02-23,5000000.0,5000000.0,100.0,44308251.0,20000000.0,1.0,0,,0,,resolucion-cipac-no-2024-068_validacion-de-inversion-cerarte-s-a-tiempo-y-forma.pdf
1977,CIPAC-2024-069,2024,,,1045,578,art_34,approved,"RIGHT CONSTRUCTION, S.R.L.",1-30-89540-6,"LEMBECK FILMS, S.R.L.",1-31-07433-2,,TIEMPO Y FORMA,2024-01-19,2024-02-23,4981120.0,4981120.0,100.0,44308251.0,20000000.0,1.0,0,,0,,resolucion-cipac-no-2024-069_validacion-de-inversion-right-construction-s-r-l-tiemo-y-forma.pdf
1978,CIPAC-2024-070,2024,,,1045,578,art_34,approved,"EL CATADOR, S.A.",1-01-06070-2,"LEMBECK FILMS, S.R.L.",1-31-07433-2,,TIEMPO Y FORMA,2024-01-19,2024-02-23,10000000.0,10000000.0,100.0,44308251.0,20000000.0,1.0,0,,0,,resolucion-cipac-no-2024-070_validacion-de-inversion-el-catador-s-a-tiempo-y-forma.pdf
1979,CIPAC-2024-071,2024,,,647,308,art_34,approved,"ECO PETRÓLEO DOMINICANA, S.A.",1-30-71483-5,"SAMAN FILMS, S.R.L.",1-31-88883-6,,THE FACILITY,2024-01-19,2024-02-23,500000.0,500000.0,100.0,44682262.72,28099726.0,1.0,0,,0,,resolucion-cipac-no-2024-071_validacion-de-inversion-eco-petroleo-dominicano-s-a-the-facility.pdf
1980,CIPAC-2024-072,2024,,,647,308,art_34,approved,"INTEGRA POWER, S.A.S.",1-32-19888-3,"SAMAN FILMS, S.R.L.",1-31-88883-6,,THE FACILITY,2024-01-19,2024-02-23,1000000.0,1000000.0,100.0,44682262.72,28099726.0,1.0,0,,0,,resolucion-cipac-no-2024-072_validacion-de-inversion-inregra-power-s-a-s-the-facility.pdf
1981,CIPAC-2024-073,2024,,,1062,657,art_34,approved,"MERCASID, S.A.",1-01-80768-7,"ONICE FILMS, S.R.L.",1-32-97122-1,,DUARTE CON PARÍS,2024-01-17,2024-02-23,10000000.0,10000000.0,100.0,31478666.9,20000478.17,0.9,0,,1,cpnd_number|set_manual|null|657|Stamp covers CPND number in document|Resolution PDF VISTOS section|2026-07-21|JDP,resolucion-cipac-no-2024-073_validacion-de-inversion-mercasid-s-a-duarte-con-paris.pdf
1982,CIPAC-2024-074,2024,,,1062,657,art_34,approved,"INDUVECA, S.A.",1-22-01122-6,"ONICE FILMS, S.R.L.",1-32-97122-1,,DUARTE CON PARÍS,2024-01-17,2024-02-23,10000000.0,10000000.0,100.0,31478666.9,20000478.17,1.0,0,,0,,resolucion-cipac-no-2024-074_validacion-de-inversion-induveca-s-a-duate-con-paris.pdf
1983,CIPAC-2024-075,2024,,,887,551,art_34,approved,"QUALA DOMINICANA, S.A.",1-01-74167-8,"TERCERA EDAD FILMS, S.R.L.",1-32-66532-5,,TERCERA EDAD,2024-01-17,2024-02-23,3807141.0,3807141.0,100.0,93848542.0,3807991.0,1.0,0,,0,,resolucion-cipac-no-2024-075_validacion-de-inversion-quala-dominicana-s-a-tercera-edad.pdf
1984,CIPAC-2024-077,2024,,,1042,624,art_34,approved,"CERVECERÍA NACIONAL DOMINICANA, S.A.",1-01-00372-3,"EMERGIENDO FILMS, S.R.L.",1-32-83959-5,,EMERGIENDO,2024-01-24,2024-02-23,30000000.0,30000000.0,100.0,46991126.0,30000000.0,1.0,0,,0,,resolucion-cipac-no-2024-077_validacion-de-inversion-cerveceria-nacional-dominicana-s-a-emergiendo.pdf
1985,CIPAC-2024-078,2024,,,914,557,art_34,approved,"MAGNA MOTORS, S.A.",1-01-05557-1,"THE ONLY ONE FILMS, S.R.L.",1-32-37755-9,,LA CUNA,2024-01-24,2024-02-23,47000000.0,47000000.0,100.0,101528114.37,96602028.0,1.0,0,,0,,resolucion-cipac-no-2024-078_validacion-de-inversion-magna-motors-s-a-la-cuna-2.pdf
1986,CIPAC-2024-079,2024,,,914,557,art_34,approved,"HOTELES NACIONALES, S.A.",1-01-03784-9,"THE ONLY ONE FILMS, S.R.L.",1-32-37755-9,,LA CUNA,2024-01-24,2024-02-23,4500000.0,4500000.0,100.0,101528114.37,96602028.0,1.0,0,,0,,resolucion-cipac-no-2024-079_validacion-de-inversion-hoteles-nacionales-s-a-la-cuna.pdf
1987,CIPAC-2024-080,2024,,,534,239,art_34,approved,"CERVECERÍA NACIONAL DOMINICANA, S.A.",1-01-00372-3,"PRODUCCIONES ATL, S.R.L.",1-31-22321-4,,"A TIRO LIMPIO, LA PELICULA",2024-01-30,2024-02-23,5000000.0,5000000.0,100.0,96563397.0,5000000.0,1.0,0,,0,,resolucion-cipac-no-2024-080_validacion-de-inversion-cerveceria-nacional-dominicana-s-a-a-tiro-limpio-la-pelicula.pdf
1988,CIPAC-2024-081,2024,,,1003,442,art_34,approved,"TERMO ENVASES, S.A.",1-01-57338-4,"HELIX, S.R.L.",1-31-39469-8,,EL SILENCIO DE MARCOS TREMMER,2024-01-30,2024-02-23,15000000.0,15000000.0,100.0,121991379.27,57033619.36,0.9,0,,1,cpnd_number|set_manual|null|442|OCR did not capture CPND number paragraph|Resolution PDF VISTOS section|2026-07-21|JDP,resolucion-cipac-no-2024-081_validacion-de-inversion-termo-envases-s-a-el-silencio-de-marcos-tremmer.pdf
1989,CIPAC-2024-082,2024,,,1003,442,art_34,approved,"ALMACENES IBERIA, S.R.L.",1-11-00047-5,"HELIX, S.R.L.",1-31-39469-8,,EL SILENCIO DE MARCOS TREMMER,2024-01-30,2024-02-23,12000000.0,12000000.0,100.0,121991379.27,57033619.36,0.9,0,,1,cpnd_number|set_manual|null|442|OCR did not capture CPND number paragraph|Resolution PDF VISTOS section|2026-07-21|JDP,resolucion-cipac-no-2024-082_validacion-de-inversion-almacenes-iberia-s-r-l-el-silencio-de-marcos-tremmer.pdf
1990,CIPAC-2024-083,2024,,,1003,442,art_34,approved,"COSANCA, S.A.S.",1-01-02235-3,"HELIX, S.R.L.",1-31-39469-8,,EL SILENCIO DE MARCOS TREMMER,2024-01-30,2024-02-23,5000000.0,5000000.0,100.0,121991379.27,57033619.36,1.0,0,,0,,resolucion-cipac-no-2024-083_validacion-de-inversion-cosanca-s-a-s-el-silencio-de-marcos-tremmer.pdf
1991,CIPAC-2024-084,2024,,,1003,442,art_34,approved,"CIELOS ACÚSTICOS, S.R.L.",1-01-75637-3,"HELIX, S.R.L.",1-31-39469-8,,EL SILENCIO DE MARCOS TREMMER,2024-01-30,2024-02-23,3000000.0,3000000.0,100.0,121991379.27,57033619.36,1.0,0,,0,,resolucion-cipac-no-2024-084_validacion-de-inversion-cielos-acusticos-s-r-l-el-silencio-de-marcos-tremmer.pdf
1992,CIPAC-2024-086,2024,,,1003,442,art_34,approved,"PASTEURIZADORA RICA, S.A.",1-01-00441-1,"HELIX, S.R.L.",1-31-39469-8,,EL SILENCIO DE MARCOS TREMMER,2024-01-30,2024-02-23,5000000.0,5000000.0,100.0,121991379.27,5000000.0,1.0,0,,0,,resolucion-cipac-no-2024-086_validacion-de-inversion-pasteurizadora-rica-s-a-el-silencio-de-marcos-tremmer.pdf
1993,CIPAC-2024-088,2024,,,980,587,art_34,approved,"ASOCIACIÓN CIBAO DE AHORRO Y PRÉSTAMOS, S.A.",4-02-00186-4,"CINE CARMELITA, S.R.L.",1-31-04575-8,,NIETA DE MI ABUELA,2024-01-30,2024-02-23,3000000.0,3000000.0,100.0,11400028.17,5700000.0,1.0,0,,0,,resolucion-cipac-no-2024-088_validacion-de-inversion-asociacion-cibao-de-ahorros-y-prestamos-nieta-de-mi-abuela.pdf
1994,CIPAC-2024-090,2024,,,1012,607,art_34,approved,"BANCO MÚLTIPLE SANTA CRUZ, S.A.",1-02-01292-1,"STONE PRODUCTIONS, S.R.L.",1-31-90601-1,,EL BUEN VIVIR 2,2024-01-31,2024-02-23,12000000.0,12000000.0,100.0,38019682.0,27523108.0,1.0,0,,0,,resolucion-cipac-no-2024-090_validacion-de-inversion-banco-multiple-santa-cruz-s-a-el-buen-vivir-2.pdf
1995,CIPAC-2024-094,2024,,,1088,546,art_34,approved,"INDUVECA, S.A.",1-22-01122-6,"POB FILMS, S.R.L.",1-31-15524-3,,BALLET DOMINICANO,2024-01-31,2024-02-23,5000000.0,5000000.0,100.0,46000000.0,23000000.0,1.0,0,,0,,resolucion-cipac-no-2024-094_validacion-de-inversion-induveca-s-a-ballet-dominicano.pdf
1996,CIPAC-2024-095,2024,,,1088,546,art_34,approved,"VIAMAR, S.A.",1-01-01114-9,"POB FILMS, S.R.L.",1-31-15524-3,,BALLET DOMINICANO,2024-01-31,2024-02-23,18000000.0,18000000.0,100.0,46000000.0,23000000.0,1.0,0,,0,,resolucion-cipac-no-2024-095_validacion-de-inversion-viamar-s-a-ballet-dominicano.pdf
1997,CIPAC-2024-096,2024,,,924,424,art_34,approved,"BANCO MÚLTIPLE BDI, S.A.",1-01-04029-7,"TAVAB, S.R.L.",1-31-91716-1,,COLOSAL,2024-01-31,2024-02-23,7000000.0,7000000.0,100.0,27543352.43,21000000.0,1.0,0,,0,,resolucion-cipac-no-2024-096_validacion-de-inversion-banco-multiple-bdi-s-a-colosal.pdf
1998,CIPAC-2024-097,2024,,,1053,637,art_34,approved,"PASTEURIZADORA RICA, S.A.",1-01-00441-1,"SKY FILMS, S.R.L.",1-31-72360-8,,EL PADRINO,2024-01-31,2024-02-23,45000000.0,45000000.0,100.0,45049188.0,45035757.0,1.0,0,,0,,resolucion-cipac-no-2024-097_validacion-de-inversion-pasteurizadora-rica-s-a-el-padrino.pdf
1999,CIPAC-2024-098,2024,,,848,504,art_34,approved,"GULFSTREAM PETROLEUM DOMINICANA, S.R.L.",1-01-00849-2,"PRODUCCIONES LÍNEA ESPIRAL, S.R.L.",1-22-01660-2,,MILLY: LA VIDA ES UNA SOLA,2024-01-31,2024-02-23,5500000.0,5500000.0,100.0,128819823.0,127123243.0,1.0,0,,0,,resolucion-cipac-no-2024-098_-validacion-de-inversion-gulfstream-petroleum-dominicana-s-de-r-l-milly-la-vida-es-una-sola.pdf
2000,CIPAC-2024-099,2024,,,848,504,art_34,approved,"BANCO DE AHORRO Y CRÉDITO ADOPEM, S.A.",1-03-00310-9,"PRODUCCIONES LÍNEA ESPIRAL, S.R.L.",1-22-01660-2,,MILLY: LA VIDA ES UNA SOLA,2024-01-31,2024-02-23,5000000.0,5000000.0,100.0,128819823.0,127123243.0,1.0,0,,0,,resolucion-cipac-no-2024-099_validacion-de-inversion-banco-de-ahorro-y-credito-adopem-s-a-milly-la-vida-es-una-sola.pdf
2001,CIPAC-2024-100,2024,,,848,504,art_34,approved,"GERDAU METALDOM, S.A.",1-01-00484-3,"PRODUCCIONES LÍNEA ESPIRAL, S.R.L.",1-22-01660-2,,MILLY: LA VIDA ES UNA SOLA,2024-01-31,2024-02-23,33000000.0,33000000.0,100.0,128819823.0,127123243.0,1.0,0,,0,,resolucion-cipac-no-2024-100_validacion-de-inversion-gerdau-metaldom-s-a-milly-la-vida-es-una-sola.pdf
2002,CIPAC-2024-101,2024,,,848,504,art_34,approved,"CPS, S.R.L.",1-01-56304-4,"PRODUCCIONES LÍNEA ESPIRAL, S.R.L.",1-22-01660-2,,MILLY: LA VIDA ES UNA SOLA,2024-01-31,2024-02-23,2000000.0,2000000.0,100.0,128819823.0,127123243.0,1.0,0,,0,,resolucion-cipac-no-2024-101_validacion-de-inversion-c-p-s-s-r-l-milly-la-vida-es-una-sola.pdf
2003,CIPAC-2024-102,2024,,,848,504,art_34,approved,"AEROPAQ, S.R.L.",1-01-68431-3,"PRODUCCIONES LÍNEA ESPIRAL, S.R.L.",1-22-01660-2,,MILLY: LA VIDA ES UNA SOLA,2024-01-31,2024-02-23,1000000.0,1000000.0,100.0,128819823.0,127123243.0,1.0,0,,0,,resolucion-cipac-no-2024-102_validacion-de-inversion-aeropaq-s-r-l-milly-la-vida-es-una-sola.pdf
2004,CIPAC-2024-103,2024,,,848,504,art_34,approved,"IDC CONSTRUCCIÓN, S.R.L.",1-30-68454-5,"PRODUCCIONES LÍNEA ESPIRAL, S.R.L.",1-22-01660-2,,MILLY: LA VIDA ES UNA SOLA,2024-01-31,2024-02-23,9500000.0,9500000.0,100.0,128819823.0,127123243.0,1.0,0,,0,,resolucion-cipac-no-2024-103_validacion-de-inversion-idc-construccion-s-r-l-milly-la-vida-es-una-sola-2.pdf
2005,CIPAC-2024-105,2024,,,1035,265,art_34,approved,"ABONOS DOMINICANOS ABODOM, S.R.L.",1-31-06888-1,"FÉNIX LEGENDARIO STUDIOS, S.R.L.",1-31-25185-4,,"BORU PELOTA (BEISBOL, EL LENGUAJE QUE NOS UNE)",2024-02-01,2024-02-23,2500000.0,2500000.0,100.0,28896550.22,8500000.0,1.0,0,,0,,resolucion-cipac-no-2024-105_validacion-de-inversion-abonos-dominicanos-abodom-s-r-l-boru-pelota-beisbol-el-lenguaje-que-nos-une-2.pdf
2006,CIPAC-2024-111,2024,,,1079,569,art_34,approved,"PETROMÓVIL, S.A.",1-01-69727-1,"LA BODA FILMS, S.R.L.",1-31-88378-8,,JUAN CANELA,2024-01-31,2024-02-23,3000000.0,3000000.0,100.0,54145112.97,18000046.53,1.0,0,,0,,resolucion-cipac-no-2024-111_validacion-de-inversion-petro-movil-s-a-juan-canela.pdf
2007,CIPAC-2024-112,2024,,,737,434,art_34,approved,"GERDAU METALDOM, S.A.",1-01-00484-3,"PRODUCCIONES LÍNEA ESPIRAL, S.R.L.",1-22-01660-2,,AIRE,2024-01-26,2024-02-23,12000000.0,12000000.0,100.0,104289178.0,97005717.0,1.0,0,,0,,resolucion-cipac-no-2024-112_validacion-de-inversion-gerdau-metaldom-s-a-aire.pdf
2008,CIPAC-2024-121,2024,,,1092,563,art_34,approved,"BANCO MÚLTIPLE BHD, S.A.",1-01-13679-2,"LATINO FILMS, S.R.L.",1-31-28926-6,,LA NOVIA DEL ATLANTICO,2024-02-01,2024-02-23,15000000.0,15000000.0,100.0,98601604.06,27498335.5,0.9,0,,1,"total_budget_approved|set_manual|null|98601604.06|OCR read RD$?8,601,604.06 missing first digit 9|Resolution PDF PRIMERO section|2026-07-21|JDP",resolucion-cipac-no-2024-121_validacion-de-inversion-banco-multiple-bhd-s-a-la-novia-del-atlantico.pdf
2009,CIPAC-2024-123,2024,,,1087,641,art_34,approved,"MERCASID, S.A.",1-01-80768-7,"CACINE FILMS, S.R.L.",1-32-82180-7,,EL HEREDERO,2024-02-01,2024-02-23,10000000.0,10000000.0,100.0,106174091.0,35951158.96,1.0,0,,0,,resolucion-cipac-no-2024-123_validacion-de-inversion-mercasid-s-a-el-heredero.pdf
2010,CIPAC-2024-126,2024,,,1021,448,art_34,approved,"ASOCIACIÓN CIBAO DE AHORRO Y PRÉSTAMOS, S.A.",4-02-00186-4,"BOCA ROJA FILMS, S.R.L.",1-32-01313-1,,MORENA,2024-02-01,2024-02-23,5000000.0,5000000.0,100.0,73957343.69,57000000.0,1.0,0,,0,,resolucion-cipac-no-2024-126_validacion-de-inversion-asociacion-cibao-de-ahorros-y-prestamos-morena.pdf
2011,CIPAC-2024-127,2024,,,978,577,art_34,approved,"COBINCA, S.A.",1-01-19447-2,"CHIC FILMS, S.R.L.",1-31-61831-6,,LA LLORONA,2024-01-30,2024-02-23,12000000.0,12000000.0,100.0,79058968.82,60000000.0,1.0,0,,0,,resolucion-cipac-no-2024-127_validacion-de-inversion-cobinca-s-a-la-llorona-2.pdf
2012,CIPAC-2024-128,2024,,,978,577,art_34,approved,"SERVICIELOS, S.R.L.",1-30-44420-1,"CHIC FILMS, S.R.L.",1-31-61831-6,,LA LLORONA,2024-01-30,2024-02-23,2000000.0,2000000.0,100.0,79058968.82,60000000.0,1.0,0,,0,,resolucion-cipac-no-2024-128_validacion-de-inversion-servicielos-s-r-l-la-llorona.pdf
2013,CIPAC-2024-129,2024,,,978,577,art_34,approved,"UNIREFRI, S.R.L.",1-30-04759-6,"CHIC FILMS, S.R.L.",1-31-61831-6,,LA LLORONA,2024-01-30,2024-02-23,1000000.0,1000000.0,100.0,79058968.82,60000000.0,1.0,0,,0,,resolucion-cipac-no-2024-129_validacion-de-inversion-unirefri-s-r-l-la-llorona.pdf
2014,CIPAC-2024-132,2024,,,556,348,art_34,approved,"OPERADORA DE SERVICIOS ALIMENTICIOS LM, S.R.L.",1-24-00197-8,"GAPO PRODUCTIONS, S.R.L.",1-32-00439-6,,THE CABIN (LA CABAÑA),2024-02-01,2024-02-23,3000000.0,3000000.0,100.0,67683024.0,58981078.0,1.0,0,,0,,resolucion-cipac-no-2024-132_validacion-de-invesion-operadora-de-servicios-alimenticios-lm-s-r-l-the-cabin-la-cabana.pdf
2015,CIPAC-2024-136,2024,,,764,473,art_34,approved,"LA INNOVACIÓN, S.R.L.",1-01-00583-1,"ANTARES CINE & ANIMACIÓN, S.R.L.",1-32-37765-6,,OLIVIA Y LAS NUBES,2024-01-03,2024-02-07,10000000.0,10000000.0,100.0,80673842.57,60000000.0,1.0,0,,0,,resolucion-cipac-no-2024-136_validacion-de-inversion-la-innovacion-s-r-l-olivia-y-las-nubes.pdf
2016,CIPAC-2024-139,2024,,,1067,609,art_34,approved,"CARIBETRANS, S.A.S.",1-01-03496-3,"NATURALISTA MEDIA, S.R.L.",1-31-61053-6,,EL NATURALISTA ISLEÑO 1I,2024-01-25,2024-02-23,8000000.0,8000000.0,100.0,34477228.48,18000000.0,1.0,0,,0,,resolucion-cipac-no-2024-139_validacion-de-inversion-caribetrans-s-a-s-el-naturalista-isleno-ii-2.pdf
2017,CIPAC-2024-140,2024,,,1067,609,art_34,approved,"MARÍTIMA DOMINICANA, S.A.S.",1-01-02960-9,"NATURALISTA MEDIA, S.R.L.",1-31-61053-6,,EL NATURALISTA ISLENO 11,2024-01-25,2024-02-23,10000000.0,10000000.0,100.0,34477228.48,18000000.0,1.0,0,,0,,resolucion-cipac-no-2024-140_validacion-de-inversion-maritima-dominicana-s-a-s-el-naturalista-isleno.pdf
2018,CIPAC-2024-141,2024,,,910,550,art_34,approved,"AGENTE DE REMESAS Y CAMBIO VIMENCA, S.A.",1-01-08899-2,"ELLA TRILOGÍA, S.R.L.",1-32-29601-1,,ELLA,2024-01-25,2024-02-23,6200000.0,6200000.0,100.0,107529249.45,78343807.57,1.0,0,,0,,resolucion-cipac-no-2024-141_validacion-de-inversion-agente-de-remesas-y-cambios-vimenca-s-a-ella.pdf
2019,CIPAC-2024-142,2024,,,910,550,art_34,approved,"INMOBILIARIA VIMENCA, S.A.",1-01-04349-2,"ELLA TRILOGÍA, S.R.L.",1-32-29601-1,,ELLA,2024-01-25,2024-02-23,1116277.78,1116277.78,100.0,107529249.45,78343807.57,1.0,0,,0,,resolucion-cipac-no-2024-142_validacion-de-inversion-inmobiliaria-vimenca-s-a-ella.pdf
2020,CIPAC-2024-143,2024,,,910,550,art_34,approved,"VIMENCA, S.A.",1-01-60718-1,"ELLA TRILOGÍA, S.R.L.",1-32-29601-1,,ELLA,2024-01-25,2024-02-23,1800000.0,1800000.0,100.0,107529249.45,78343807.57,1.0,0,,0,,resolucion-cipac-no-2024-143_validacion-de-inversion-vimenca-s-a-ella.pdf
2021,CIPAC-2024-144,2024,,,1072,628,art_34,approved,"PACIFIC ASSETS, CORP",1-22-01963-4,"LUNE FILMS PRODUCTIONS, S.R.L.",1-32-35784-1,,SUBES O BAJAS,2024-02-01,2024-03-14,2000000.0,2000000.0,100.0,64817003.3,15000000.0,1.0,0,,0,,resolucion-cipac-no-2024-144_validacion-de-inversion-pacific-assets-corp-subes-o-bajas.pdf
2022,CIPAC-2024-146,2024,,,1072,628,art_34,approved,"PASTEURIZADORA RICA, S.A.",1-01-00441-1,"LUNE FILMS PRODUCTIONS, S.R.L.",1-32-35784-1,,SUBES O BAJAS,2024-02-01,2024-03-14,10000000.0,10000000.0,100.0,64817003.3,15000000.0,1.0,0,,0,,resolucion-cipac-no-2024-146_validcion-de-inversion-pasteurizadora-rica-s-a-subes-o-bajas.pdf
2023,CIPAC-2024-147,2024,,,1010,409,art_34,approved,"ALTICE DOMINICANA, S.A.",1-01-61878-7,"LUNA NEGRA, S.R.L.",1-31-00651-5,,A VECES GRITO,2024-02-02,2024-03-14,24901187.64,24901187.64,100.0,49750016.32,30130968.0,1.0,0,,0,,resolucion-cipac-no-2024-147_validacion-de-invesion-altice-dominicana-s-a-a-veces-grito.pdf
2024,CIPAC-2024-148,2024,,,1010,409,art_34,approved,"DOPERCO, S.R.L.",1-01-61456-2,"LUNA NEGRA, S.R.L.",1-31-00651-5,,A VECES GRITO,2024-02-02,2024-03-14,5000000.0,5000000.0,100.0,49750016.32,30130968.0,1.0,0,,0,,resolucion-cipac-no-2024-148_validacion-de-inversion-doperco-s-r-l-a-veces-grito.pdf
2025,CIPAC-2024-150,2024,,,1086,603,art_34,approved,"GRUPO COMETA, S.A.S.",1-01-01943-3,"BARRANTES FILMS, S.R.L.",1-31-55779-1,,EN BUSCA DE UN SUEÑO,2024-02-02,2024-03-14,10000000.0,10000000.0,100.0,19209677.87,13000000.0,1.0,0,,0,,resolucion-cipac-no-2024-150_validacion-de-inversion-grupo-cometa-s-a-s-en-busca-de-un-sueno.pdf
2026,CIPAC-2024-151,2024,,,704,439,art_34,approved,"SANESTO MG INGENIERIA, S.R.L.",1-31-35271-5,"NEOM FILMS ONE, S.R.L.",1-31-77014-2,,MUSICA EN LA CIUDAD,2024-02-05,2024-03-14,2839720.32,2839720.32,100.0,25000000.0,24839019.89,1.0,0,,0,,resolucion-cipac-no-2024-151_validacion-de-inversion-sinesto-mg-ingenieria-s-r-l-musica-en-la-ciudad.pdf
2027,CIPAC-2024-152,2024,,,1046,615,art_34,approved,"CORPORACIÓN AEROPORTUARIA DEL ESTE, S.A.S.",1-01-09214-9,"PIMALI FILMS, S.R.L.",1-32-84807-1,,"ERCILIA PEPIN: EJEMPLO DE ENESEÑANZA, PATRIOTISMO Y DIGNIDAD",2024-02-07,2024-03-14,17416002.14,17416002.14,100.0,38278409.79,33913523.14,1.0,0,,0,,resolucion-cipac-no-2024-152_validacion-de-inversion-corporacion-aeroportuaria-del-este-s-a-s-ercilia-pepin-ejemplo-de-ensenanza.pdf
2028,CIPAC-2024-154,2024,,,1046,615,art_34,approved,"PACIFIC ASSETS, CORP",1-22-01963-4,"PIMALI FILMS, S.R.L.",1-32-84807-1,,"ERCILIA PEPIN: EJEMPLO DE ENESEÑANZA, PATRIOTISMO Y DIGNIDAD",2024-02-07,2024-03-14,2000000.0,2000000.0,100.0,38278409.79,33913523.14,1.0,0,,0,,resolucion-cipac-no-2024-154_validacion-de-inversion-pacific-assets-corp-ercilia-pepin-ejemplo-de-ensenanza.pdf
2029,CIPAC-2024-155,2024,,,1046,615,art_34,approved,"VIAMAR, S.A.",1-01-01114-9,"PIMALI FILMS, S.R.L.",1-32-84807-1,,"ERCILIA PEPIN: EJEMPLO DE ENESEÑANZA, PATRIOTISMO Y DIGNIDAD",2024-02-07,2024-03-14,6497521.0,6497521.0,100.0,38278409.79,33913523.14,1.0,0,,0,,resolucion-cipac-no-2024-155_validacion-de-inversion-viamar-s-a-ercilia-pepin-ejemplo-de-ensenanza.pdf
2030,CIPAC-2024-156,2024,,,1043,651,art_34,approved,"MERCASID, S.A.",1-01-80768-7,"A SIMPLE VISTA PRODUCCIONES, S.R.L",1-32-59927-6,,A SIMPLE VISTA,2024-02-07,2024-03-14,10000000.0,10000000.0,100.0,37979533.77,20037553.34,1.0,0,,0,,resolucion-cipac-no-2024-156_validacion-de-inversion-mercasid-s-a-a-simple-vista.pdf
2031,CIPAC-2024-157,2024,,,1043,651,art_34,approved,"INDUVECA, S.A.",1-22-01122-6,"A SIMPLE VISTA PRODUCCIONES, S.R.L",1-32-59927-6,,A SIMPLE VISTA,2024-02-07,2024-03-14,10000000.0,10000000.0,100.0,37979533.77,20037553.34,1.0,0,,0,,resolucion-cipac-no-2024-157_validacion-de-inversion-induveca-s-a-a-simple-vista.pdf
2032,CIPAC-2024-206,2024,,,1073,549,art_34,approved,"GRUPO COMETA, S.A.S.",1-01-01943-3,"FOGÓN FILMS, S.R.L.",1-32-98131-6,,LAS JEFAS,2024-03-14,2024-03-14,2000000.0,2000000.0,100.0,55797743.77,39445106.02,1.0,0,,0,,resolucion-cipac-no-2024-206_validacion-de-inversion-grupo-cometa-s-a-s-las-jefas.pdf
2033,CIPAC-2024-207,2024,,,1073,549,art_34,approved,"INGENIERIA ESTRELLA, S.A.",1-02-31881-6,"FOGÓN FILMS, S.R.L.",1-32-98131-6,,LAS JEFAS,2024-03-14,2024-03-14,4999921.07,4999921.07,100.0,55797743.77,39445106.02,1.0,0,,0,,resolucion-cipac-no-2024-207_validacion-de-inversion-ingeneria-estrella-s-a-las-jefas.pdf
2034,CIPAC-2024-210,2024,,,1099,668,art_34,approved,"AGUA RANGEL, S.R.L.",1-03-03191-9,"IMAGEN 3, S.R.L.",1-32-58694-8,,A LA HORA EXACTA,2024-02-20,2024-03-14,1500000.0,1500000.0,100.0,39609367.79,1500000.0,0.9,0,,1,investor_rnc|set_manual|null|1-03-03191-9|OCR read RNC: without dots|Resolution PDF header p.1|2026-07-21|JDP,resolucion-cipac-no-2024-210_validacion-de-inversion-agua-rangel-s-r-l-a-la-hora-exacta.pdf
2035,CIPAC-2024-211,2024,,,922,534,art_34,approved,"VIAMAR, S.A.",1-01-01114-9,"ALEXANDRA GUERRERO PRODUCTIONS AGP, S.R.L.",1-32-74306-7,,EL MUNDO SECRETO DE MARINA,2024-01-04,2024-03-14,15000000.0,15000000.0,100.0,79738189.2,17999710.0,1.0,0,,0,,resolucion-cipac-no-2024-2011_validacion-de-inversion-viamar-s-a-el-mundo-secreto-de-marina.pdf
2036,CIPAC-2024-213,2024,,,926,524,art_34,approved,"CERVECERÍA NACIONAL DOMINICANA, S.A.",1-01-00372-3,"LVS1, S.R.L.",1-32-43815-9,,PRIMU,2024-02-07,2024-04-01,50517820.0,50517820.0,100.0,103646476.0,63418750.0,1.0,0,,0,,resolucion-cipac-no-2024-213_validacion-de-inversion-cerveceria-nacional-dominicana-s-a-primu.pdf
2037,CIPAC-2024-214,2024,,,926,524,art_34,approved,"BANCO MÚLTIPLE BDI, S.A.",1-01-04029-7,"LVS1, S.R.L.",1-32-43815-9,,PRIMU,2024-02-07,2024-04-01,12900000.0,12900000.0,100.0,103646476.0,63418750.0,1.0,0,,0,,resolucion-cipac-no-2024-214_validacion-de-inversion-banco-multiple-bdi-s-a-primu.pdf
2038,CIPAC-2024-215,2024,,,994,579,art_34,approved,"COMPANÍA DOMINICANA DE TELÉFONOS, S.A.",1-01-00157-7,"CHURRIWOOD, S.R.L.",1-32-71967-2,,CHURRIWOOD,2024-02-14,2024-04-01,99208367.1,99208367.1,100.0,100899344.0,100350000.0,0.8,0,,1,"investor_rnc|set_manual|null|1-01-00157-7|OCR read RNC: without dots|Resolution PDF header p.1|2026-07-21|JDP;;production_company|set_manual|null|CHURRIWOOD, S.R.L.|Document layout error splits Productor Cinematografico label across lines|Resolution PDF header p.1|2026-07-21|JDP",resolucion-cipac-no-2024-215_validacion-de-inversion-compania-dominicana-de-telefonos-s-a-churriwood.pdf
2039,CIPAC-2024-216,2024,,,1044,647,art_34,rejected,"DANIEL ESPINAL, S.A.S.",1-02-00047-6,"VIANICO FILMS, S.R.L.",1-32-927402,,MR. OPTIMUS,2024-02-23,2024-04-01,1500000.0,,100.0,42900000.0,8500336.0,0.8,0,,1,resolution_type|set_manual|approved|rejected|PRIMERO says Este Consejo rechaza|Resolution PDF RESUELVE section|2026-07-21|JDP,resolucion-cipac-no-2024-216_validacion-de-inversion-daniel-espinal-s-a-s-mr-optimus.pdf
2040,CIPAC-2024-217,2024,,,971,,art_39,approved,,,"INTERNATIONAL FILMS PRODUCTIONS INFILPROD, S.R.L.",1-32-06766-5,,EL CONQUISTADOR DEL CARIBE - TEMPORADA 1,2024-03-06,2024-04-01,26937500.0,6734375.0,25.0,140169119.03,90431576.6,1.0,0,,0,,resolucion-cipac-no-2024-217_validacion-de-gastos-international-films-productions-infilprod-s-r-l-el-conquistador-del-caribe-t1.pdf
2041,CIPAC-2024-218,2024,,,873,523,art_34,approved,"CERVECERÍA NACIONAL DOMINICANA, S.A.",1-01-00372-3,"CATTALEYA PICTURES, S.R.L.",1-32-26788-5,,LA ISLA DEL SABOR II,2024-03-02,2024-04-01,9996533.0,9996533.0,100.0,43846324.0,39984903.0,0.9,0,,1,"validated_amount_dop|set_manual|null|9996533.00|OCR read RD$S?,996,533.00 missing first digit 9|Resolution PDF PRIMERO section|2026-07-21|JDP",resolucion-cipac-no-2024-218_validacion-de-inversion-cerveceria-nacional-dominicana-s-a-la-isla-del-sabor-ii.pdf
2042,CIPAC-2024-219,2024,,,962,565,art_34,approved,"GRUPO CAROL, S.A.S.",1-01-87186-5,"BOLECA FILMS, S.R.L.",1-32-38372-9,,VÍCTOR,2024-02-23,2024-04-01,1500000.0,1500000.0,100.0,98636570.0,93797312.77,0.9,0,,1,"total_budget_approved|set_manual|null|98636570.00|OCR read RD$?98,636,570.00 with leading question mark|Resolution PDF budget section|2026-07-21|JDP",resolucion-cipac-no-2024-219_validacion-de-inversion-grupo-carol-s-a-s-victor.pdf
2043,CIPAC-2024-220,2024,,,962,565,art_34,approved,"CONSTRUCTORA ALFAU, S.R.L.",1-30-06385-2,"BOLECA FILMS, S.R.L.",1-32-38372-9,,VÍCTOR,2024-02-23,2024-04-01,1000000.0,1000000.0,100.0,98636570.0,93797312.77,0.9,0,,1,"total_budget_approved|set_manual|null|98636570.00|OCR read RD$?98,636,570.00 with leading question mark|Resolution PDF budget section|2026-07-21|JDP",resolucion-cipac-no-2024-220_validacion-de-inversion-constructora-alfau-s-r-l-victor.pdf
2044,CIPAC-2024-221,2024,,,962,565,art_34,approved,"R.H. MEJIA & CO, S.R.L.",1-01-62643-7,"BOLECA FILMS, S.R.L.",1-32-38372-9,,VÍCTOR,2024-02-23,2024-04-01,1000000.0,1000000.0,100.0,98636570.0,93797312.77,0.9,0,,1,resolution_date|set_manual|null|2024-04-01|OCR read al primer (01) - al not matched by regex|Resolution PDF opening paragraph|2026-07-21|JDP,resolucion-cipac-no-2024-221_validacion-de-inversion-r-h-mejia-co-s-r-l-victor.pdf
2045,CIPAC-2024-222,2024,,,962,565,art_34,approved,"INDUVECA, S.A.",1-22-01122-6,"BOLECA FILMS, S.R.L.",1-32-38372-9,,VÍCTOR,2024-02-23,2024-04-01,8964465.34,8964465.34,100.0,98636570.0,93797312.77,1.0,0,,0,,resolucion-cipac-no-2024-222_validacion-de-inversion-induveca-s-a-victor.pdf
2046,CIPAC-2024-223,2024,,,962,565,art_34,approved,"P&P CORREDORES DE SEGUROS, S.R.L.",1-02-33354-8,"BOLECA FILMS, S.R.L.",1-32-38372-9,,VÍCTOR,2024-02-23,2024-04-01,1000000.0,1000000.0,100.0,98636570.0,93797312.77,1.0,0,,0,,resolucion-cipac-no-2024-223_validacion-de-inversion-pp-corredores-de-seguros-s-r-l-victor.pdf
2047,CIPAC-2024-224,2024,,,962,565,art_34,approved,"PASTEURIZADORA RICA, S.A.",1-01-00441-1,"BOLECA FILMS, S.R.L.",1-32-38372-9,,VÍCTOR,2024-02-23,2024-04-01,5000000.0,5000000.0,100.0,98636570.0,93797312.77,1.0,0,,0,,resolucion-cipac-no-2024-224_validacion-de-inversion-pasteurizadora-rica-s-a-victor.pdf
2048,CIPAC-2024-225,2024,,,962,565,art_34,approved,"ESPECIAS Y ADITIVOS ALIMENTARIOS, S.R.L.",1-02-31726-7,"BOLECA FILMS, S.R.L.",1-32-38372-9,,VÍCTOR,2024-02-23,2024-04-01,3000000.0,3000000.0,100.0,98636570.0,93797312.77,0.9,0,,1,investor_rnc|set_manual|null|1-02-31726-7|OCR read l-92-31726-7 with digit/letter confusion|Resolution PDF header p.1|2026-07-21|JDP,resolucion-cipac-no-2024-225_validacion-de-inversion-especias-y-aditivios-alimentarios-espalsa-s-r-l-victor.pdf
2049,CIPAC-2024-226,2024,,,962,565,art_34,approved,"TONOS & COLORES, S.R.L.",1-01-81969-3,"BOLECA FILMS, S.R.L.",1-32-38372-9,,VÍCTOR,2024-02-23,2024-04-01,1000000.0,1000000.0,100.0,98636570.0,93797312.77,0.8,0,,1,investor_rnc|set_manual|null|1-01-81969-3|OCR read I-91-61967-3 with digit/letter confusion|Resolution PDF header p.1|2026-07-21|JDP;;resolution_date|set_manual|null|2024-04-01|OCR read al primer - al not matched by old regex|Resolution PDF opening paragraph|2026-07-21|JDP,resolucion-cipac-no-2024-226_validacion-de-inversion-tonos-colores-s-r-l-victor.pdf
2050,CIPAC-2024-227,2024,,,962,565,art_34,approved,"LABORATORIOS DR. COLLADO, S.A.",1-01-00555-6,"BOLECA FILMS, S.R.L.",1-32-38372-9,,VÍCTOR,2024-02-23,2024-04-01,1500000.0,1500000.0,100.0,98636570.0,93797312.77,0.9,0,,1,"total_budget_approved|set_manual|null|98636570.00|OCR read RD$?8,636,570.00 missing first digit 9|Resolution PDF PRIMERO section|2026-07-21|JDP",resolucion-cipac-no-2024-227_validacion-de-inversion-laboratorios-dr-collado-s-a-victor.pdf
2051,CIPAC-2024-228,2024,,,962,565,art_34,approved,"EMPRESA GENERADORA DE ELECTRICIDAD ITABO, S.A.",1-01-82350-1,"BOLECA FILMS, S.R.L.",1-32-38372-9,,VÍCTOR,2024-02-23,2024-04-01,10000000.0,10000000.0,100.0,98636570.0,93797312.77,0.9,0,,1,investor_rnc|set_manual|null|1-01-82350-1|OCR read I-91-82350-1 with digit/letter confusion|Resolution PDF header p.1|2026-07-21|JDP,resolucion-cipac-no-2024-228_validacion-de-inversion-empresa-genaradora-de-electricidad-itabo-s-a-victor.pdf
2052,CIPAC-2024-229,2024,,,962,565,art_34,approved,"VIAMAR, S.A.",1-01-01114-9,"BOLECA FILMS, S.R.L.",1-32-38372-9,,VÍCTOR,2024-02-23,2024-04-01,9095442.48,9095442.48,100.0,98636570.0,93797312.77,0.9,0,,1,resolution_date|set_manual|null|2024-04-01|OCR read al primer (01) - al not matched by regex|Resolution PDF opening paragraph|2026-07-21|JDP,resolucion-cipac-no-2024-229_validacion-de-inversion-viamar-s-a-victor.pdf
2053,CIPAC-2024-230,2024,,,962,565,art_34,approved,"ASOCIACIÓN CIBAO DE AHORRO Y PRÉSTAMOS, S.A.",4-02-00186-4,"BOLECA FILMS, S.R.L.",1-32-38372-9,,VÍCTOR,2024-02-23,2024-04-01,9999825.58,9999825.58,100.0,98636570.0,93797312.77,1.0,0,,0,,resolucion-cipac-no-2024-230_validacion-de-inversion-asociacion-cibao-de-ahorros-y-prestamos-victor.pdf
2054,CIPAC-2024-231,2024,,,962,565,art_34,approved,"ENA INGENIERIA Y MATERIALES, S.R.L.",1-30-95640-5,"BOLECA FILMS, S.R.L.",1-32-38372-9,,VÍCTOR,2024-02-23,2024-04-01,2000000.0,2000000.0,100.0,98636570.0,93797312.77,1.0,0,,0,,resolucion-cipac-no-2024-231_validacion-de-inversion-ena-ingenieria-y-materiales-s-r-l-vicotor.pdf
2055,CIPAC-2024-233,2024,,,1067,609,art_34,approved,"PLÁSTICOS MULTIFORM, S.A.S.",1-01-07061-7,"NATURALISTA MEDIA, S.R.L.",1-31-61053-6,,EL NATURALISTA ISLEÑO 11,2024-04-05,2024-05-02,2000000.0,2000000.0,100.0,34477228.48,20000000.0,1.0,0,,0,,resolucion-cipac-no-2024-233_validacion-de-inversion-plasticos-multiform-s-a-s-el-naturalista-isleno-ii.pdf
2056,CIPAC-2024-234,2024,,,1044,647,art_34,approved,"DANIEL ESPINAL, S.A.S.",1-02-00047-6,"VIANICO FILMS, S.R.L.",1-32-927402,,MR. OPTIMUS,2024-02-23,2024-05-02,1500000.0,1500000.0,100.0,42900000.0,8500336.0,0.8,0,,1,"validated_amount_dop|set_manual|null|1500000.00|Approved reconsideration: SECOND resolves to validate and includes numeric amount (RDS1,500,000.00)|Resolution PDF operative section|2026-07-21|JDP;;tax_credit_dop|set_manual|null|1500000.00|Same amount authorized in THIRD clause (RDS1,500,000.00)|Resolution PDF operative section|2026-07-21|JDP",resolucion-cipac-no-2024-234_validacion-de-inversion-daniel-espinal-s-a-s-mr-optimus.pdf
2057,CIPAC-2024-236,2024,,,895,495,art_34,approved,"AMIR INVERSIONES INMOBILIARIAS, S.R.L.",1-31-41273-4,"ASALTO EN PROGRESO, S.R.L.",1-31-52986-2,,ASALTO EN PROGRESO,2024-04-19,2024-06-18,1250000.0,1250000.0,100.0,74996668.51,71600000.0,1.0,0,,0,,resolucion-cipac-no-2024-236_validacion-de-inversion-amir-inversiones-inmobiliarias-s-r-l-asalto-en-progreso.pdf
2058,CIPAC-2024-237,2024,,,895,495,art_34,approved,"SHINY INVESTMENTS GROUP, S.R.L.",1-31-37860-9,"ASALTO EN PROGRESO, S.R.L.",1-31-52986-2,,ASALTO EN PROGRESO,2024-04-19,2024-06-18,1250000.0,1250000.0,100.0,74996668.51,71600000.0,1.0,0,,0,,resolucion-cipac-no-2024-237_validacion-de-inversion-shiny-investments-group-s-r-l-asalto-en-progreso.pdf
2059,CIPAC-2024-238,2024,,,895,495,art_34,approved,"GRUPO COMETA, S.A.S.",1-01-01943-3,"ASALTO EN PROGRESO, S.R.L.",1-31-52986-2,,ASALTO EN PROGRESO,2024-04-19,2024-06-18,3500000.0,3500000.0,100.0,74996668.51,71600000.0,1.0,0,,0,,resolucion-cipac-no-2024-238_validacion-de-inversion-grupo-cometa-s-a-s-asalto-en-progreso.pdf
2060,CIPAC-2024-239,2024,,,1044,647,art_34,approved,"CENTRO CUESTA NACIONAL, S.A.S.",1-01-01992-1,"VIANICO FILMS, S.R.L.",1-32-92740-2,,MR. OPTIMUS,2024-04-23,2024-06-18,5000000.0,5000000.0,100.0,42900000.0,17000337.0,1.0,0,,0,,resolucion-cipac-no-2024-239_validacion-de-inversion-centro-cuesta-nacional-s-a-s-mr-optimus.pdf
2061,CIPAC-2024-240,2024,,,1044,647,art_34,approved,"QUISQUEYA COMERCIAL, S.A.S.",1-01-00763-1,"VIANICO FILMS, S.R.L.",1-32-92740-2,,MR. OPTIMUS,2024-04-23,2024-06-18,2000000.0,2000000.0,100.0,42900000.0,17000337.0,1.0,0,,0,,resolucion-cipac-no-2024-240_validacion-de-inversion-quisqueya-comercial-s-a-s-mr-optimus.pdf
2062,CIPAC-2024-241,2024,,,1044,647,art_34,approved,"TRANSAGRÍCOLA, S.R.L.",1-02-01950-9,"VIANICO FILMS, S.R.L.",1-32-92740-2,,MR. OPTIMUS,2024-04-23,2024-06-18,1500000.0,1500000.0,100.0,42900000.0,17000337.0,1.0,0,,0,,resolucion-cipac-no-2024-241_validacion-de-inversion-transagricola-s-r-l-mr-optimus.pdf
2063,CIPAC-2024-242,2024,,,1034,586,art_34,approved,"CENTRO CUESTA NACIONAL, S.A.S.",1-01-01992-1,"ALTA ISLA FILMS, S.R.L.",1-32-76136-7,,BAJO EL MISMO SOL,2024-05-05,2024-06-18,4000000.0,4000000.0,100.0,98050205.68,81000688.0,1.0,0,,0,,resolucion-cipac-no-2024-242_validacion-de-inversion-centro-cuesta-nacional-s-a-s-bajo-el-mismo-sol.pdf
2064,CIPAC-2024-243,2024,,,895,495,art_34,approved,"CABROLIER INVESTMENTS, S.R.L.",1-31-04210-4,"ASALTO EN PROGRESO, S.R.L.",1-31-52986-2,,ASALTO EN PROGRESO,2024-05-03,2024-06-18,500000.0,500000.0,100.0,74996668.51,74996668.51,1.0,0,,0,,resolucion-cipac-no-2024-243_validacion-de-inversion-cabrolier-investments-s-r-l-asalto-en-progreso.pdf
2065,CIPAC-2024-244,2024,,,962,565,art_34,approved,"PIMENTEL & CO, S.R.L.",1-02-00113-8,"BOLECA FILMS, S.R.L.",1-32-38372-9,,VICTOR,2024-05-15,2024-06-18,6000000.0,6000000.0,100.0,98636570.0,94945191.52,1.0,0,,0,,resolucion-cipac-no-2024-244_validacion-de-inversion-pimentel-co-s-r-l-victor.pdf
2066,CIPAC-2024-245,2024,,,864,525,art_34,approved,"PETROMÓVIL, S.A.",1-01-69727-1,"GUASÁBARA CINE, S.R.L.",1-31-00880-1,,SUGAR ISLAND,2024-05-15,2024-06-18,3850000.0,3850000.0,100.0,69999097.96,69981878.0,1.0,0,,0,,resolucion-cipac-no-2024-245_validacion-de-inversion-petromovil-s-a-sugar-island.pdf
2067,CIPAC-2024-246,2024,,,1092,563,art_34,approved,"CENTRO CUESTA NACIONAL, S.A.S.",1-01-01992-1,"LATINO FILMS, S.R.L.",1-31-28926-6,,LA NOVIA DEL ATLANTICO,2024-05-15,2024-06-18,10000000.0,10000000.0,100.0,98601604.06,52498832.3,1.0,0,,0,,resolucion-cipac-no-2024-246_validacion-de-inversion-centro-cuesta-nacional-s-a-s-la-novia-del-atlantico.pdf
2068,CIPAC-2024-247,2024,,,1092,563,art_34,approved,"BANCO DE AHORRO Y CRÉDITO ADOPEM, S.A.",1-03-00310-9,"LATINO FILMS, S.R.L.",1-31-28926-6,,LA NOVIA DEL ATLANTICO,2024-05-15,2024-06-18,15000000.0,15000000.0,100.0,98601604.06,52498832.3,0.9,0,,1,"total_budget_approved|set_manual|null|98601604.06|OCR read RD$?8,601,604.06 missing first digit 9|Resolution PDF budget section|2026-07-21|JDP",resolucion-cipac-no-2024-247_validacion-de-inversion-banco-de-ahorro-y-credito-adopem-s-a-la-novia-del-atlantico.pdf
2069,CIPAC-2024-248,2024,,,1016,611,art_34,approved,"BANCO BACC DE AHORRO Y CRÉDITO DEL CARIBE, S.A.",1-01-13879-3,"VIEWFINDER, S.R.L.",1-30-94190-4,,MATININÓ,2024-05-17,2024-06-18,3525000.0,3525000.0,100.0,49317971.35,42279018.64,1.0,0,,0,,resolucion-cipac-no-2024-248_validacion-de-inversion-banco-bacc-de-ahorro-y-credito-del-caribe-s-a-matinino.pdf
2070,CIPAC-2024-249,2024,,,1016,611,art_34,approved,"TRANSAGRÍCOLA, S.R.L.",1-02-01950-9,"VIEWFINDER, S.R.L.",1-30-94190-4,,MATININÓ,2024-05-17,2024-06-18,1000000.0,1000000.0,100.0,49317971.35,42279018.64,1.0,0,,0,,resolucion-cipac-no-2024-249_validacion-de-inversion-transagricola-s-r-l-matinino.pdf
2071,CIPAC-2024-250,2024,,,1033,631,art_34,approved,"AORDOMINICANA, S.A.S.",1-01-88872-5,"LARIMAR SERVICES, S.R.L.",1-31-18319-2,,JAIME COLSON: RENOVARSE O MORIR,2024-05-17,2024-06-18,7370476.3,7370476.3,100.0,39926848.0,32910876.36,1.0,0,,0,,resolucion-cipac-no-2024-250_validacion-de-inversion-aordominicana-s-a-s-jaime-colson-renovarse-o-morir.pdf
2072,CIPAC-2024-251,2024,,,888,509,art_34,approved,"INGENIERÍA Y MATERIALES ELÉCTRICOS, S.R.L.",1-01-56709-2,"ARRAYANO FILMS, S.R.L.",1-32-28278-7,,ENTIERRENLO DE PIE,2024-04-17,2024-06-18,300000.0,300000.0,100.0,51345787.39,42737580.25,1.0,0,,0,,resolucion-cipac-no-2024-251_validacion-de-inversion-ingenieria-y-materiales-electricos-s-r-l-entierrenlo-de-pie.pdf
2073,CIPAC-2024-252,2024,,,888,509,art_34,approved,"MANANTIALES DE GERICÓ, S.R.L.",1-01-73907-1,"ARRAYANO FILMS, S.R.L.",1-32-28278-7,,ENTIERRENLO DE PIE,2024-04-17,2024-06-18,700000.0,700000.0,100.0,51345787.39,42737580.25,1.0,0,,0,,resolucion-cipac-no-2024-252_validacion-de-inversion-manantiales-de-gerico-s-r-l-entierrenlo-de-pie.pdf
2074,CIPAC-2024-253,2024,,,1099,668,art_34,approved,"BELLÓN, S.A.S.",1-02-00062-1,"IMAGEN 3, S.R.L.",1-32-58694-8,,A LA HORA EXACTA,2024-05-22,2024-06-18,5000000.0,5000000.0,100.0,39609367.79,6500000.0,1.0,0,,0,,resolucion-cipac-no-2024-253_validacion-de-inversion-bellon-s-a-s-a-la-hora-exacta.pdf
2075,CIPAC-2024-254,2024,,,1007,601,art_34,approved,"CORPORACIÓN AEROPORTUARIA DEL ESTE, S.A.S.",1-01-09214-9,"BOMBEROS FILMS, S.R.L.",1-31-61836-7,,URBANO,2024-05-23,2024-06-18,40000000.0,40000000.0,100.0,84997327.68,60000000.0,1.0,0,,0,,resolucion-cipac-no-2024-254_validacion-de-inversion-corporacion-aeroportuaria-del-este-s-a-s-urbano.pdf
2076,CIPAC-2024-255,2024,,,1090,689,art_34,approved,"PEÑA GUILLÉN, S.A.",1-01-07725-5,"JOYADISE, S.R.L.",1-31-56995-1,,LA CHERCHA,2024-05-24,2024-06-18,800000.0,800000.0,100.0,16985583.33,800000.0,1.0,0,,0,,resolucion-cipac-no-2024-255_validacion-de-inversion-pena-guillen-s-a-la-chercha.pdf
2077,CIPAC-2024-256,2024,,,1073,549,art_34,approved,"FONT GAMUNDI, S.A.",1-03-00009-6,"FOGÓN FILMS, S.R.L.",1-32-98131-6,,LAS JEFAS,2024-05-29,2024-06-18,990000.0,990000.0,100.0,55797743.77,40435106.02,0.9,0,,1,request_date|set_manual|null|2024-05-29|OCR did not capture Solicitud de fecha line|Resolution PDF VISTOS section item 1|2026-07-21|JDP,resolucion-cipac-no-2024-256_validacion-de-inversion-font-gamundi-s-a-las-jefas.pdf
2078,CIPAC-2024-271,2024,,,1126,670,art_34,approved,"CORPORACIÓN AEROPORTUARIA DEL ESTE, S.A.S.",1-01-09214-9,"XIGUAYO FILMS, S.R.L.",1-32-92565-3,,BACHATAS URBANAS,2024-05-29,2024-08-08,25000000.0,25000000.0,100.0,55209588.86,25000000.0,1.0,0,,0,,resolucion-cipac-no-2024-271_validacion-de-inversion-corporacion-aeroportuaria-del-este-s-a-s-bachara-urbanas.pdf
2079,CIPAC-2024-272,2024,,,1021,448,art_34,approved,"CORPORACIÓN AEROPORTUARIA DEL ESTE, S.A.S.",1-01-09214-9,"BOCA ROJA FILMS, S.R.L.",1-32-01313-1,,MORENA,2024-06-13,2024-08-08,13000000.0,13000000.0,100.0,73957343.69,70000000.0,1.0,0,,0,,resolucion-cipac-no-2024-272_validacion-de-inversion-corporacion-aeroportuaria-del-este-s-a-s-morena.pdf
2080,CIPAC-2024-273,2024,,,978,577,art_34,approved,"CORPORACIÓN AEROPORTUARIA DEL ESTE, S.A.S.",1-01-09214-9,"CHIC FILMS, S.R.L.",1-31-61831-6,,LA LLORONA,2024-06-06,2024-08-08,14000000.0,14000000.0,100.0,79058968.82,74000000.0,1.0,0,,0,,resolucion-cipac-no-2024-273_validacion-de-inversion-corporacion-aeroportuaria-del-este-s-a-s-la-llorona.pdf
2081,CIPAC-2024-274,2024,,,923,,art_39,approved,,,"JUST WILD PRODUCTIONS, S.R.L.",1-32-70840-7,,SURVIVOR UK,2024-06-17,2024-08-08,378581179.87,94645294.96,25.0,443165940.0,382222828.22,1.0,0,,0,,resolucion-cipac-no-2024-274_validacion-de-gastos-just-wild-production-s-r-l-survivor-uk.pdf
2082,CIPAC-2024-275,2024,,,1085,,art_39,approved,,,"FILM 053, S.R.L.",1-32-73904-3,,MADEA'S DESTINATION WEDDING,2022-12-21,2024-08-08,190497628.89,47624407.22,25.0,191197318.0,190513534.0,1.0,0,,0,,resolucion-cipac-no-2024-275_validacion-de-gastos-film-053-s-r-l-madeas-destination-wedding.pdf
2083,CIPAC-2024-276,2024,,,1127,685,art_34,approved,"INDUVECA, S.A.",1-22-01122-6,"LAS PATO FILMS, S.R.L.",1-33-00836-1,,ACORDE FINAL,2024-07-01,2024-08-08,15000000.0,15000000.0,100.0,62794147.39,40000000.0,1.0,0,,0,,resolucion-cipac-no-2024-276_validacion-de-inversion-induvecas-a-acorde-final.pdf
2084,CIPAC-2024-277,2024,,,1132,694,art_34,approved,"AORDOMINICANA, S.A.S.",1-01-88872-5,"LARIMAR SERVICES, S.R.L.",1-31-18319-2,,KIKA & NITO,2024-07-10,2024-08-08,4599110.0,4599110.0,100.0,38117316.63,4599110.0,1.0,0,,0,,resolucion-cipac-no-2024-277_validacion-de-inversion-aordominicana-s-a-s-kika-nito.pdf
2085,CIPAC-2024-278,2024,,,1124,692,art_34,approved,"CORPORACIÓN AEROPORTUARIA DEL ESTE, S.A.S.",1-01-09214-9,"TIMECODE, S.R.L.",1-30-32923-2,,"MIRIAM CRUZ, LA DIVA DEL MERENGUE",2024-07-11,2024-08-08,65771195.0,65771195.0,100.0,65826116.0,65771195.0,1.0,0,,0,,resolucion-cipac-no-2024-278_validacion-de-inversion-corporacion-aeropuertuaria-del-este-s-a-s-miriam-cruz-la-novia-del-merengue.pdf
2086,CIPAC-2024-279,2024,,,1126,670,art_34,approved,"CORPORACIÓN AEROPORTUARIA DEL ESTE, S.A.S.",1-01-09214-9,"XIGUAYO FILMS, S.R.L.",1-32-92565-3,,BACHATAS URBANAS,2024-07-17,2024-08-08,4000000.0,4000000.0,100.0,55209588.86,4000000.0,1.0,0,,0,,resolucion-cipac-no-2024-279_validacion-de-inversion-corporacion-aeroportuaria-del-este-s-a-s-bachatas-urbanas.pdf
2087,CIPAC-2024-280,2024,,,1034,586,art_34,approved,"BANCO MÚLTIPLE LÓPEZ DE HARO, S.A.",1-01-14588-9,"ALTA ISLA FILMS, S.R.L.",1-32-76136-7,,BAJO EL MISMO SOL,2024-07-17,2024-08-08,17014313.0,17014313.0,100.0,98050205.6,98014313.0,1.0,0,,0,,resolucion-cipac-no-2024-280_validacion-de-inversion-banco-multiple-lopez-de-haro-s-a-bajo-el-mismo-sol.pdf
2088,CIPAC-2024-281,2024,,,914,557,art_34,approved,"MAGNA MOTORS, S.A.",1-01-05557-1,"THE ONLY ONE FILMS, S.R.L.",1-32-37755-9,,LA CUNA,2024-07-17,2024-08-08,1500000.0,1500000.0,100.0,101528114.37,100582365.0,1.0,0,,0,,resolucion-cipac-no-2024-281_validacion-de-inversion-magna-motors-s-a-la-cuna.pdf
2089,CIPAC-2024-282,2024,,,914,557,art_34,approved,"EMPRESAS LASA, S.R.L.",1-01-03118-2,"THE ONLY ONE FILMS, S.R.L.",1-32-37755-9,,LA CUNA,2024-07-17,2024-08-08,2480334.0,2480334.0,100.0,101528114.37,100582365.0,1.0,0,,0,,resolucion-cipac-no-2024-282_valicaion-de-invesion-empresa-lasa-s-r-l-la-cuna.pdf
2090,CIPAC-2024-283,2024,,,1134,676,art_34,approved,"MULTIGESTIONES CENREX, S.A.S.",1-30-50528-4,"HANNAH FILMS, S.R.L.",1-31-97461-9,,TINGÓ: SEMBRADORA DE JUSTICIA,2024-07-18,2024-08-08,20000000.0,20000000.0,100.0,39969357.98,20700000.0,1.0,0,,0,,resolucion-cipac-no-2024-283_validacion-de-inversion-multigestiones-cenrex-s-a-s-tingo-sembradora-de-justicia.pdf
2091,CIPAC-2024-284,2024,,,1134,676,art_34,approved,"BASANTAIFILMS, S.R.L.",1-32-54200-2,"HANNAH FILMS, S.R.L.",1-31-97461-9,,TINGÓ: SEMBRADORA DE JUSTICIA,2024-07-18,2024-08-08,700000.0,700000.0,100.0,39969357.98,20700000.0,1.0,0,,0,,resolucion-cipac-no-2024-284_validacion-de-inversion-basantaifilms-s-r-l-tingo-sembradora-de-justicia.pdf
2092,CIPAC-2024-287,2024,,,1127,685,art_34,approved,"BANCO MÚLTIPLE BHD, S.A.",1-01-13679-2,"LAS PATO FILMS, S.R.L.",1-33-00836-1,,ACORDE FINAL,2024-07-01,2024-08-08,25000000.0,25000000.0,100.0,62794147.39,40000000.0,1.0,0,,0,,resolucion-cipac-no-2024-287_validacion-de-inversion-banco-multiple-bhd-s-a-acorde-final.pdf
2093,CIPAC-2024-288,2024,,,1107,510,art_34,approved,"CORPORACIÓN AEROPORTUARIA DEL ESTE, S.A.S.",1-01-09214-9,"1576 FILM, S.R.L.",1-32-49390-7,,EL NACIMIENTO DE IBEROAMERICA,2024-07-17,2024-09-04,50354880.59,50354880.59,100.0,50400000.0,50354880.59,1.0,0,,0,,resolucion-cipac-no-2024-288_validacion-de-inversion-corporacion-aeroportuaria-del-este-s-a-s-el-nacimiento-de-iberoamerica.pdf
2094,CIPAC-2024-289,2024,,,1149,484,art_34,approved,"CORPORACIÓN AEROPORTUARIA DEL ESTE, S.A.S.",1-01-09214-9,"NO AL AVERNO PRODUCCIONES, S.R.L.",1-32-38340-2,,DEL OLOR DE LAS NUBES,2024-07-17,2024-09-04,28500000.0,28500000.0,100.0,75139640.11,33500000.0,1.0,0,,0,,resolucion-cipac-no-2024-289_validacion-de-inversion-corporacion-aeroportuaria-del-este-s-a-s-del-olor-de-las-nubes.pdf
2095,CIPAC-2024-290,2024,,,1043,651,art_34,approved,"OUTSTANDING, E.I.R.L.",1-30-73574-3,"A SIMPLE VISTA PRODUCCIONES, S.R.L",1-32-59927-6,,A SIMPLE VISTA,2024-07-22,2024-09-04,13160502.57,13160502.57,100.0,37979533.77,33202027.46,1.0,0,,0,,resolucion-cipac-no-2024-290_validacion-de-inverson-or-advertinsing-e-i-r-l-a-simple-vista.pdf
2096,CIPAC-2024-291,2024,,,1041,652,art_34,approved,"BANCO MÚLTIPLE SANTA CRUZ, S.A.",1-02-01292-1,"INGENIO LATERAL, S.R.L.",1-30-96216-2,,TESORO,2024-07-31,2024-09-04,11834188.0,11834188.0,100.0,84951094.0,84287810.0,1.0,0,,0,,resolucion-cipac-no-2024-291_validacion-de-inversion-banco-multiple-santa-cruz-s-a-tesoro.pdf
2097,CIPAC-2024-292,2024,,,1079,569,art_34,approved,"SOCIEDAD ADMINISTRADORA DE FONDOS DE INVERSIÓN BHD, S.A. (SAFI-BHD)",1-30-90241-2,"LA BODA FILMS, S.R.L.",1-31-88378-8,,JUAN CANELA,2024-08-05,2024-09-04,1400000.0,1400000.0,100.0,54145112.97,24399776.23,1.0,0,,0,,resolucion-cipac-no-2024-292_validacion-de-inversion-sociedad-administradora-de-fondos-de-inversion-bhd-s-a-safi-bhd-juan-canela.pdf
2098,CIPAC-2024-293,2024,,,1012,607,art_34,approved,"INGENIERIA ESTRELLA, S.A.",1-02-31881-6,"STONE PRODUCTIONS, S.R.L.",1-31-90601-1,,EL BUEN VIVIR 2,2024-08-05,2024-09-04,8563023.0,8563023.0,100.0,38019682.0,36092325.0,1.0,0,,0,,resolucion-cipac-no-2024-293_validacion-de-inversion-ingenieria-estrella-s-a-el-buen-vivir-2.pdf
2099,CIPAC-2024-294,2024,,,1020,,art_39,approved,,,"CARIBEMOTION RD, S.R.L.",1-01-86889-9,,KARATE COMBAT,2024-08-06,2024-09-04,164200108.97,41050027.24,25.0,176817551.0,164287426.82,1.0,0,,0,,resolucion-cipac-no-2024-294_validacion-de-gastos-caribemotion-rd-s-r-l-karate-combat.pdf
2100,CIPAC-2024-295,2024,,,1127,685,art_34,approved,"AEROPAQ, S.R.L.",1-01-68431-3,"LAS PATO FILMS, S.R.L.",1-33-00836-1,,ACORDE FINAL,2024-08-09,2024-09-04,500000.0,500000.0,100.0,62794147.39,40500157.71,1.0,0,,0,,resolucion-cipac-no-2024-295_validacion-de-inversion-aeropaq-s-r-l-acorde-final.pdf
2101,CIPAC-2024-296,2024,,,1137,663,art_34,approved,"LABORATORIOS FELTREX, S.A.",1-01-05037-3,"ME CASO CON TU EX FILMS, S.R.L.",1-32-80854-1,,ME CASO CON TU EX,2024-08-09,2024-09-04,3000000.0,3000000.0,100.0,99186245.0,3001060.0,0.9,0,,1,request_date|set_manual|null|2024-08-09|OCR did not capture Solicitud de fecha line|Resolution PDF VISTOS section item 1|2026-07-16|JDP,resolucion-cipac-no-2024-296_validacion-de-inversion-laboratorios-feltrex-s-a-me-caso-con-tu-ex.pdf
2102,CIPAC-2024-297,2024,,,1100,682,art_34,approved,"ADMINISTRADORA DE FONDOS DE PENSIONES POPULAR, S.A.",1-01-76868-1,"INGENIO LATERAL, S.R.L.",1-30-96216-2,,BUSCANDO A COLÓN,2024-08-12,2024-09-04,22204349.0,22204349.0,100.0,37309248.0,32204349.0,1.0,0,,0,,resolucion-cipac-no-2024-297_validacion-de-inversion-administradora-de-fondos-de-pensiones-popular-s-a-buscando-a-colon.pdf
2103,CIPAC-2024-298,2024,,,1100,682,art_34,approved,"CONSORCIO MINERO DOMINICANO, S.A.",1-30-03639-1,"INGENIO LATERAL, S.R.L.",1-30-96216-2,,BUSCANDO A COLÓN,2024-08-12,2024-09-04,10000000.0,10000000.0,100.0,37309248.0,32204349.0,1.0,0,,0,,resolucion-cipac-no-2024-298_validacion-de-inversion-consorcio-minero-dominicano-s-a-buscando-a-colon.pdf
2104,CIPAC-2024-301-A,2024,,,1139,564,art_34,approved,"CORPORACIÓN AEROPORTUARIA DEL ESTE, S.A.S.",1-01-09214-9,"ALDEA FILMS, S.R.L.",1-31-02474-2,,XIGUAPA,2024-08-05,2024-09-04,40000000.0,40000000.0,100.0,128371724.18,40000000.0,1.0,0,,0,,resolucion-cipac-no-2024-301_validacion-de-inversion-corporacion-aeroportuaria-del-este-s-a-s-xiguapa.pdf
2105,CIPAC-2024-301-B,2024,,,1149,484,art_34,approved,"MADESOL, S.A.",1-01-67633-7,"NO AL AVERNO PRODUCCIONES, S.R.L.",1-32-38340-2,,DEL OLOR DE LAS NUBES,2024-07-17,2024-10-07,5000000.0,5000000.0,100.0,75139640.11,33500000.0,1.0,0,,0,,resolucion-cipac-no-2024-301_validacion-de-inversion-madesol-s-a-del-olor-de-las-nubes.pdf
2106,CIPAC-2024-319,2024,,,1162,708,art_34,approved,"MOLINOS VALLE DEL CIBAO, S.A.",1-02-32609-6,"COTORRA FILMS, S.R.L.",1-33-03011-1,,EL DIABLO NO DUERME EN SU CAMA,2024-10-09,2024-11-14,20000000.0,20000000.0,100.0,69476165.26,61700547.88,1.0,0,,0,,resolucion-de-validacion-2024-319.pdf
2107,CIPAC-2024-320,2024,,,1162,708,art_34,approved,"BANCO MÚLTIPLE BDI, S.A.",1-01-04029-7,"COTORRA FILMS, S.R.L.",1-33-03011-1,,EL DIABLO NO DUERME EN SU CAMA,2024-10-09,2024-11-14,10000000.0,10000000.0,100.0,69476165.26,61700547.88,1.0,0,,0,,resolucion-de-validacion-2024-320.pdf
2108,CIPAC-2024-321,2024,,,1162,708,art_34,approved,"BANCO DE AHORRO Y CRÉDITO ADOPEM, S.A.",1-03-00310-9,"COTORRA FILMS, S.R.L.",1-33-03011-1,,EL DIABLO NO DUERME EN SU CAMA,2024-10-09,2024-11-14,7000000.0,7000000.0,100.0,69476165.26,61700547.88,1.0,0,,0,,resolucion-de-validacion-2024-321.pdf
2109,CIPAC-2024-322,2024,,,1162,708,art_34,approved,"CONSORCIO DE TARJETAS DOMINICANAS, S.A.",1-01-65432-5,"COTORRA FILMS, S.R.L.",1-33-03011-1,,EL DIABLO NO DUERME EN SU CAMA,2024-10-09,2024-11-14,14664246.69,14664246.69,100.0,69476165.26,61700547.88,1.0,0,,0,,resolucion-de-validacion-2024-322.pdf
2110,CIPAC-2024-323,2024,,,1162,708,art_34,approved,"PLÁSTICOS MULTIFORM, S.A.S.",1-01-07061-7,"COTORRA FILMS, S.R.L.",1-33-03011-1,,EL DIABLO NO DUERME EN SU CAMA,2024-10-09,2024-11-14,9000000.0,9000000.0,100.0,69476165.26,61700547.88,1.0,0,,0,,resolucion-de-validacion-2024-323.pdf
2111,CIPAC-2024-324,2024,,,1162,708,art_34,approved,"INDUSTRIAS NIGUA, S.A.",1-01-00485-1,"COTORRA FILMS, S.R.L.",1-33-03011-1,,EL DIABLO NO DUERME EN SU CAMA,2024-10-09,2024-11-14,700000.0,700000.0,100.0,69476165.26,61700547.88,1.0,0,,0,,resolucion-de-validacion-2024-324.pdf
2112,CIPAC-2024-325,2024,,,1138,695,art_34,approved,"AEROPUERTO INTERNACIONAL DEL CIBAO, S.A.",1-02-61324-9,"LOUD ALCO, S.R.L.",1-33-01025-9,,PROVIDENCIA,2024-10-10,2024-11-14,9600000.0,9600000.0,100.0,38088824.8,24600004.26,0.9,0,,1,"validated_amount_dop|set_manual|null|9600000.00|OCR read RDS?,600,000.00 missing first digit 9|Resolution PDF PRIMERO section|2026-07-21|JDP",resolucion-de-validacion-2024-325.pdf
2113,CIPAC-2024-326,2024,,,1127,685,art_34,approved,"TD BONDED WAREHOUSE, S.A.S.",1-30-89063-3,"LAS PATO FILMS, S.R.L.",1-33-00836-1,,ACORDE FINAL,2024-10-11,2024-11-14,1500000.0,1500000.0,100.0,62794147.39,47410152.87,1.0,0,,0,,resolucion-de-validacion-2024-326.pdf
2114,CIPAC-2024-327,2024,,,1162,708,art_34,approved,"BANCO MÚLTIPLE ADEMI, S.A.",1-01-74527-4,"COTORRA FILMS, S.R.L.",1-33-03011-1,,EL DIABLO NO DUERME EN SU CAMA,2024-10-15,2024-11-14,1000000.0,1000000.0,100.0,69476165.26,62700553.58,1.0,0,,0,,resolucion-de-validacion-2024-327.pdf
2115,CIPAC-2024-328,2024,,,1148,680,art_34,approved,"SOCIEDAD ADMINISTRADORA DE FONDOS DE INVERSIÓN BHD, S.A. (SAFI-BHD)",1-30-90241-2,"DR RELEASE FILMS, S.R.L.",1-32-93849-6,,RELEASE,2024-10-16,2024-11-14,1000000.0,1000000.0,100.0,63381163.84,47000362.41,1.0,0,,0,,resolucion-de-validacion-2024-328.pdf
2116,CIPAC-2024-329,2024,,,1148,680,art_34,approved,"BANCO MÚLTIPLE ADEMI, S.A.",1-01-74527-4,"DR RELEASE FILMS, S.R.L.",1-32-93849-6,,RELEASE,2024-10-16,2024-11-14,10000000.0,10000000.0,100.0,63381163.84,47000362.41,1.0,0,,0,,resolucion-de-validacion-2024-329.pdf
2117,CIPAC-2024-330,2024,,,1138,8,art_34,approved,"BANCO MÚLTIPLE ADEMI, S.A.",1-01-74527-4,"LOUD ALCO, S.R.L.",1-33-01025-9,,PROVIDENCIA,2024-10-16,2024-11-14,9320000.0,9320000.0,100.0,38088824.8,33920004.26,1.0,0,,0,,resolucion-de-validacion-2024-330.pdf
2118,CIPAC-2024-331,2024,,,1010,409,art_34,approved,"ADMINISTRADORA DE FONDOS DE PENSIONES RESERVAS, S.A.",1-01-86939-9,"LUNA NEGRA, S.R.L.",1-31-00651-5,,A VECES GRITO,2024-10-22,2024-11-14,4500000.0,4500000.0,100.0,49750016.32,36500000.0,1.0,0,,0,,resolucion-de-validacion-2024-331.pdf
2119,CIPAC-2024-332,2024,,,1010,409,art_34,approved,"DOPERCO, S.R.L.",1-01-61456-2,"LUNA NEGRA, S.R.L.",1-31-00651-5,,A VECES GRITO,2024-10-22,2024-11-14,2000000.0,2000000.0,100.0,49750016.32,36500000.0,1.0,0,,0,,resolucion-de-validacion-2024-332.pdf
2120,CIPAC-2024-333,2024,,,1137,663,art_34,approved,"GRUPO ANDAMORRO, S.R.L.",1-30-83799-6,"ME CASO CON TU EX FILMS, S.R.L.",1-32-80854-1,,ME CASO CON TU EX,2024-10-22,2024-11-14,1200000.0,1200000.0,100.0,98173329.0,4208760.0,0.9,0,,1,"total_budget_approved|set_manual|null|98173329.00|OCR read RD$?98,173,329.00 with leading question mark|Resolution PDF budget section|2026-07-21|JDP",resolucion-de-validacion2024-333.pdf
2121,CIPAC-2024-334,2024,,,1134,676,art_34,approved,"LUBRICANTES DOMINICANOS, S.R.L.",1-01-05451-4,"HANNAH FILMS, S.R.L.",1-31-97461-9,,TINGÓ: SEMBRADORA DE JUSTICIA,2024-10-22,2024-11-14,7000000.0,7000000.0,100.0,39969357.98,34300367.95,1.0,0,,0,,resolucion-de-validacion-2024-334.pdf
2122,CIPAC-2024-335,2024,,,1134,676,art_34,approved,"ENVASES MUNDIAL, S.R.L.",1-01-50276-2,"HANNAH FILMS, S.R.L.",1-31-97461-9,,TINGÓ: SEMBRADORA DE JUSTICIA,2024-10-22,2024-11-14,1600000.0,1600000.0,100.0,39969357.98,34300367.95,1.0,0,,0,,resolucion-de-validacion-2024-335.pdf
2123,CIPAC-2024-336,2024,,,1134,676,art_34,approved,"RAFAEL ÁLVAREZ, S.R.L.",1-02-00040-9,"HANNAH FILMS, S.R.L.",1-31-97461-9,,TINGÓ: SEMBRADORA DE JUSTICIA,2024-10-22,2024-11-14,4000000.0,4000000.0,100.0,39969357.98,34300367.95,1.0,0,,0,,resolucion-de-validacio-2024-336.pdf
2124,CIPAC-2024-337,2024,,,1134,676,art_34,approved,"SERVICIOS ÁLVAREZ DE ADMINISTRACIÓN TÉCNICA, S.R.L.",1-01-13714-2,"HANNAH FILMS, S.R.L.",1-31-97461-9,,TINGÓ: SEMBRADORA DE JUSTICIA,2024-10-22,2024-11-14,500000.0,500000.0,100.0,39969357.98,34300367.95,1.0,0,,0,,resolucion-de-validacion-2024-337.pdf
2125,CIPAC-2024-338,2024,,,1134,676,art_34,approved,"COMERCIALIZADORA NACIONAL Y DE EXPORTACIÓN, S.R.L.",1-02-00184-7,"HANNAH FILMS, S.R.L.",1-31-97461-9,,TINGÓ: SEMBRADORA DE JUSTICIA,2024-10-22,2024-11-14,300000.0,300000.0,100.0,39969357.98,34300367.95,1.0,0,,0,,resolucion-de-validacion-2024-338.pdf
2126,CIPAC-2025-002,2025,,,1067,609,art_34,approved,"PROPANO Y DERIVADOS, S.A.",1-01-03373-8,"NATURALISTA MEDIA, S.R.L.",1-31-61053-6,,EL NATURALISTA ISLEÑO 11,2024-11-29,2025-01-15,9000000.0,9000000.0,100.0,34477228.48,29000000.0,1.0,0,,0,,CIPAC-2025-002-EL-NATURALISTA-ISLENO-II-PROPANO-Y-DERIVADOS-SA.pdf
2127,CIPAC-2025-003,2025,,,1191,686,art_34,approved,"REFRIPARTES, S.A.",1-01-03323-1,"BOHUCO FILMS, S.R.L.",1-32-92636-6,,JULIQUEO DOMINICANO,2024-12-06,2025-01-15,13000000.0,13000000.0,100.0,54523833.75,13000865.84,0.9,0,,1,producer_rnc|set_manual|null|1-32-92636-6|OCR corrupted label Pr9ductor instead of Productor|Resolution PDF header p.1|2026-07-17|JDP,CIPAC-2025-003-JULIQUEO-DOMINICANO-REFRIPARTES-S.A.pdf
2128,CIPAC-2025-004,2025,,,1075,602,art_34,approved,"RIZEK, S.A.S.",1-01-66275-1,"CRISTAL CINE, S.R.L.",1-31-58819-2,,NIÑAS ESCARLATA,2024-12-09,2025-01-15,5000000.0,5000000.0,100.0,39943831.63,21000000.0,1.0,0,,0,,CIPAC-2025-004-NINAS-ESCARLATA-RIZEK-S.A.S.pdf
2129,CIPAC-2025-005,2025,,,1035,265,art_34,approved,"FARMACIA SAN LUIS DE SANTIAGO DE LOS CABALLEROS, S.R.L.",1-30-62353-8,"FÉNIX LEGENDARIO STUDIOS, S.R.L.",1-31-25185-4,,"BORU PELOTA (BEÍSBOL, EL LENGUAJE QUE NOS UNE)",2024-12-16,2025-01-15,1500000.0,1500000.0,100.0,28896550.22,10010982.49,1.0,0,,0,,CIPAC-2025-005-BORU-PELOTA-BEISBOL-EL-LENGUAJE-QUE-NOS-UNE-FARMACIA-SAN-LUIS-DE-SANTIAGO-DE-LOS-CABALLEROS-S.R.L.pdf
2130,CIPAC-2025-006,2025,,,1003,442,art_34,approved,"DISASHOP DOMINICANA, S.R.L.",1-30-17301-1,"HELIX, S.R.L.",1-31-39469-8,,EL SILENCIO DE MARCOS TREMMER,2024-12-18,2025-01-15,5100000.0,5100000.0,100.0,127828959.94,62706474.51,1.0,0,,0,,CIPAC-2025-006-EL-SILENCIO-DE-MARCOS-TREMER-DISASHOP-DOMINICANA-S.R.L.pdf
2131,CIPAC-2025-007,2025,,,1186,684,art_34,approved,"BANCO POPULAR DOMINICANO, S. A. BANCO MÚLTIPLE",1-01-01063-2,"HANNAH FILMS, S.R.L.",1-31-97461-9,,AFINADOR DE MELODIAS,2024-12-18,2025-01-15,7000000.0,7000000.0,100.0,39954318.19,37016909.78,1.0,0,,0,,CIPAC-2025-007-AFINADOR-DE-MELODIAS-BANCO-POPULAR-DOMINICANO-S.A.pdf
2132,CIPAC-2025-008,2025,,,1186,684,art_34,approved,"CORPORACIÓN AEROPORTUARIA DEL ESTE, S.A.S.",1-01-09214-9,"HANNAH FILMS, S.R.L.",1-31-97461-9,,AFINADOR DE MELODIAS,2024-12-18,2025-01-15,30000000.0,30000000.0,100.0,39954318.19,37016909.78,0.9,0,,1,producer_rnc|set_manual|null|1-31-97461-9|OCR corrupted label Plgducfor instead of Productor|Resolution PDF header p.1|2026-07-17|JDP,CIPAC-2025-008-AFINADOR-DE-MELODIAS-CORPORACION-AEROPORTUARIA-DEL-ESTE-S.A.S.pdf
2133,CIPAC-2025-009,2025,,,1131,649,art_34,approved,"BANCO POPULAR DOMINICANO, S. A. BANCO MÚLTIPLE",1-01-01063-2,"PLAN K, S.R.L.",1-32-95240-5,,SUEÑOS DORADOS,2024-12-18,2025-01-15,48525645.0,48525645.0,100.0,48551897.0,48532981.0,1.0,0,,0,,CIPAC-2025-009-SUENOS-DORADOS-BANCO-POPULAR-DOMINICANO-S.A.pdf
2134,CIPAC-2025-010,2025,,,1070,627,art_34,approved,"BANCO DE AHORRO Y CRÉDITO BANCOTUI, S.A.",1-04-00200-8,"IMBEXFORD GLOBAL GROUP, S.R.L.",1-32-47836-3,,EL MANGÚ: LA RUTA DEL PLÁTANO,2024-12-19,2025-01-15,2000000.0,2000000.0,100.0,46777859.19,44014372.7,1.0,0,,0,,CIPAC-2025-010-EL-MANGU-LA-RUTA-DEL-PLANO-BANCO-DE-AHORRO-Y-CREDITO-BANCOTUI-S.A.pdf
2135,CIPAC-2025-011,2025,,,1070,627,art_34,approved,"INDUVECA, S.A.",1-22-01122-6,"IMBEXFORD GLOBAL GROUP, S.R.L.",1-32-47836-3,,EL MANGU: LA RUTA DEL PLATANO,2024-12-19,2025-01-15,5000000.0,5000000.0,100.0,46777859.19,44014372.7,1.0,0,,0,,CIPAC-2025-011-EL-MANGU-LA-RUTA-DEL-PLATANO-INDUVECA-S.A.pdf
2136,CIPAC-2025-012,2025,,,1136,597,art_34,approved,"ASOCIACIÓN POPULAR DE AHORROS Y PRÉSTAMOS (APAP), S.A.",4-01-00013-1,"BLIND EYE PRODUCTIONS, S.R.L.",1-32-07948-5,,DENTRO DE MI,2024-12-19,2025-01-15,28922866.0,28922866.0,100.0,30103617.62,28922866.0,0.9,0,,1,producer_rnc|set_manual|null|1-32-07948-5|OCR corrupted label Pr9ductor instead of Productor|Resolution PDF header p.1|2026-07-17|JDP,CIPAC-2025-012-DENTRO-DE-MI-ASOCIACION-POPULAR-DE-AHORROS-Y-PRESTAMOS-APAP-S.A.pdf
2137,CIPAC-2025-013,2025,,,1180,736,art_34,approved,"LEAR INVESTMENTS, S.A.",1-31-29583-5,"CUABA, S.R.L.",1-31-36014-9,,CABAÑAS,2024-12-19,2025-01-15,11000000.0,11000000.0,100.0,25000000.0,11000000.39,1.0,0,,0,,CIPAC-2025-013-CABANAS-LEAR-INVESTMENS-S.A.pdf
2138,CIPAC-2025-014,2025,,,534,239,art_34,approved,"CERVECERÍA NACIONAL DOMINICANA, S.A.",1-01-00372-3,"PRODUCCIONES ATL, S.R.L.",1-31-22321-4,,"A TIRO LIMPIO, LA PELICULA",2024-12-19,2025-01-15,7000000.0,7000000.0,100.0,96563397.0,86000000.0,0.9,0,,1,producer_rnc|set_manual|null|1-31-36014-9|OCR corrupted label Pr9ducfor instead of Productor|Resolution PDF header p.1|2026-07-17|JDP,CIPAC-2025-014-A-TIRO-LIMPIO-LA-PELICULA-CERVECERIA-NACIONAL-DOMINICANA-S.A.pdf
2139,CIPAC-2025-015,2025,,,563,344,art_34,approved,"CERVECERÍA NACIONAL DOMINICANA, S.A.",1-01-00372-3,"LA FICHA FILMS, S.R.L.",1-31-94206-7,,JOSEITO: EL REY DEL MERENGUE,2024-12-19,2025-01-15,10000000.0,10000000.0,100.0,48362570.61,35000000.0,1.0,0,,0,,CIPAC-2025-015-JOSEITO-EL-REY-DEL-MERENGUE-CERVECERIA-NACIONAL-DOMINICANA-S.A.pdf
2140,CIPAC-2025-016,2025,,,1164,700,art_34,approved,"INDUVECA, S.A.",1-22-01122-6,"ESTANDARF FILMS, S.R.L.",1-31-53936-1,,HENRY MOLINA LÍDER SINDICAL INTERNACIONAL,2024-12-19,2025-01-15,14998630.0,14998630.0,100.0,27473270.75,24998630.0,1.0,0,,0,,CIPAC-2025-016-HENRY-MOLINA-LIDER-SINDICAL-INTERNACIONAL-INDUVECA-S.A.pdf
2141,CIPAC-2025-017,2025,,,1164,700,art_34,approved,"MERCASID, S.A.",1-01-80768-7,"ESTANDARF FILMS, S.R.L.",1-31-53936-1,,HENRY MOLINA LÍDER SINDICAL INTERNACIONAL,2024-12-19,2025-01-15,10000000.0,10000000.0,100.0,27473270.75,24998630.0,1.0,0,,0,,CIPAC-2025-017-HENRY-MOLINA-LIDER-SINDICAL-INTERNACIONAL-MERCASID-S.A.pdf
2142,CIPAC-2025-018,2025,,,1176,701,art_34,approved,"INDUVECA, S.A.",1-22-01122-6,"MAFE FILMS, S.R.L.",1-31-02473-4,,EUGENIO,2024-12-19,2025-01-15,4922962.0,4922962.0,100.0,78612370.0,56922967.0,1.0,0,,0,,CIPAC-2025-018-EUGENIO-INDUVECA-S.A.pdf
2143,CIPAC-2025-019,2025,,,1176,701,art_34,approved,"LOTERÍA ELECTRÓNICA INTERNACIONAL DOMINICANA, S.A.",1-01-70527-2,"MAFE FILMS, S.R.L.",1-31-02473-4,,EUGENIO,2024-12-19,2025-01-15,50000000.0,50000000.0,100.0,78612370.0,56922967.0,1.0,0,,0,,CIPAC-2025-019-EUGENIO-LOTERIA-ELECTRONICA-INTERNACIONAL-DOMINICANA-S.A.pdf
2144,CIPAC-2025-020,2025,,,1176,701,art_34,approved,"CONSORCIO ENERGÉTICO PUNTA CANA MACAO, S.A.",1-01-58340-1,"MAFE FILMS, S.R.L.",1-31-02473-4,,EUGENIO,2024-12-19,2025-01-15,2000000.0,2000000.0,100.0,78612370.0,56922967.0,0.9,0,,1,producer_rnc|set_manual|null|1-31-02473-4|OCR corrupted label Pr9ducio¡ instead of Productor|Resolution PDF header p.1|2026-07-17|JDP,CIPAC-2025-020-EUGENIO-CONSORCIO-ENERGETICO-PUNTA-CANA-MACAO-CEPM-S.A.pdf
2145,CIPAC-2025-021,2025,,,1130,636,art_34,approved,"CERVECERÍA NACIONAL DOMINICANA, S.A.",1-01-00372-3,"RADIO CADENA COMERCIAL PICTURES, S.R.L.",1-32-87985-6,,LA RUTA-RECICLAJE DE LA BOTELLA,2024-12-19,2025-01-15,49984106.0,49984106.0,100.0,50000000.0,49995079.0,1.0,0,,0,,CIPAC-2025-021-LA-RUTA-RECICLAJE-DE-LA-BOTELLA-CERVECERIA-NACIONAL-DOMINICANA-S.A.pdf
2146,CIPAC-2025-023,2025,,,1016,611,art_34,approved,"AEROPUERTO INTERNACIONAL DEL CIBAO, S.A.",1-02-61324-9,"VIEWFINDER, S.R.L.",1-30-94190-4,,MATININO,2025-01-07,2025-02-11,4000000.0,4000000.0,100.0,49317971.35,46279018.64,1.0,0,,0,,CIPAC-2025-023-MATININO-AEROPUERTO-INTERNACIONAL-DEL-CIBAO-S.A.pdf
2147,CIPAC-2025-024,2025,,,706,280,art_34,approved,"AEROPUERTO INTERNACIONAL DEL CIBAO, S.A.",1-02-61324-9,"TORO CELESTE, S.R.L.",1-31-38767-5,,MONSTRUOS,2025-01-07,2025-02-11,462260.0,462260.0,100.0,63672892.03,60301458.45,0.9,0,,1,producer_rnc|set_manual|null|1-31-38767-5|OCR corrupted label Pr9ducior instead of Productor|Resolution PDF header p.1|2026-07-17|JDP,CIPAC-2025-024-MONSTRUOS-AEROPUERTO-INTERNACIONAL-DEL-CIBAO-S.A.pdf
2148,CIPAC-2025-025,2025,,,638,405,art_34,approved,"AEROPUERTO INTERNACIONAL DEL CIBAO, S.A.",1-02-61324-9,"COCU FILMS, S.R.L.",1-32-13293-9,,MUNDO DE ISLAS IMAGINADAS,2025-01-07,2025-02-11,6050900.0,6050900.0,100.0,74999030.0,69049361.35,0.9,0,,1,producer_rnc|set_manual|null|1-32-13293-9|OCR corrupted label Pr9ductor instead of Productor|Resolution PDF header p.1|2026-07-17|JDP,CIPAC-2025-025-MUNDO-DE-ISLAS-INMAGINADAS-AEROPUERTO-INTERNACIONAL-DEL-CIBAO-S.A.pdf
2149,CIPAC-2025-026,2025,,,1035,265,art_34,approved,"INDUSTRIA DE PRODUCTOS LÁCTEOS CORONA, S.R.L.",1-30-31858-1,"FÉNIX LEGENDARIO STUDIOS, S.R.L.",1-31-25185-4,,"BORU PELOTA (BÉISBOL, EL LENGUAJE QUE NOS UNE)",2025-01-08,2025-02-11,9000000.0,9000000.0,100.0,28896550.22,19016245.08,1.0,0,,0,,CIPAC-2025-026-BORU-PELOTA-BEISBOL-EL-LENGUAJE-QUE-NOS-UNE-INDUSTRIAS-DE-PRODUCTOS-LACTEOS-CORONA-S.R.L.pdf
2150,CIPAC-2025-028,2025,,,1087,641,art_34,approved,"BANCO POPULAR DOMINICANO, S. A. BANCO MÚLTIPLE",1-01-01063-2,"CACINE FILMS, S.R.L.",1-32-82180-7,,EL HEREDERO,2025-01-09,2025-02-11,49972000.0,49972000.0,100.0,106174091.0,105982273.61,1.0,0,,0,,CIPAC-2025-028-EL-HEREDERO-BANCO-POPULAR-DOMINICANO-S.A.pdf
2151,CIPAC-2025-029,2025,,,1087,641,art_34,approved,"BANCO MÚLTIPLE BDI, S.A.",1-01-04029-7,"CACINE FILMS, S.R.L.",1-32-82180-7,,EL HEREDERO,2025-01-09,2025-02-11,14990785.0,14990785.0,100.0,106174091.0,105982273.61,0.9,0,,1,producer_rnc|set_manual|null|1-32-82180-7|OCR corrupted label Pr9ducfor instead of Productor|Resolution PDF header p.1|2026-07-17|JDP,CIPAC-2025-029-EL-HEREDERO-BANCO-MULTIPLE-B.H.D.pdf
2152,CIPAC-2025-031,2025,,,1064,655,art_34,approved,"PETROMÓVIL, S.A.",1-01-69727-1,"EL PERRO DE ARGENTO, S.R.L.",1-32-96460-8,,NO SALGAS,2025-01-10,2025-02-11,4938223.34,4938223.34,100.0,33112786.03,27535139.68,1.0,0,,0,,CIPAC-2025-031-NO-SALGAS-PETROMOVIL-S.A.pdf
2153,CIPAC-2025-032,2025,,,868,515,art_34,approved,"TRANSPORTE 720, S.R.L.",1-30-17109-2,"FÉNIX LEGENDARIO STUDIOS, S.R.L.",1-31-25185-4,,NUESTRA TIERRA,2025-01-13,2025-02-11,1000000.0,1000000.0,100.0,29551415.15,21301898.61,1.0,0,,0,,CIPAC-2025-032-NUSTRA-TIERRA-TRANSPORTE-720-S.R.L.pdf
2154,CIPAC-2025-033,2025,,,868,515,art_34,approved,"TRANSPORTE MA, S.R.L.",1-30-11886-8,"FÉNIX LEGENDARIO STUDIOS, S.R.L.",1-31-25185-4,,NUESTRA TIERRA,2025-01-13,2025-02-11,2000000.0,2000000.0,100.0,29551415.15,21301898.61,1.0,0,,0,,CIPAC-2025-033-NUESTRA-TIERRA-TRANSPORTE-MA-S.R.L.pdf
2155,CIPAC-2025-034,2025,,,1177,713,art_34,approved,"AFP CRECER, S.A.",1-01-86085-5,"GODRANISS GROUP, S.R.L.",1-31-37909-5,,ANIMALES SALVAJES,2025-01-13,2025-02-11,25000000.0,25000000.0,100.0,72881390.0,70538215.0,1.0,0,,0,,CIPAC-2025-034-ANIMALES-SALVAJES-AFP-CRECER-S.A.pdf
2156,CIPAC-2025-035,2025,,,1177,713,art_34,approved,"ADMINISTRADORA DE FONDOS DE PENSIONES POPULAR, S.A.",1-01-76868-1,"GODRANISS GROUP, S.R.L.",1-31-37909-5,,ANIMALES SALVAJES,2025-01-13,2025-02-11,20637776.0,20637776.0,100.0,72881390.0,70538215.0,1.0,0,,0,,CIPAC-2025-035-ANIMALES-SALVAJES-ADMINISTRADORA-DE-FONDOS-DE-PENSIONES-POPULAR-S.A.pdf
2157,CIPAC-2025-036,2025,,,1177,713,art_34,approved,"PASTEURIZADORA RICA, S.A.",1-01-00441-1,"GODRANISS GROUP, S.R.L.",1-31-37909-5,,ANIMALES SALVAJES,2025-01-13,2025-02-11,5000000.0,5000000.0,100.0,72881390.0,70538215.0,1.0,0,,0,,CIPAC-2025-036-ANIMALES-SALVAJES-PASTEURIZADORA-RICA-S.A.pdf
2158,CIPAC-2025-037,2025,,,1177,713,art_34,approved,"BANCO MÚLTIPLE SANTA CRUZ, S.A.",1-02-01292-1,"GODRANISS GROUP, S.R.L.",1-31-37909-5,,ANIMALES SALVAJES,2025-01-13,2025-02-11,700000.0,700000.0,100.0,72881390.0,70538215.0,1.0,0,,0,,CIPAC-2025-037-ANIMALES-SALVAJES-BANCO-MULTIPLE-SANTA-CRUZ-S.A.pdf
2159,CIPAC-2025-038,2025,,,1177,713,art_34,approved,"TERMO ENVASES, S.A.",1-01-57338-4,"GODRANISS GROUP, S.R.L.",1-31-37909-5,,ANIMALES SALVAJES,2025-01-13,2025-02-11,19200000.0,19200000.0,100.0,72881390.0,70538215.0,0.9,0,,1,producer_rnc|set_manual|null|1-31-37909-5|OCR corrupted label Pr9ducfor instead of Productor|Resolution PDF header p.1|2026-07-17|JDP,CIPAC-2025-038-ANIMALES-SALVAJES-TERMO-ENVASE-S.A.pdf
2160,CIPAC-2025-039,2025,,,1184,717,art_34,approved,"MERCASID, S.A.",1-01-80768-7,"ÁMBAR PRODUCCIONES, S.R.L.",1-33-13984-7,,MEDIA ISLA DE EQUIPAJE,2025-01-15,2025-02-11,5000000.0,5000000.0,100.0,24682863.0,20000000.0,1.0,0,,0,,CIPAC-2025-039-MEDIA-ISLA-DE-EQUIPAJE-MERCASID-S.A.pdf
2161,CIPAC-2025-040,2025,,,1184,717,art_34,approved,"INDUVECA, S.A.",1-22-01122-6,"ÁMBAR PRODUCCIONES, S.R.L.",1-33-13984-7,,MEDIA ISLA DE EQUIPAJE,2025-01-15,2025-02-11,15000000.0,15000000.0,100.0,24682863.0,20000000.0,1.0,0,,0,,CIPAC-2025-040-MEDIA-ISLA-DE-EQUIPAJE-INDUVECA-S.A.pdf
2162,CIPAC-2025-041,2025,,,533,332,art_34,approved,"MAGNA MOTORS, S.A.",1-01-05557-1,"SOLUCIONES DRICARVAC, S.R.L.",1-31-98541-6,,MI LES PAUL,2025-01-17,2025-02-11,2000000.0,2000000.0,100.0,55736970.0,53500100.0,1.0,0,,0,,CIPAC-2025-041-MI-LES-PAUL-MAGNA-MOTORS-S.R.L.pdf
2163,CIPAC-2025-042,2025,,,764,473,art_34,approved,"MAGNA MOTORS, S.A.",1-01-05557-1,"ANTARES CINE & ANIMACIÓN, S.R.L.",1-32-37765-6,,OLIVIA Y LAS NUBES,2025-01-17,2025-02-11,16000000.0,16000000.0,100.0,76173842.57,76000000.0,0.9,0,,1,producer_rnc|set_manual|null|1-32-37765-6|OCR corrupted label Prgductor instead of Productor|Resolution PDF header p.1|2026-07-17|JDP,CIPAC-2025-042-OLIVIA-Y-LAS-NIBES-MAGNA-MOTORS-S.A.pdf
2164,CIPAC-2025-043,2025,,,1158,,art_39,approved,,,"FILM 052, S.R.L.",1-32-51913-2,,THE QUEEN,2025-01-17,2025-02-11,197490503.33,49372625.8,25.0,244681229.0,199251909.0,1.0,0,,0,,CIPAC-2025-043-THE-QUEEN-S-JEWELS-FILMS-052-S.R.L.pdf
2165,CIPAC-2025-044,2025,,,1042,624,art_34,approved,"CERVECERÍA NACIONAL DOMINICANA, S.A.",1-01-00372-3,"EMERGIENDO FILMS, S.R.L.",1-32-83959-5,,EMERGIENDO,2025-01-17,2025-02-11,15000000.0,15000000.0,100.0,46991126.0,45000909.0,1.0,0,,0,,CIPAC-2025-044-EMERGIENDO-CERVECERIA-NACIONAL-DOMINICANA-S.A.pdf
2166,CIPAC-2025-045,2025,,,1092,563,art_34,approved,"CERVECERÍA NACIONAL DOMINICANA, S.A.",1-01-00372-3,"LATINO FILMS, S.R.L.",1-31-28926-6,,LA NOVIA DEL ATLANTICO,2025-01-17,2025-02-11,20000000.0,20000000.0,100.0,98601604.06,79223336.0,0.9,0,,1,"total_budget_approved|set_manual|null|98601604.06|OCR read RD$?8,601,604.06 missing first digit 9|Resolution PDF budget section|2026-07-17|JDP",CIPAC-2025-045-LA-NOVIA-DEL-ATLANTICO-CERVECERIA-NACIONAL-DOMINICANA-S.A.pdf
2167,CIPAC-2025-046,2025,,,1092,563,art_34,approved,"CENTROS DEL CARIBE, S.A.S.",1-01-70451-9,"LATINO FILMS, S.R.L.",1-31-28926-6,,LA NOVIA DEL ATLANTICO,2025-01-17,2025-02-11,5000000.0,5000000.0,100.0,98601604.06,79223336.0,0.9,0,,1,cpnd_number|set_manual|null|563|OCR noise around CPND number in resolution text|Resolution PDF VISTOS section|2026-07-17|JDP,CIPAC-2025-046-LA-NOVIA-DEL-ATLANTICO-CENTROS-DEL-CARIBE-S.A.S.pdf
2168,CIPAC-2025-047,2025,,,1079,569,art_34,approved,"ZETA COMERCIAL, S.R.L.",1-30-57697-1,"LA BODA FILMS, S.R.L.",1-31-88378-8,,JUAN CANELA,2025-01-17,2025-02-11,3000000.0,3000000.0,100.0,54145112.97,47399776.07,1.0,0,,0,,CIPAC-2025-047-JUAN-CANELA-ZETA-COMERCIAL-S.R.L.pdf
2169,CIPAC-2025-048,2025,,,1202,737,art_34,approved,"COPY SOLUTIONS INTERNATIONAL, S.A.",1-01-89885-2,"PUNK FILMS, E.I.R.L.",1-33-02561-2,,LA BREVE HISTORIA DEL PUNK EN LA REPUBLICA DOMINICANA,2025-01-17,2025-02-11,10000000.0,10000000.0,100.0,22868270.34,13000000.0,0.9,0,,1,total_budget_approved|set_manual|null|22868270.34|OCR read R9$ instead of RD$ in budget paragraph|Resolution PDF budget section|2026-07-17|JDP,CIPAC-2025-048-LA-BREVE-HISTORIA-DEL-PUNK-EN-LA-REPUBLICA-DOMINICANA-COPY-SOLUTIONS-INTERNATIONAL-S.A.pdf
2170,CIPAC-2025-049,2025,,,1202,737,art_34,approved,"PROMOCIONES Y PROYECTOS, S.A.",1-01-03587-2,"PUNK FILMS, E.I.R.L.",1-33-02561-2,,LA BREVE HISTORIA DEL PUNK EN LA REPÚBLICA DOMINICANA,2025-01-17,2025-02-11,3000000.0,3000000.0,100.0,22868270.34,13000000.0,1.0,0,,0,,CIPAC-2025-049-LA-BREVE-HISTORIA-DEL-PUNK-EN-LA-REPUBLICA-DOMINICANA-PROMOCIONES-Y-PROYECTOS-S.A.pdf
2171,CIPAC-2025-050,2025,,,1132,694,art_34,approved,"CONSORCIO DE PROYECTOS ELÉCTRICOS, S.R.L.",1-30-42526-4,"LARIMAR SERVICES, S.R.L.",1-31-18319-2,,KIKA Y NITO,2025-01-17,2025-02-11,1000000.0,1000000.0,100.0,38117316.63,5611497.0,1.0,0,,0,,CIPAC-2025-050-KIKA-Y-NITO-CONSORCIO-DE-PROYECTOS-ELECTRICOS-CEPSA-S.R.L.pdf
2172,CIPAC-2025-051,2025,,,1179,729,art_34,approved,"INDUVECA, S.A.",1-22-01122-6,"VEZLOP GROUP, S.R.L.",1-31-66655-8,,CLIMBERS PARADISE,2025-01-17,2025-02-11,7330235.0,7330235.0,100.0,24839235.0,24095188.0,1.0,0,,0,,CIPAC-2025-051-CLIMBERS-PARADISE-INDUVECA-S.A.pdf
2173,CIPAC-2025-052,2025,,,1179,729,art_34,approved,"MERCASID, S.A.",1-01-80768-7,"VEZLOP GROUP, S.R.L.",1-31-66655-8,,CLIMBERS PARADISE,2025-01-17,2025-02-11,6764953.0,6764953.0,100.0,24839235.0,24095188.0,1.0,0,,0,,CIPAC-2025-052-CLIMBERS-PARADISE-MERCASID-S.A.pdf
2174,CIPAC-2025-053,2025,,,1179,729,art_34,approved,"PASTEURIZADORA RICA, S.A.",1-01-00441-1,"VEZLOP GROUP, S.R.L.",1-31-66655-8,,CLIMBERS PARADISE,2025-01-17,2025-02-11,10000000.0,10000000.0,100.0,24839235.0,24095188.0,1.0,0,,0,,CIPAC-2025-053-CLIMBERS-PARADISE-PASTEURIZADORA-RICA-S.A.pdf
2175,CIPAC-2025-054,2025,,,1197,707,art_34,approved,"CERVECERÍA NACIONAL DOMINICANA, S.A.",1-01-00372-3,"CACIQUE FILMS, S.R.L.",1-31-09766-9,,LA CARNADA,2025-01-17,2025-02-11,12989339.0,12989339.0,100.0,25000000.0,25000000.0,0.8,0,,1,validated_amount_dop|set_manual|null|12989339.00|OCR split paragraph across pages losing amount|Resolution PDF PRIMERO section p.4-5|2026-07-17|JDP;;tax_credit_dop|set_manual|null|12989339.00|Art.34 tax credit equals validated amount|Resolution PDF SEGUNDO section|2026-07-17|JDP,CIPAC-2025-054-LA-CARNADA-CERVECERIA-NACIONAL-DOMINICANA-S.A.pdf
2176,CIPAC-2025-055,2025,,,1038,630,art_34,approved,"FERNÁNDEZ GARRIDO, S.A.S.",1-01-02316-3,"SKY FILMS, S.R.L.",1-31-72360-8,,MARCAS EMBLEMÁTICAS 2,2025-01-17,2025-02-11,3500000.0,3500000.0,100.0,36872434.0,23503111.0,1.0,0,,0,,CIPAC-2025-055-MARCAS-EMBLEMATICAS-II-FERNANDEZ-GARRIDO-S.A.S.pdf
2177,CIPAC-2025-056,2025,,,1182,720,art_34,approved,"PASTEURIZADORA RICA, S.A.",1-01-00441-1,"SKY FILMS, S.R.L.",1-31-72360-8,,EL LEGADO DE SAN PEDRO,2025-01-17,2025-02-11,24862859.0,24862859.0,100.0,25000000.0,24903880.0,1.0,0,,0,,CIPAC-2025-056-EL-LEGADO-DE-SAN-PEDRO-PASTEURIZADORA-RICA-S.A.pdf
2178,CIPAC-2025-057,2025,,,1159,659,art_34,approved,"AFP CRECER, S.A.",1-01-86085-5,"FAULA FILMS, S.R.L.",1-30-89356-1,,MOLECULA,2025-01-17,2025-02-11,2500000.0,2500000.0,100.0,34488971.96,32003107.0,1.0,0,,0,,CIPAC-2025-057-MOLECULA-AFP-CRECER-S.A.pdf
2179,CIPAC-2025-058,2025,,,1159,659,art_34,approved,"TOTALENERGIES MARKETING DOMINICANA, S.A.",1-01-06874-4,"FAULA FILMS, S.R.L.",1-30-89356-1,,MOLECULA,2025-01-17,2025-02-11,9500000.0,9500000.0,100.0,34488971.96,32003107.0,0.9,0,,1,producer_rnc|set_manual|null|1-30-89356-1|OCR corrupted label Fr9ducior instead of Productor|Resolution PDF header p.1|2026-07-17|JDP,CIPAC-2025-058-MOLECULA-TOTALENERGIES-MARKETING-DOMINICANA-S.A.pdf
2180,CIPAC-2025-059,2025,,,1062,657,art_34,approved,"MERCASID, S.A.",1-01-80768-7,"ONICE FILMS, S.R.L.",1-32-97122-1,,DUARTE CON PARÍS,2024-12-11,2025-02-11,6400000.0,6400000.0,100.0,31478666.9,28302190.97,1.0,0,,0,,CIPAC-2025-059-DUARTE-CON-PARIS-MERCASID-S.A.pdf
2181,CIPAC-2025-060,2025,,,1062,657,art_34,approved,"INDUVECA, S.A.",1-22-01122-6,"ONICE FILMS, S.R.L.",1-32-97122-1,,DUARTE CON PARÍS,2024-12-11,2025-02-11,1901712.8,1901712.8,100.0,31478666.9,28302190.97,1.0,0,,0,,CIPAC-2025-060-DUARTE-CON-PARIS-INDUVECA-S.A.pdf
2182,CIPAC-2025-061,2025,,,1148,680,art_34,approved,"LABELS CARIBE, INC",1-30-70227-6,"DR RELEASE FILMS, S.R.L.",1-32-93849-6,,RELEASE,2025-01-20,2025-02-25,1500000.0,1500000.0,100.0,63381163.84,54000362.45,1.0,0,,0,,CIPAC-2025-061-RELEASE-LABELS-CARIBE-INC.pdf
2183,CIPAC-2025-062,2025,,,1148,680,art_34,approved,"RAVI CARIBE, S.A.",1-30-28788-2,"DR RELEASE FILMS, S.R.L.",1-32-93849-6,,RELEASE,2025-01-20,2025-02-25,3000000.0,3000000.0,100.0,63381163.84,54000362.45,1.0,0,,0,,CIPAC-2025-062-RELEASE-RAVI-CARIBE-S.A.pdf
2184,CIPAC-2025-063,2025,,,1148,680,art_34,approved,"PUERTO PLATA DE ELECTRICIDAD, S.A.S.",1-01-54533-1,"DR RELEASE FILMS, S.R.L.",1-32-93849-6,,RELEASE,2025-01-20,2025-02-25,2500000.0,2500000.0,100.0,63381163.84,54000362.45,0.9,0,,1,investor_rnc|set_manual|null|1-01-54533-1|OCR read RN:C: instead of R.N.C.|Resolution PDF header p.1|2026-07-17|JDP,CIPAC-2025-063-RELEASE-PUERTO-PLATA-DE-ELECTRICIDAD-S.A.S.pdf
2185,CIPAC-2025-064,2025,,,1137,663,art_34,approved,"CERVECERÍA NACIONAL DOMINICANA, S.A.",1-01-00372-3,"ME CASO CON TU EX FILMS, S.R.L.",1-32-80854-1,,ME CASO CON TU EX,2025-01-22,2025-02-25,25000000.0,25000000.0,100.0,99186245.0,96682153.03,1.0,0,,0,,CIPAC-2025-064-ME-CASO-TU-EX-CERVECERIA-NACIONAL-DOMINICANA-S.A.pdf
2186,CIPAC-2025-065,2025,,,1137,663,art_34,approved,"CENTRO CUESTA NACIONAL, S.A.S.",1-01-01992-1,"ME CASO CON TU EX FILMS, S.R.L.",1-32-80854-1,,ME CASO CON TU EX,2025-01-22,2025-02-25,10000000.0,10000000.0,100.0,99186245.0,96682153.03,1.0,0,,0,,CIPAC-2025-065-ME-CASO-CON-TU-EX-CENTRO-CUESTA-NACIONAL-S.A.S.pdf
2187,CIPAC-2025-066,2025,,,1137,663,art_34,approved,"ADMINISTRADORA DE RIESGOS DE SALUD FUTURO, S.A.",1-01-55754-2,"ME CASO CON TU EX FILMS, S.R.L.",1-32-80854-1,,ME CASO CON TU EX,2025-01-22,2025-02-25,10000000.0,10000000.0,100.0,99186245.0,96682153.03,1.0,0,,0,,CIPAC-2025-066-ME-CASO-CON-TU-EX-ADMINISTRADORA-DE-RIESGOS-DE-SALUD-FUTURA-S.A.pdf
2188,CIPAC-2025-067,2025,,,1137,663,art_34,approved,"LA COLONIAL, S.A. - COMPANÍA DE SEGUROS",1-01-03122-2,"ME CASO CON TU EX FILMS, S.R.L.",1-32-80854-1,,ME CASO CON TU EX,2025-01-22,2025-02-25,15000000.0,15000000.0,100.0,99186245.0,96682153.03,1.0,0,,0,,CIPAC-2025-067-ME-CASO-CON-TU-EX-LA-COLONIAL-S.A.pdf
2189,CIPAC-2025-068,2025,,,1137,663,art_34,approved,"CÉSAR IGLESIAS, S.A.",1-01-01938-7,"ME CASO CON TU EX FILMS, S.R.L.",1-32-80854-1,,ME CASO CON TU EX,2025-01-22,2025-02-25,15000000.0,15000000.0,100.0,99186245.0,96682153.03,1.0,0,,0,,CIPAC-2025-068-ME-CASO-CON-TU-EX-CESAR-IGLESIAS-S.A.pdf
2190,CIPAC-2025-069,2025,,,1137,663,art_34,approved,"A.V. BLANDINO & CIA, S.A.",1-01-00015-5,"ME CASO CON TU EX FILMS, S.R.L.",1-32-80854-1,,ME CASO CON TU EX,2025-01-22,2025-02-25,2250000.0,2250000.0,100.0,99186245.0,96682153.03,1.0,0,,0,,CIPAC-2025-069-ME-CASO-CON-TU-EX-AV.-BLANDINO-Y-CIA-S.A.pdf
2191,CIPAC-2025-070,2025,,,1137,663,art_34,approved,"CAMORUCO GROUP, S.A.S.",1-31-10447-9,"ME CASO CON TU EX FILMS, S.R.L.",1-32-80854-1,,ME CASO CON TU EX,2025-01-22,2025-02-25,1750000.0,1750000.0,100.0,99186245.0,96682153.03,1.0,0,,0,,CIPAC-2025-070-ME-CASO-CON-TU-EX-CAMORUCO-GROUP-S.A.S.pdf
2192,CIPAC-2025-071,2025,,,1137,663,art_34,approved,"GRUPO CAROL, S.A.S.",1-01-87186-5,"ME CASO CON TU EX FILMS, S.R.L.",1-32-80854-1,,ME CASO CON TU EX,2025-01-22,2025-02-25,4000000.0,4000000.0,100.0,99186245.0,96682153.03,1.0,0,,0,,CIPAC-2025-071-ME-CASO-CON-TU-EX-GRUPO-CAROL-S.A.S.pdf
2193,CIPAC-2025-072,2025,,,1137,663,art_34,approved,"QUALA DOMINICANA, S.A.",1-01-74167-8,"ME CASO CON TU EX FILMS, S.R.L.",1-32-80854-1,,ME CASO CON TU EX,2025-01-22,2025-02-25,9473393.03,9473393.03,100.0,99186245.0,96682153.0,1.0,0,,0,,CIPAC-2025-072-ME-CASO-CON-TU-EX-QUALA-DOMINICANA-S.A.pdf
2194,CIPAC-2025-073,2025,,,1141,449,art_34,approved,"ADMINISTRADORA DE FONDOS DE PENSIONES RESERVAS, S.A.",1-01-86939-9,"SANKY PANKY 4 DE SAFARI, S.R.L.",1-31-00358-3,,SANKY PANKY 4: DE SAFARI,2025-01-22,2025-02-25,4900000.0,4900000.0,100.0,98567573.38,69897506.0,1.0,0,,0,,CIPAC-2025-073-SANKI-PANKI-4-DE-SAFARI-ADMINISTRADORA-DE-FONDOS-DE-PENSIONES-RESERVAS-S.A.pdf
2195,CIPAC-2025-074,2025,,,1141,449,art_34,approved,"BANCO MÚLTIPLE BHD, S.A.",1-01-13679-2,"SANKY PANKY 4 DE SAFARI, S.R.L.",1-31-00358-3,,SANKY PANKY 4: DE SAFARI,2025-01-22,2025-02-25,15000000.0,15000000.0,100.0,98567573.38,69897506.0,1.0,0,,0,,CIPAC-2025-074-SANKY-PANKY-4-DE-SAFARI-BANCO-MULTIPLE-BHD-S.A.pdf
2196,CIPAC-2025-075,2025,,,1141,449,art_34,approved,"EQUIPOS & CONSTRUCCIONES DEL CIBAO, S.R.L.",1-02-33399-8,"SANKY PANKY 4 DE SAFARI, S.R.L.",1-31-00358-3,,SANKY PANKY 4: DE SAFARI,2025-01-22,2025-02-25,10000000.0,10000000.0,100.0,98567573.38,69897506.0,0.9,0,,1,producer_rnc|set_manual|null|1-31-00358-3|OCR corrupted label Pr9ducfor instead of Productor|Resolution PDF header p.1|2026-07-17|JDP,CIPAC-2025-075-SANKY-PANKY-4-DE-SAFARI-EQUIPOS-Y-CONSTRUCCIONES-DE-CIBAO-S.R.L.pdf
2197,CIPAC-2025-076,2025,,,1141,449,art_34,approved,"INGENIERIA ESTRELLA, S.A.",1-02-31881-6,"SANKY PANKY 4 DE SAFARI, S.R.L.",1-31-00358-3,,SANKY PANKY 4: DE SAFARI,2025-01-22,2025-02-25,5000000.0,5000000.0,100.0,98567573.38,69897506.0,1.0,0,,0,,CIPAC-2025-076-SANKY-PANKY-4-DE-SAFARI-INGENIERIA-ESTRELLA-S.A.pdf
2198,CIPAC-2025-077,2025,,,1141,449,art_34,approved,"PACIFIC ASSETS, CORP",1-22-01963-4,"SANKY PANKY 4 DE SAFARI, S.R.L.",1-31-00358-3,,SANKY PANKY 4: DE SAFARI,2025-01-22,2025-02-25,10000000.0,10000000.0,100.0,98567573.38,69897506.0,1.0,0,,0,,CIPAC-2025-077-SANKY-PANKY-4-DE-SAFARI-PACIFIC-ASSETS-CORP.pdf
2199,CIPAC-2025-078,2025,,,1141,449,art_34,approved,"CONSORCIO MINERO DOMINICANO, S.A.",1-30-03639-1,"SANKY PANKY 4 DE SAFARI, S.R.L.",1-31-00358-3,,SANKY PANKY 4: DE SAFARI,2025-01-22,2025-02-25,5000000.0,5000000.0,100.0,98567573.38,69897506.0,1.0,0,,0,,CIPAC-2025-078-SANKY-PANKY-4-DE-SAFARI-CONSORCIO-MINERO-DOMINICANO-S.A.pdf
2200,CIPAC-2025-079,2025,,,1141,449,art_34,approved,"PETROMÓVIL, S.A.",1-01-69727-1,"SANKY PANKY 4 DE SAFARI, S.R.L.",1-31-00358-3,,SANKY PANKY 4: DE SAFARI,2025-01-22,2025-02-25,19997506.44,19997506.44,100.0,98567573.38,69897506.0,1.0,0,,0,,CIPAC-2025-079-SANKY-PANKY-4-DE-SAFARI-PETROMOVIL-S.A.pdf
2201,CIPAC-2025-080,2025,,,1073,549,art_34,approved,"CONSORCIO ENERGÉTICO PUNTA CANA MACAO, S.A.",1-01-58340-1,"FOGÓN FILMS, S.R.L.",1-32-98131-6,,LAS JEFAS,2025-01-23,2025-02-25,1000000.0,1000000.0,100.0,55797743.77,48436522.25,0.9,0,,1,producer_rnc|set_manual|null|1-32-98131-6|OCR corrupted label Prgducfor instead of Productor|Resolution PDF header p.1|2026-07-17|JDP,CIPAC-2025-080-LAS-JEFAS-CONSORCIO-ENERGETICO-PUNTA-CANA-MACAO-CEPM-S.A.pdf
2202,CIPAC-2025-081,2025,,,1190,744,art_34,approved,"CARIBETRANS, S.A.S.",1-01-03496-3,"DUHO CINEMA, S.R.L.",1-31-29320-4,,HURACAN,2025-01-27,2025-02-25,800000.0,800000.0,100.0,24998723.76,20000000.0,1.0,0,,0,,CIPAC-2025-081-HURACAN-CARIBETRANS-S.A.S.pdf
2203,CIPAC-2025-082,2025,,,1190,744,art_34,approved,"MARÍTIMA DOMINICANA, S.A.S.",1-01-02960-9,"DUHO CINEMA, S.R.L.",1-31-29320-4,,HURACAN,2025-01-27,2025-02-25,12000000.0,12000000.0,100.0,24998723.76,20000000.0,1.0,0,,0,,CIPAC-2025-082-HURACAN-MARITIMA-DOMINICANA-S.A.S.pdf
2204,CIPAC-2025-083,2025,,,1167,725,art_34,approved,"BANCO POPULAR DOMINICANO, S. A. BANCO MÚLTIPLE",1-01-01063-2,"REGENCY FILMS 16, S.R.L.",1-33-14711-4,,BANO DE MUJERES,2025-01-27,2025-02-25,45515668.0,45515668.0,100.0,105318790.0,87534177.32,1.0,0,,0,,CIPAC-2025-083-BANO-DE-MUJERES-BANCO-POPULAR-DOMINICANA-S.A.pdf
2205,CIPAC-2025-084,2025,,,1167,725,art_34,approved,"CERVECERÍA NACIONAL DOMINICANA, S.A.",1-01-00372-3,"REGENCY FILMS 16, S.R.L.",1-33-14711-4,,BAÑO DE MUJERES,2025-01-27,2025-02-25,20000000.0,20000000.0,100.0,105318790.0,87534177.32,1.0,0,,0,,CIPAC-2025-084-BANO-DE-MUJERES-CERVECERIA-NACIONAL-DOMINICANA-S.A.pdf
2206,CIPAC-2025-085,2025,,,1167,725,art_34,approved,"HAGE CONSTRUCTORA, S.A.S.",1-01-57115-2,"REGENCY FILMS 16, S.R.L.",1-33-14711-4,,BANO DE MUJERES,2025-01-27,2025-02-25,10000000.0,10000000.0,100.0,105318790.0,87534177.32,1.0,0,,0,,CIPAC-2025-085-BANO-DE-MUJERES-HAGE-CONSTRUCTORA-S.R.L.pdf
2207,CIPAC-2025-086,2025,,,1167,725,art_34,approved,"AEROPUERTO INTERNACIONAL DEL CIBAO, S. A.",1-02-61324-9,"REGENCY FILMS 16, S.R.L.",1-33-14711-4,,BANO DE MUJERES,2025-01-27,2025-02-25,12000000.0,12000000.0,100.0,105318790.0,87534177.32,1.0,0,,0,,CIPAC-2025-086-BANO-DE-MUJERES-AEROPUERTO-INTERNACIONAL-DEL-CIBAO-S.A.pdf
2208,CIPAC-2025-087,2025,,,1205,747,art_34,approved,"MAGNA MOTORS, S.A.",1-01-05557-1,"YOHIMA, S.R.L.",1-32-12919-9,,LAS FLORES,2025-01-31,2025-02-25,24993296.0,24993296.0,100.0,24993749.7,24993749.7,1.0,0,,0,,CIPAC-2025-087-LAS-FLORES-MAGNA-MOTORS-S.A.pdf
2209,CIPAC-2025-088,2025,,,728,463,art_34,approved,"AGREGADOS Y CONSTRUCCIONES MORA ROSARIO, S.R.L.",1-31-88160-2,"DOMINICAN NIGHTSCAPE, S.R.L.",1-32-23885-2,,BUTYTO,2025-01-31,2025-02-25,1000000.0,1000000.0,100.0,66943888.5,24999074.0,1.0,0,,0,,CIPAC-2025-088-BUTYTO-AGREGADOS-Y-CONSTRUCCIONES-MORA-ROSARIO-S.R.L.pdf
2210,CIPAC-2025-089,2025,,,728,463,art_34,approved,"ENK WORLD, S.R.L.",1-31-95061-2,"DOMINICAN NIGHTSCAPE, S.R.L.",1-32-23885-2,,BUTYTO,2025-01-31,2025-02-25,750000.0,750000.0,100.0,66943888.5,24999074.0,1.0,0,,0,,CIPAC-2025-089-BUTYTO-ENK-WORLD-S.R.L.pdf
2211,CIPAC-2025-090,2025,,,728,463,art_34,approved,"ENNOVA, S.R.L.",1-30-84069-5,"DOMINICAN NIGHTSCAPE, S.R.L.",1-32-23885-2,,BUTYTO,2025-01-31,2025-02-25,1000000.0,1000000.0,100.0,66943888.5,24999074.0,1.0,0,,0,,CIPAC-2025-090-BUTYTO-ENNOVA-S.R.L.pdf
2212,CIPAC-2025-091,2025,,,728,463,art_34,approved,MEK TECHNOLOGY S.R.L.,1-31-95094-9,"DOMINICAN NIGHTSCAPE, S.R.L.",1-32-23885-2,,BUTYTO,2025-01-31,2025-02-25,750000.0,750000.0,100.0,66943888.5,24999074.0,1.0,0,,0,,CIPAC-2025-091-BUTYTO-MEK-TECHNOLOGY-S.R.L.pdf
2213,CIPAC-2025-092,2025,,,1189,724,art_34,approved,"BANCO POPULAR DOMINICANO, S. A. BANCO MÚLTIPLE",1-01-01063-2,"ORGULLO DE QUISQUEYA, S.R.L.",1-32-43935-1,,LA HISTORIA DE MARILEIDY PAULINO,2025-01-31,2025-02-25,20000000.0,20000000.0,100.0,99500000.0,40000000.0,1.0,0,,0,,CIPAC-2025-092-LA-HISTORIA-DE-MARILEIDY-PAULINO-BANCO-POPUAR-DOMINICANO-S.A-.pdf
2214,CIPAC-2025-093,2025,,,1189,724,art_34,approved,"INGENIERIA ESTRELLA, S.A.",1-02-31881-6,"ORGULLO DE QUISQUEYA, S.R.L.",1-32-43935-1,,LA HISTORIA DE MARILEIDY PAULINO,2025-01-31,2025-02-25,5000000.0,5000000.0,100.0,99500000.0,40000000.0,0.9,0,,1,"total_budget_approved|set_manual|null|99500000.00|OCR read RD$?9,500,000.00 missing first digit 9|Resolution PDF budget section|2026-07-17|JDP",CIPAC-2025-093-LA-HISTORIA-DE-MARILEIDY-PAULINO-INGENIERIA-ESTRELLA-S.A.pdf
2215,CIPAC-2025-094,2025,,,1189,724,art_34,approved,"LEAR INVESTMENTS, S.A.",1-31-29583-5,"ORGULLO DE QUISQUEYA, S.R.L.",1-32-43935-1,,LA HISTORIA DE MARILEIDY PAULINO,2025-01-31,2025-02-25,10000000.0,10000000.0,100.0,99500000.0,40000000.0,1.0,0,,0,,CIPAC-2025-094-LA-HISTORIA-DE-MARILEIDY-PAULINO-LEAR-INVESTMENST-S.A.pdf
2216,CIPAC-2025-095,2025,,,1189,724,art_34,approved,"PASTEURIZADORA RICA, S.A.",1-01-00441-1,"ORGULLO DE QUISQUEYA, S.R.L.",1-32-43935-1,,LA HISTORIA DE MARILEIDY PAULINO,2025-01-31,2025-02-25,5000000.0,5000000.0,100.0,99500000.0,40000000.0,1.0,0,,0,,CIPAC-2025-095-LA-HISTORIA-DE-MARILEIDY-PAULINO-PASTEURIZADORA-RICA-S.A.pdf
2217,CIPAC-2025-096,2025,,,901,496,art_34,approved,"AEROPUERTO INTERNACIONAL DEL CIBAO, S.A.",1-02-61324-9,"CARDO SANTO PRODUCCIONES, S.R.L.",1-31-70634-7,,LA BACHATA DEL BIÓNICO,2025-01-31,2025-02-25,1700000.0,1700000.0,100.0,39946527.0,38440542.23,1.0,0,,0,,CIPAC-2025-096-LA-BACHATA-DEL-BIONICO-AEROPUERTO-INTERNACIONAL-DEL-CIBAO-S.A.pdf
2218,CIPAC-2025-097,2025,,,1190,744,art_34,approved,"SINERCON, S.A.",1-01-65694-8,"DUHO CINEMA, S.R.L.",1-31-29320-4,,HURACAN,2025-02-03,2025-02-25,4991148.3,4991148.3,100.0,24998723.76,24998959.66,0.9,0,,1,investor_rnc|set_manual|null|1-01-65694-8|OCR read l-01-656j)4-8 with digit/letter confusion|Resolution PDF header p.1|2026-07-17|JDP,CIPAC-2025-097-HURACAN-SINERCON-S.A.pdf
2219,CIPAC-2025-098,2025,,,1203,517,art_34,approved,"GP CAPITAL PARTNERS, S.R.L.",1-31-77504-7,"LOS ANGELES FILM AND TV, S.R.L.",1-32-45387-5,,NIÑOS DE CRISTO,2025-02-03,2025-02-25,320000.0,320000.0,100.0,17922026.0,13553230.38,1.0,0,,0,,CIPAC-2025-098-NINOS-DE-CRISTO-GP-CAPITAL-PARTNERS-S.R.L.pdf
2220,CIPAC-2025-099,2025,,,1203,517,art_34,approved,"COMPAÑIA DE ELECTRICIDAD DE BAYAHIBE, S.A.",1-01-83915-5,"LOS ANGELES FILM AND TV, S.R.L.",1-32-45387-5,,NIÑOS DE CRISTO,2025-02-03,2025-02-25,9000000.0,9000000.0,100.0,17922026.0,13553230.38,1.0,0,,0,,CIPAC-2025-099-NINOS-DE-CRISTO-COMPANIA-DE-ELECTRICIDAD-DE-BAYAHIBE-S.A.pdf
2221,CIPAC-2025-100,2025,,,1203,517,art_34,approved,"INTEGRAMEDICA, S.R.L.",1-30-74840-3,"LOS ANGELES FILM AND TV, S.R.L.",1-32-45387-5,,NIÑOS DE CRISTO,2025-02-03,2025-02-25,1000000.0,1000000.0,100.0,17922026.0,13553230.38,1.0,0,,0,,CIPAC-2025-100-NINOS-DE-CRISTO-INTEGRAMEDICA-S.R.L.pdf
2222,CIPAC-2025-101,2025,,,1203,517,art_34,approved,"VALARIS SEGUROS Y REASEGUROS, S.R.L.",1-30-07081-4,"LOS ANGELES FILM AND TV, S.R.L.",1-32-45387-5,,NIÑOS DE CRISTO,2025-02-03,2025-02-25,108230.38,108230.38,100.0,17922026.0,13553230.38,1.0,0,,0,,CIPAC-2025-101-NINOS-DE-CRISTO-PAIS-FERNANDEZ-Y-ASOCIADOS-S.R.L.pdf
2223,CIPAC-2025-102,2025,,,1203,517,art_34,approved,"SOVENTIX CARIBBEAN, S.R.L.",1-31-20032-1,"LOS ANGELES FILM AND TV, S.R.L.",1-32-45387-5,,NIÑOS DE CRISTO,2025-02-03,2025-02-25,1000000.0,1000000.0,100.0,17922026.0,13553230.38,1.0,0,,0,,CIPAC-2025-102-NINOS-DE-CRISTO-SOVENTIX-CARIBBEAN-S.R.L.pdf
2224,CIPAC-2025-103,2025,,,1185,580,art_34,approved,"COMPANÍA DOMINICANA DE TELÉFONOS, S.A.",1-01-00157-7,"ARDE PRODUCCIONES, S.R.L.",1-32-71963-8,,AIRE,2025-02-03,2025-02-25,83883539.38,83883539.38,100.0,84595313.0,83925761.91,1.0,0,,0,,CIPAC-2025-103-AIRE-COMPANIA-DOMINICANA-DE-TELEFONOS-S.A.pdf
2225,CIPAC-2025-104,2025,,,1187,745,art_34,approved,"LABORATORIOS DE APLICACIONES MÉDICAS, S.A.",1-01-16846-3,"YG VEGA PICTURES, S.R.L.",1-33-14478-6,,EL VISITADOR,2025-02-03,2025-02-25,65000000.0,65000000.0,100.0,74999987.68,65000000.0,1.0,0,,0,,CIPAC-2025-104-EL-VISITADOR-LABORATORIO-DE-APLICACIONES-MEDICAS-S.A.pdf
2226,CIPAC-2025-105,2025,,,1099,668,art_34,approved,"COBINCA, S.A.",1-01-19447-2,"IMAGEN 3, S.R.L.",1-32-58694-8,,A LA HORA EXACTA,2025-02-03,2025-02-25,20000000.0,20000000.0,100.0,39609367.79,30250840.98,0.9,0,,1,producer_rnc|set_manual|null|1-32-58694-8|OCR corrupted label Pr9ducfor instead of Productor|Resolution PDF header p.1|2026-07-17|JDP,CIPAC-2025-105-A-LA-HORS-EXACTA-COBINCA-S.A.pdf
2227,CIPAC-2025-106,2025,,,1099,868,art_34,approved,"DISASHOP DOMINICANA, S.R.L.",1-30-17301-1,"IMAGEN 3, S.R.L.",1-32-58694-8,,A LA HORA EXACTA,2025-02-03,2025-02-25,1500000.0,1500000.0,100.0,39609367.79,30250840.98,1.0,0,,0,,CIPAC-2025-106-A-LA-HORS-EXACTA-DISASHOP-DOMINICANA-S.R.L.pdf
2228,CIPAC-2025-107,2025,,,1099,868,art_34,approved,"DUCTO LIMPIO S D, S.R.L.",1-30-09737-2,"IMAGEN 3, S.R.L.",1-32-58694-8,,A LA HORA EXACTA,2025-02-03,2025-02-25,250000.0,250000.0,100.0,39609367.79,30250840.98,1.0,0,,0,,CIPAC-2025-107-A-LA-HORA-EXACTA-DUCTO-LIMPIO-SD-S.R.L.pdf
2229,CIPAC-2025-108,2025,,,1099,668,art_34,approved,"CENTRO DE TERAPIA FÍSICA Y REHABILITACIÓN RENEW, S.R.L.",1-31-43495-9,"IMAGEN 3, S.R.L.",1-32-58694-8,,A LA HORA EXACTA,2025-02-03,2025-02-25,2000000.0,2000000.0,100.0,39609367.79,30250840.98,1.0,0,,0,,CIPAC-2025-108-A-LA-HORA-EXACTA-CENTRO-DE-TERAPIA-FISICA-T-REHABILITACION-RENEW-S.R.L.pdf
2230,CIPAC-2025-109,2025,,,1150,709,art_34,approved,"BANCO POPULAR DOMINICANO, S. A. BANCO MÚLTIPLE",1-01-01063-2,"BAHÍA CAREY FILMS, S.R.L.",1-32-67051-5,,SANA Y SALVA,2025-01-17,2025-02-25,39730000.0,39730000.0,100.0,67969976.0,40062088.14,0.9,0,,1,producer_rnc|set_manual|null|1-32-67051-5|OCR corrupted label Pr9ductor instead of Productor|Resolution PDF header p.1|2026-07-17|JDP,CIPAC-2025-109-SANA-Y-SALVA-BANCO-POPULAR-DOMINICANA-S.A.pdf
2231,CIPAC-2025-111,2025,,,1151,712,art_34,approved,"CONTIGO SOLUCIONES, S.A.S.",1-31-86702-2,"MOSTLY 001, S.R.L.",1-33-07904-6,,A MARTE,2025-02-06,2025-03-11,600000.0,600000.0,100.0,54225348.98,30600000.0,0.9,0,,1,producer_rnc|set_manual|null|1-33-07904-6|OCR corrupted label Pr9ducior instead of Productor|Resolution PDF header p.1|2026-07-17|JDP,CIPAC-2025-111-A-MARTE-CONTIGO-SOLUCIONES-S.A.S.pdf
2232,CIPAC-2025-112,2025,,,1191,686,art_34,approved,"AUTO EUROPA, S.A.",1-01-79064-4,"BOHUCO FILMS, S.R.L.",1-32-92636-6,,JULIQUEO DOMINICANO,2025-02-12,2025-03-11,20000000.0,20000000.0,100.0,54523833.75,33000000.0,0.8,0,,1,investor_rnc|set_manual|null|1-01-79064-4|OCR read REN:C:: instead of R.N.C.|Resolution PDF header p.1|2026-07-17|JDP;;producer_rnc|set_manual|null|1-32-92636-6|OCR corrupted label Pr9ducior instead of Productor|Resolution PDF header p.1|2026-07-17|JDP,CIPAC-2025-112-JULIQUEO-DOMINICANO-AUTO-EUROPA-S.A.pdf
2233,CIPAC-2025-113,2025,,,1146,689,art_34,approved,"ALMACENES IBERIA, S.R.L.",1-11-00047-5,"JOYADISE, S.R.L.",1-31-56995-1,,LA CHERCHA,2025-02-12,2025-03-11,6800000.0,6800000.0,100.0,16985583.33,15608889.7,1.0,0,,0,,CIPAC-2025-113-LA-CHERCHA-ALMACENES-IBERIA-S.R.L.pdf
2234,CIPAC-2025-114,2025,,,1099,668,art_34,approved,"ALMACENES IBERIA, S.R.L.",1-11-00047-5,"IMAGEN 3, S.R.L.",1-32-58694-8,,A LA HORA EXACTA,2025-02-12,2025-03-11,8300000.0,8300000.0,100.0,39609367.79,38574827.11,1.0,0,,0,,CIPAC-2025-114-A-LA-HORA-EXACTA-ALMACENES-IBERIA-S.R.L.pdf
2235,CIPAC-2025-115,2025,,,909,398,art_34,approved,"ESPAILLAT MOTORS, S.R.L.",1-06-01237-8,"LOLO FILMS, S.R.L.",1-32-02470-2,,LA GRANDE,2025-02-12,2025-03-11,1986311.0,1986311.0,100.0,102171685.08,101186311.0,1.0,0,,0,,CIPAC-2025-115-LA-GRANDE-ESPAILLAT-MOTORS-S.R.L.pdf
2236,CIPAC-2025-116,2025,,,1140,706,art_34,approved,"EDITORA EL NUEVO DIARIO, S.A.",1-01-10050-8,"METRO FILMS, S.R.L.",1-30-97291-5,,HISTORIA DE LA MÚSICA DOMINICANA II (LA BACHATA),2025-02-13,2025-03-11,1496689.0,1496689.0,100.0,23600319.51,1496689.0,1.0,0,,0,,CIPAC-2025-116-HISTORIA-DE-LA-MUSICA-DOMINICANA-II-LA-BACHATA-EDITORA-EL-NUEVO-DIARIO-S.A.pdf
2237,CIPAC-2025-117,2025,,,1203,517,art_34,approved,"DOMIS CONSTRUCTORA CHIARAMIDA, S.R.L.",1-32-16410-5,"LOS ANGELES FILM AND TV, S.R.L.",1-32-45387-5,,NIÑOS DE CRISTO,2025-02-13,2025-03-11,1375000.0,1375000.0,100.0,17922026.0,13553230.38,1.0,0,,0,,CIPAC-2025-117-NINOS-DE-CRISTO-DOMIS-CONSTRUCTORA-CHIARAMIDA-S.R.L.pdf
2238,CIPAC-2025-118,2025,,,1203,517,art_34,approved,"ESMERALDA GROUP EGP, S.R.L.",1-31-96446-1,"LOS ANGELES FILM AND TV, S.R.L.",1-32-45387-5,,NIÑOS DE CRISTO,2025-02-13,2025-03-11,750000.0,750000.0,100.0,17922026.0,13553230.38,1.0,0,,0,,CIPAC-2025-118-NINOS-DE-CRISTO-ESMERALDA-GROUPEGP-S.R.L.pdf
2239,CIPAC-2025-119,2025,,,922,534,art_34,approved,"ABONOS DOMINICANOS ABODOM, S.R.L.",1-31-06888-1,"ALEXANDRA GUERRERO PRODUCTIONS AGP, S.R.L.",1-32-74306-7,,EL MUNDO SECRETO DE MARINA,2025-02-13,2025-03-11,2000000.0,2000000.0,100.0,79738189.2,42099710.0,1.0,0,,0,,CIPAC-2025-119-EL-MUNDO-SECRETO-DE-MARINA-ABONOS-DOMINICANOS-ABODOM-S.R.L.pdf
2240,CIPAC-2025-120,2025,,,922,534,art_34,approved,"ADMINISTRADORA DE FONDOS DE PENSIONES RESERVAS, S.A.",1-01-86939-9,"ALEXANDRA GUERRERO PRODUCTIONS AGP, S.R.L.",1-32-74306-7,,EL MUNDO SECRETO DE MARINA,2025-02-13,2025-03-11,3000000.0,3000000.0,100.0,79738189.2,42099710.0,1.0,0,,0,,CIPAC-2025-120-EL-MUNDO-SECRETO-DE-MARINA-ADMINISTRADORA-DE-FONDOS-DE-PENSIONES-RESERVAS-S.A.pdf
2241,CIPAC-2025-121,2025,,,922,534,art_34,approved,"AFP CRECER, S.A.",1-01-86085-5,"ALEXANDRA GUERRERO PRODUCTIONS AGP, S.R.L.",1-32-74306-7,,EL MUNDO SECRETO DE MARINA,2025-02-13,2025-03-11,3000000.0,3000000.0,100.0,79738189.2,42099710.0,1.0,0,,0,,CIPAC-2025-121-EL-MUNDO-SECRETO-DE-MARINA-AFP-CRECER-S.A.pdf
2242,CIPAC-2025-122,2025,,,922,534,art_34,approved,"BANCO MÚLTIPLE BHD, S.A.",1-01-13679-2,"ALEXANDRA GUERRERO PRODUCTIONS AGP, S.R.L.",1-32-74306-7,,EL MUNDO SECRETO DE MARINA,2025-02-13,2025-03-11,10000000.0,10000000.0,100.0,79738189.2,42099710.0,0.9,0,,1,producer_rnc|set_manual|null|1-32-74306-7|OCR corrupted label Pr9ductor instead of Productor|Resolution PDF header p.1|2026-07-17|JDP,CIPAC-2025-122-EL-MUNDO-SECRETO-DE-MARINA-BANCO-MULTIPLE-BHD-S.A.pdf
2243,CIPAC-2025-123,2025,,,922,534,art_34,approved,"SOCIEDAD ADMINISTRADORA DE FONDOS DE INVERSIÓN BHD, S.A. (SAFI-BHD)",1-30-90241-2,"ALEXANDRA GUERRERO PRODUCTIONS AGP, S.R.L.",1-32-74306-7,,EL MUNDO SECRETO DE MARINA,2025-02-13,2025-03-11,2500000.0,2500000.0,100.0,79738189.2,42099710.0,0.9,0,,1,producer_rnc|set_manual|null|1-32-74306-7|OCR corrupted label Pr9ducior instead of Productor|Resolution PDF header p.1|2026-07-17|JDP,CIPAC-2025-123-EL-MUNDO-SECRETO-DE-MARINA-SOCIEDAD-ADMINISTRADORA-DE-FONDOS-DE-INVERSION-BHD-S.A.pdf
2244,CIPAC-2025-124,2025,,,922,534,art_34,approved,"CONTIGO SOLUCIONES, S.A.S.",1-31-86702-2,"ALEXANDRA GUERRERO PRODUCTIONS AGP, S.R.L.",1-32-74306-7,,EL MUNDO SECRETO DE MARINA,2025-02-13,2025-03-11,600000.0,600000.0,100.0,79738189.2,42099710.0,1.0,0,,0,,CIPAC-2025-124-EL-MUNDO-SECRETO-DE-MARINA-CONTIGO-SOLUCIONES-S.A.S.pdf
2245,CIPAC-2025-125,2025,,,922,534,art_34,approved,"DIVERSIFICACIÓN COMERCIAL, S.R.L.",1-02-00765-9,"ALEXANDRA GUERRERO PRODUCTIONS AGP, S.R.L.",1-32-74306-7,,EL MUNDO SECRETO DE MARINA,2025-02-13,2025-03-11,1000000.0,1000000.0,100.0,79738189.2,42099710.0,1.0,0,,0,,CIPAC-2025-125-EL-MUNDO-SECRETO-DE-MARINA-DIVERSIFICACION-COMERCIAL-S.R.L.pdf
2246,CIPAC-2025-126,2025,,,922,534,art_34,approved,"INDUVECA, S.A.",1-22-01122-6,"ALEXANDRA GUERRERO PRODUCTIONS AGP, S.R.L.",1-32-74306-7,,EL MUNDO SECRETO DE MARINA,2025-02-13,2025-03-11,2000000.0,2000000.0,100.0,79738189.2,42099710.0,1.0,0,,0,,CIPAC-2025-126-EL-MUNDO-SECRETO-DE-MAINA-INDUVECA-S.A.pdf
2247,CIPAC-2025-127,2025,,,1009,604,art_34,approved,"CERVECERÍA NACIONAL DOMINICANA, S.A.",1-01-00372-3,"METRO FILMS, S.R.L.",1-30-97291-5,,HISTORIA DE LA MÚSICA DOMINICANA III: LA INDUSTRIA URBANA,2025-02-14,2025-03-11,29800411.0,29800411.0,100.0,59217423.36,58500757.0,1.0,0,,0,,CIPAC-2025-127-HISTORIA-DE-LA-MUSICA-DOMINICANA-III-LA-INDUSTRIA-URBANA-CERVECERIA-NACIONAL-DOMINICANA-S.A.pdf
2248,CIPAC-2025-128,2025,,,1174,728,art_34,approved,"VICTORIA YEB, S.A.",1-30-05391-1,"METRO FILMS, S.R.L.",1-30-97291-5,,MÚSICA DE GUARDIA,2025-02-14,2025-03-11,20000000.0,20000000.0,100.0,55496121.05,39501094.0,0.8,0,,1,investor_rnc|set_manual|null|1-30-05391-1|OCR read I-Zf.0-05391-1 with digit/letter confusion|Resolution PDF header p.1|2026-07-17|JDP;;producer_rnc|set_manual|null|1-30-97291-5|OCR corrupted label Pr9ducior instead of Productor|Resolution PDF header p.1|2026-07-17|JDP,CIPAC-2025-128-MUSICA-DE-GUARDIA-VICTORIA-YEB-S.A.pdf
2249,CIPAC-2025-129,2025,,,1174,728,art_34,approved,"MIDAS SEGUROS, S.A.",1-31-54015-5,"METRO FILMS, S.R.L.",1-30-97291-5,,MÚSICA DE GUARDIA,2025-02-14,2025-03-11,2000000.0,2000000.0,100.0,55496121.05,39501094.0,1.0,0,,0,,CIPAC-2025-129-MUSICA-DE-GUARDIA-MIDAS-SEGUROS-S.A.pdf
2250,CIPAC-2025-130,2025,,,1174,728,art_34,approved,"J.D. GUERRERO, S.R.L.",1-01-00510-6,"METRO FILMS, S.R.L.",1-30-97291-5,,MÚSICA DE GUARDIA,2025-02-14,2025-03-11,3000000.0,3000000.0,100.0,55496121.05,39501094.0,0.9,0,,1,producer_rnc|set_manual|null|1-30-97291-5|OCR corrupted label Prgducfor instead of Productor|Resolution PDF header p.1|2026-07-17|JDP,CIPAC-2025-130-MUSICA-DE-GUARDIA-JD-GUERRERO-S.R.L.pdf
2251,CIPAC-2025-131,2025,,,1174,728,art_34,approved,"EDITORA EL NUEVO DIARIO, S.A.",1-01-10050-8,"METRO FILMS, S.R.L.",1-30-97291-5,,MUSICA DE GUARDIA,2025-02-14,2025-03-11,500000.0,500000.0,100.0,55496121.05,39501094.0,1.0,0,,0,,CIPAC-2025-131-MUSICA-DE-GUARDIA-EDITORA-NUEVO-DIARIO-S.A.pdf
2252,CIPAC-2025-132,2025,,,1174,728,art_34,approved,"DRONENA, S.A.",1-30-59051-6,"METRO FILMS, S.R.L.",1-30-97291-5,,MÚSICA DE GUARDIA,2025-02-14,2025-03-11,4000000.0,4000000.0,100.0,55496121.05,39501094.0,1.0,0,,0,,CIPAC-2025-132-MUSICA-DE-GUARDIA-DRONENA-S.A.pdf
2253,CIPAC-2025-133,2025,,,1174,728,art_34,approved,"AFP CRECER, S.A.",1-01-86085-5,"METRO FILMS, S.R.L.",1-30-97291-5,,MÚSICA DE GUARDIA,2025-02-14,2025-03-11,10000000.0,10000000.0,100.0,55496121.05,39501094.0,0.9,0,,1,investor_rnc|set_manual|null|1-01-86085-5|OCR read I-91 -86085-5 with digit/letter confusion|Resolution PDF header p.1|2026-07-17|JDP,CIPAC-2025-133-MUSICA-DE-GUARDIA-AFP-CRECER-S.A.pdf
2254,CIPAC-2025-134,2025,,,1149,484,art_34,approved,"CIELOS ACÚSTICOS, S.R.L.",1-01-75637-3,"NO AL AVERNO PRODUCCIONES, S.R.L.",1-32-38340-2,,DEL OLOR DE LAS NUBES,2025-02-14,2025-03-11,3000000.0,3000000.0,100.0,75139640.11,72500000.0,1.0,0,,0,,CIPAC-2025-134-DEL-OLOR-DE-LAS-NUBES-CIELOS-ACUSTICOS-S.R.L.pdf
2255,CIPAC-2025-135,2025,,,1149,484,art_34,approved,"JJ ELECTRIC, S.A.",1-01-72549-4,"NO AL AVERNO PRODUCCIONES, S.R.L.",1-32-38340-2,,DEL OLOR DE LAS NUBES,2025-02-14,2025-03-11,6000000.0,6000000.0,100.0,75139640.11,72500000.0,1.0,0,,0,,CIPAC-2025-135-DEL-OLOR-DE-LAS-NUBES-JJ-ELECTRIC-S.A.pdf
2256,CIPAC-2025-136,2025,,,1126,870,art_34,approved,"ADMINISTRADORA DE FONDOS DE PENSIONES RESERVAS, S.A.",1-01-86939-9,"XIGUAYO FILMS, S.R.L.",1-32-92565-3,,BACHATAS URBANAS,2025-02-14,2025-03-11,15000000.0,15000000.0,100.0,59032788.86,54000000.0,1.0,0,,0,,CIPAC-2025-136-BACHATAS-URBANAS-ADMINISTRADORA-DE-FONDOS-DE-PENSIONES-RESERVAS-S.A.pdf
2257,CIPAC-2025-138,2025,,,1211,739,art_34,approved,"AUTOZAMA, S.A.S.",1-01-70933-2,"LA CHOZA FILMS, S.R.L.",1-32-92761-3,,CAGUAMA,2025-02-21,2025-04-02,10000000.0,10000000.0,100.0,24152084.0,10000000.0,1.0,0,,0,,CIPAC-2025-138-CAGUAMA-AUTOZAMA-S.A.S.pdf
2258,CIPAC-2025-139,2025,,,1215,681,art_34,approved,"AUTOZAMA, S.A.S.",1-01-70933-2,"SINERGIAFILMS, S.R.L.",1-31-60885-1,,EL SILENCIO DE LA SOCIEDAD DOMINICANA,2025-02-21,2025-04-02,10000000.0,10000000.0,100.0,23907964.05,10000000.0,1.0,0,,0,,CIPAC-2025-139-EL-SILENCIO-DE-LA-SOCIEDAD-DOMINICANA-AUTOZAMA-S.A.S.pdf
2259,CIPAC-2025-144,2025,,,1189,724,art_34,approved,"INGENIERIA ESTRELLA, S.A.",1-02-31881-6,"ORGULLO DE QUISQUEYA, S.R.L.",1-32-43935-1,,LA HISTORIA DE MARILEIDY PAULINO,2025-05-23,2025-06-18,3409275.0,3409275.0,100.0,99500000.0,99426945.0,1.0,0,,0,,CIPAC-2025-144-LA-HISTORIA-DE-MARILEIDY-PAULINO-INGENIERA-ESTRELLA-S.A.pdf
2260,CIPAC-2025-145,2025,,,1189,724,art_34,approved,"CORPORACIÓN AEROPORTUARIA DEL ESTE, S.A.S.",1-01-09214-9,"ORGULLO DE QUISQUEYA, S.R.L.",1-32-43935-1,,LA HISTORIA DE MARILEIDY PAULINO,2025-05-23,2025-06-18,30000000.0,30000000.0,100.0,99500000.0,99426945.0,0.9,0,,1,"total_budget_approved|set_manual|null|99500000.00|OCR read RD$?9,500,000.00 missing first digit 9|Resolution PDF budget section|2026-07-17|JDP",CIPAC-2025-145-LA-HISTORIA-DE-MARILEIDY-PAULINO-CORPORACION-AEROPORTUARIA-DEL-ESTE-S.A.S.pdf
2261,CIPAC-2025-146,2025,,,1189,724,art_34,approved,"INDUVECA, S.A.",1-22-01122-6,"ORGULLO DE QUISQUEYA, S.R.L.",1-32-43935-1,,LA HISTORIA DE MARILEIDY PAULINO,2025-05-23,2025-06-18,15000000.0,15000000.0,100.0,99500000.0,99426945.0,1.0,0,,0,,CIPAC-2025-146-LA-HISTORIA-DE-MARILEIDY-PAULINO-INDUVECA-S.A.pdf
2262,CIPAC-2025-147,2025,,,1189,724,art_34,approved,"TROPIGAS DOMINICANA, S.R.L.",1-01-72699-7,"ORGULLO DE QUISQUEYA, S.R.L.",1-32-43935-1,,LA HISTORIA DE MARILEIDY PAULINO,2025-05-23,2025-06-18,2000000.0,2000000.0,100.0,99500000.0,99426945.0,1.0,0,,0,,CIPAC-2025-147-LA-HISTORIA-DE-MARILEIDY-PAULINO-TROPIGAS-DOMINICANA-S.R.L.pdf
2263,CIPAC-2025-148,2025,,,1189,724,art_34,approved,"CENTRO CUESTA NACIONAL, S.A.S.",1-01-01992-1,"ORGULLO DE QUISQUEYA, S.R.L.",1-32-43935-1,,LA HISTORIA DE MARILEIDY PAULINO,2025-05-23,2025-06-18,5000000.0,5000000.0,100.0,99500000.0,99426945.0,0.9,0,,1,producer_rnc|set_manual|null|1-32-43935-1|OCR corrupted label Pr9ducfor instead of Productor|Resolution PDF header p.1|2026-07-17|JDP,CIPAC-2025-148-LA-HISTORIA-DE-MARILEIDY-PAULINO-CENTRO-CUESTA-NACIONAL-S.A.S.pdf
2264,CIPAC-2025-149,2025,,,1189,724,art_34,approved,"AFP CRECER, S.A.",1-01-86085-5,"ORGULLO DE QUISQUEYA, S.R.L.",1-32-43935-1,,LA HISTORIA DE MARILEIDY PAULINO,2025-05-23,2025-06-18,4000000.0,4000000.0,100.0,99500000.0,99426945.0,1.0,0,,0,,CIPAC-2025-149-LA-HISTORIA-DE-MARILEDY-PAULINO-AFP-CRECER-S.A.pdf
2265,CIPAC-2025-150,2025,,,1211,739,art_34,approved,"CORPORACIÓN AEROPORTUARIA DEL ESTE, S.A.S.",1-01-09214-9,"LA CHOZA FILMS, S.R.L.",1-32-92761-3,,CAGUAMA,2025-05-27,2025-06-18,6000000.0,6000000.0,100.0,24152084.0,16000000.0,1.0,0,,0,,CIPAC-2025-150-CAGUAMA-CORPORACION-AEROPORTUARIA-DEL-ESTE-S.A.S.pdf
2266,CIPAC-2025-151,2025,,,1139,564,art_34,approved,"CORPORACIÓN AEROPORTUARIA DEL ESTE, S.A.S.",1-01-09214-9,"ALDEA FILMS, S.R.L.",1-31-02474-2,,XIGUAPA,2025-05-27,2025-06-18,40000000.0,40000000.0,100.0,128371724.18,80000000.0,1.0,0,,0,,CIPAC-2025-151-XIGUAPA-CORPORACION-AEROPORTUARIA-DEL-ESTE-S.A.S.pdf
2267,CIPAC-2025-152,2025,,,1191,686,art_34,approved,"CORPORACIÓN AEROPORTUARIA DEL ESTE, S.A.S.",1-01-09214-9,"BOHUCO FILMS, S.R.L.",1-32-92636-6,,JULIQUEO DOMINICANO,2025-05-27,2025-06-18,18000000.0,18000000.0,100.0,54523833.75,51000000.0,1.0,0,,0,,CIPAC-2025-152-JULIQUEO-DOMINICANO-CORPORACION-AEROPORTUARIA-DEL-ESTE-S.A.S.pdf
2268,CIPAC-2025-154,2025,,,707,247,art_34,approved,"PEÑA GUILLÉN, S.A.",1-01-07725-5,"INFINITO PRODUCTIONS, S.R.L.",1-32-07836-5,,LA HORA DE VOLVÉ,2025-05-30,2025-07-16,580000.0,580000.0,100.0,21830653.0,19580000.0,1.0,0,,0,,CIPAC-2025-154-LA-HORA-DE-VOLVE-PENA-GUILLEN-S.A.pdf
2269,CIPAC-2025-155,2025,,,1021,448,art_34,approved,"COBINCA, S.A.",1-01-19447-2,"BOCA ROJA FILMS, S.R.L.",1-32-01313-1,,MORENA,2025-06-05,2025-07-16,2500000.0,2500000.0,100.0,73957343.69,2500000.0,1.0,0,,0,,CIPAC-2025-155-MORENA-COBINCA-S.A.pdf
2270,CIPAC-2025-156,2025,,,910,550,art_34,approved,"CORPORACIÓN AEROPORTUARIA DEL ESTE, S.A.S.",1-01-09214-9,"ELLA TRILOGÍA, S.R.L.",1-32-29601-1,,ELLA,2025-06-23,2025-07-16,16974332.42,16974332.42,100.0,107529249.45,106819387.48,1.0,0,,0,,CIPAC-2025-156-ELLA-CORPORACION-AEROPORTUARIA-DEL-ESTE-S.A.S.pdf
2271,CIPAC-2025-157,2025,,,1248,781,art_34,approved,"CORPORACIÓN AEROPORTUARIA DEL ESTE, S.A.S.",1-01-09214-9,"COMPARSA FILMS, S.R.L.",1-32-99343-8,,SU MANO,2025-06-24,2025-07-16,30000000.0,30000000.0,100.0,50000000.0,30000003.55,1.0,0,,0,,CIPAC-2025-157-SU-MANO-CORPORACION-AEROPORTUARIA-DEL-ESTE-S.A.S.pdf
2272,CIPAC-2025-158,2025,,,1245,738,art_34,approved,"CORPORACIÓN AEROPORTUARIA DEL ESTE, S.A.S.",1-01-09214-9,"RITMO FILMS, S.R.L.",1-33-11533-6,,SOY MERENGUE,2025-06-24,2025-07-16,21000000.0,21000000.0,100.0,24613311.15,21000000.01,1.0,0,,0,,CIPAC-2025-158-SPY-MERENGUE-CORPORACION-AEROPORTUARIA-DEL-ESTE-S.A.S.pdf
2273,CIPAC-2025-159,2025,,,1250,776,art_34,approved,"CORPORACIÓN AEROPORTUARIA DEL ESTE, S.A.S.",1-01-09214-9,"PANTA REI FILMS, S.R.L.",1-33-01785-7,,ARJE IV: SER EN EL ESPACIO,2025-06-24,2025-07-16,39000000.0,39000000.0,100.0,72748495.0,39000000.0,1.0,0,,0,,CIPAC-2025-159-ARJE-IV-SER-EN-EL-ESPACIO-CORPORACION-AEROPORTUARIA-DEL-ESTE-S.A.S.pdf
2274,CIPAC-2025-160,2025,,,1202,737,art_34,approved,"CORPORACIÓN AEROPORTUARIA DEL ESTE, S.A.S.",1-01-09214-9,"PUNK FILMS, E.I.R.L.",1-33-02561-2,,LA BREVE HISTORIA DEL PUNK EN LA REPÚBLICA DOMINICANA,2025-06-24,2025-07-16,9698645.76,9698645.76,100.0,22868270.34,22698645.76,1.0,0,,0,,CIPAC-2025-160-LA-BREVE-HISTORIA-DEL-PUNK-EN-LA-REPUBLICA-DOMINICANA-CORPORACION-AEROPORTUARIA-DEL-ESTE-S.A.S.pdf
2275,CIPAC-2025-161,2025,,,932,567,art_34,approved,"CORPORACIÓN AEROPORTUARIA DEL ESTE, S.A.S.",1-01-09214-9,"CAKTUS FILMS, S.R.L.",1-32-49106-8,,VALIENTES,2025-06-24,2025-07-16,10300000.0,10300000.0,100.0,20678310.27,18700000.0,1.0,0,,0,,CIPAC-2025-161-VALIENTES-CORPORACION-AEROPORTUARIA-DEL-ESTE-S.A.S.pdf
2276,CIPAC-2025-164,2025,,,1163,,art_39,approved,,,"CUADRO A CUADRO STUDIO, S.R.L.",1-33-18450-8,,MENTES SOSPECHOSAS,2025-06-04,2025-08-01,85057794.08,21264448.5,25.0,90691166.0,86331217.97,1.0,0,,0,,CIPAC-2025-164-MENTES-SOSPECHOSAS-CUADRO-A-CUADRO-STUDIO-S.R.L.pdf
2277,CIPAC-2025-165,2025,,,1251,753,art_34,approved,"CORPORACIÓN AEROPORTUARIA DEL ESTE, S.A.S.",1-01-09214-9,"HELIX, S.R.L.",1-31-39469-8,,LAS EVAS,2025-07-08,2025-08-01,20000000.0,20000000.0,100.0,23199991.14,20000000.0,1.0,0,,0,,CIPAC-2025-165-LAS-EVAS-CORPORACION-AEROPORTUARIA-DEL-ESTE-S.A.S.pdf
2278,CIPAC-2025-166,2025,,,1247,719,art_34,approved,"CORPORACIÓN AEROPORTUARIA DEL ESTE, S.A.S.",1-01-09214-9,"RDPOSITIVA FILMS PELÍCULAS Y DOCUMENTALES, S.R.L.",1-33-09607-2,,LA GRAN OPORTUNIDAD,2025-07-08,2025-08-01,23767741.36,23767741.36,100.0,24595878.3,23767741.36,1.0,0,,0,,CIPAC-2025-166-LA-GRAN-OPORTUNIDAD-CORPORACION-AEROPORTUARIA-DEL-ESTE-S.A.S.pdf
2279,CIPAC-2025-167,2025,,,1132,694,art_34,approved,"AORDOMINICANA, S.A.S.",1-01-88872-5,"LARIMAR SERVICES, S.R.L.",1-31-18319-2,,KIKA Y NITO,2025-07-08,2025-08-01,5267446.97,5267446.97,100.0,38117316.63,5267446.97,1.0,0,,0,,CIPAC-2025-167-KIKA-Y-NITO-AORDOMINICANA-S.A.S.pdf
2280,CIPAC-2025-168,2025,,,1015,610,art_34,approved,"AORDOMINICANA, S.A.S.",1-01-88872-5,"LARIMAR SERVICES, S.R.L.",1-31-18319-2,,1998: EL RUMOR,2025-07-10,2025-08-01,5791990.0,5791990.0,100.0,39994613.7,36303082.58,1.0,0,,0,,CIPAC-2025-168-1998-EL-RUMOR-AORDOMINICANA-S.A.S.pdf
2281,CIPAC-2025-169,2025,,,1015,631,art_34,approved,"AORDOMINICANA, S.A.S.",1-01-88872-5,"LARIMAR SERVICES, S.R.L.",1-31-18319-2,,JAIME COLSON: RENOVARSE O MORIR,2025-07-10,2025-08-01,888948.82,888948.82,100.0,39926848.0,33799825.18,1.0,0,,0,,CIPAC-2025-169-JAIME-COLSON-RENOVARSE-O-MORIR-AORDOMINICANA-S.A.S.pdf
2282,CIPAC-2025-170,2025,,,1252,780,art_34,approved,"CORPORACIÓN AEROPORTUARIA DEL ESTE, S.A.S.",1-01-09214-9,"TIMECODE, S.R.L.",1-30-32923-2,,DOMINICANA: UNA REPÚBLICA DE RÉCORDS,2025-07-10,2025-08-01,17634410.0,17634410.0,100.0,17664968.0,17664968.0,1.0,0,,0,,CIPAC-2025-170-DOMINICANA-UNA-REPUBLICA-DE-RECORS-CORPORACION-AEROPORTUARIA-DEL-ESTE-S.A.S.pdf
2283,CIPAC-2025-171,2025,,,1244,427,art_34,approved,"CORPORACIÓN AEROPORTUARIA DEL ESTE, S.A.S.",1-01-09214-9,"TIMECODE, S.R.L.",1-30-32923-2,,AQUELLA PRIMAVERA DEL 65,2025-07-10,2025-08-01,24844345.0,24844345.0,100.0,24857650.0,24844345.0,1.0,0,,0,,CIPAC-2025-171-AUQELLA-PRIMAVERA-DEL-65-CORPORACION-AEROPORTUARIA-DEL-ESTE-S.A.S.pdf
2284,CIPAC-2025-172,2025,,,1051,648,art_34,approved,"CORPORACIÓN AEROPORTUARIA DEL ESTE, S.A.S.",1-01-09214-9,"METRO FILMS, S.R.L.",1-30-97291-5,,HISTORIA DE LA MÚSICA DOMINICANA | (EL MERENGUE),2025-07-10,2025-08-01,20000000.0,20000000.0,100.0,59005943.86,20000000.0,1.0,0,,0,,CIPAC-2025-172-HISTORIA-DE-LA-MUSICA-DOMINICANA-I-EL-MERENGUE-CORPORACION-AEROPORTUARIA-DEL-ESTE-S.A.S.pdf
2285,CIPAC-2025-173,2025,,,1139,564,art_34,approved,"CORPORACIÓN AEROPORTUARIA DEL ESTE, S.A.S.",1-01-09214-9,"ALDEA FILMS, S.R.L.",1-31-02474-2,,XIGUAPA,2025-07-11,2025-09-02,46000000.0,46000000.0,100.0,128371724.18,46000000.0,0.9,0,,1,"production_company|set_manual|null|ALDEA FILMS, S.R.L.|Document typo Product0or instead of Productor|Resolution PDF header p.1|2026-07-17|JDP",CIPAC-2025-173-XIGUAPA-CORPORACION-AEROPORTUARIA-DEL-ESTE-S.A.S.pdf
2286,CIPAC-2025-174,2025,,,1168,,art_39,approved,,,"INTERNATIONAL FILMS PRODUCTIONS INFILPROD, S.R.L.",1-32-06766-5,,EL CONQUISTADOR DEL FIN DEL MUNDO TEMPORADA 21,2025-08-14,2025-09-02,87488691.81,21872172.95,25.0,183528645.52,87674495.24,1.0,0,,0,,CIPAC-2025-174-EL-CONQUISTADOR-DEL-FIN-DEL-MINDO-TEMPORADA-21-INTERNATIONAL-FILMS-PRODUCTIONS-INFILPROD-S.R.L.pdf
2287,CIPAC-2025-177,2025,,,1168,,art_39,approved,,,"INTERNATIONAL FILMS PRODUCTIONS INFILPROD, S.R.L.",1-32-06766-5,,EL CONQUISTADOR DEL FIN DEL MUNDO TEMPORADA 21,2025-08-14,2025-10-17,21200383.26,5300095.82,25.0,183528645.52,21200383.26,0.7,0,,1,"incentive_article|set_manual|null|art_39|Resolution title VALIDACION DE GASTOS indicates Art.39|Resolution PDF header p.1|2026-07-20|JDP;;production_company|set_manual|null|INTERNATIONAL FILMS PRODUCTIONS INFILPROD, S.R.L.|Art.39 solicitante is production company|Resolution PDF header p.1|2026-07-20|JDP;;producer_rnc|set_manual|null|1-32-06766-5|Art.39 solicitante RNC is producer RNC|Resolution PDF header p.1|2026-07-20|JDP",CIPAC-2025-177-EL-CONQUISTADOR-DEL-FIN-DEL-MUNDO-TEMPORADA-21-INTERNATIONAL-FILMS-PRODUCTIONS-INFILPROD-S.R.L.pdf
2288,CIPAC-2025-178,2025,,,1033,631,art_34,approved,"BANCO DE AHORRO Y CRÉDITO ADOPEM, S.A.",1-03-00310-9,"LARIMAR SERVICES, S.R.L.",1-31-18319-2,,JAIME COLSON: RENOVARSE O MORIR,2025-08-25,2025-10-17,990000.0,990000.0,100.0,39926848.0,990000.0,1.0,0,,0,,CIPAC-2025-178-JAIME-COLSON-RENOVARSE-O-MORIR-BANCO-DE-AHORRO-Y-CREDITO-ADOPEM-S.A.pdf
2289,CIPAC-2025-179,2025,,,1148,680,art_34,approved,"BANCO DE AHORRO Y CRÉDITO ADOPEM, S.A.",1-03-00310-9,"DR RELEASE FILMS, S.R.L.",1-32-93849-6,,RELEASE,2025-08-25,2025-10-17,960000.0,980000.0,100.0,63381163.84,54960378.18,1.0,0,,0,,CIPAC-2025-179-RELEASE-BANCO-DE-AHORRO-Y-CREDITO-ADOPEM-S.A.pdf
2290,CIPAC-2025-180,2025,,,1064,655,art_34,approved,"BANCO DE AHORRO Y CRÉDITO ADOPEM, S.A.",1-03-00310-9,"EL PERRO DE ARGENTO, S.R.L.",1-32-96460-8,,NO SALGAS,2025-08-25,2025-10-17,6500000.0,6500000.0,100.0,34102786.04,8673000.0,0.9,0,,1,total_budget_approved|set_manual|null|34102786.04|OCR severely corrupted budget approval paragraph|Resolution PDF budget section|2026-07-20|JDP,CIPAC-2025-180-NO-SALGAS-BANCO-DE-AHORRO-Y-CREDITO-ADOPEN-S.A.pdf
2291,CIPAC-2025-181,2025,,,889,552,art_34,approved,"BANCO DE AHORRO Y CRÉDITO ADOPEM, S.A.",1-03-00310-9,"BATÚ FILMS, S.R.L.",1-31-11476-8,,MINOTAURO. PICASSO Y LAS MUJERES DEL GUERNICA,2025-08-25,2025-10-17,8673000.0,8673000.0,100.0,153894083.0,8673000.0,0.9,0,,1,total_budget_approved|set_manual|null|153894083.00|OCR missed budget approval paragraph entirely|Resolution PDF budget section|2026-07-20|JDP,CIPAC-2025-181-MINOTAURO.-PICASO-Y-LAS-MUJERES-DEL-GERNICA-BANCO-DE-AHORRO-Y-CREDITO-ADOPEN-S.A.pdf
2292,CIPAC-2025-182,2025,,,921,474,art_34,approved,"UNITED PETROLEUM GRUPO HAINA, S.R.L.",1-30-07102-2,"VOCES ROTAS FILMS, S.R.L.",1-32-25599-2,,LAS TRES - VOCES ROTAS,2025-08-29,2025-10-17,3500000.0,3500000.0,100.0,64899966.34,58500000.0,1.0,0,,0,,CIPAC-2025-182-LAS-TRES-VOCES-ROTAS-UNITED-PETROLEUM-GRUPO-HAINA-S.R.L.pdf
2293,CIPAC-2025-183,2025,,,1204,,art_39,approved,,,"INTERNATIONAL FILMS PRODUCTIONS INFILPROD, S.R.L.",1-32-06766-5,,EXPEDICIÓN SAMANA,2025-09-18,2025-10-17,133204006.62,33301001.65,25.0,181143806.54,133227919.67,1.0,0,,0,,CIPAC-2025-183-EXPEDICION-SAMANA-INTERNATIONAL-FILMS-PRODUCTIONS-INFILPROD-S.R.L.pdf
2294,CIPAC-2025-184,2025,,,1092,563,art_34,approved,"BANCO DE AHORRO Y CRÉDITO ADOPEM, S.A.",1-03-00310-9,"LATINO FILMS, S.R.L.",1-31-28926-6,,LA NOVIA DEL ATLANTICO,2025-09-19,2025-10-17,5310000.0,5310000.0,100.0,98601604.06,5310000.0,0.9,0,,1,"production_company|set_manual|null|LATINO FILMS, S.R.L.|Document typo Product0or instead of Productor|Resolution PDF header p.1|2026-07-20|JDP",CIPAC-2025-184-LA-NOVIA-DEL-ATLATICO-BANCO-DE-AHORRO-Y-CREDITO-ADOPEM-S.A.pdf
2295,CIPAC-2025-185,2025,,,1092,563,art_34,approved,"MERCASID, S.A.",1-01-80768-7,"LATINO FILMS, S.R.L.",1-31-28926-6,,LA NOVIA DEL ATLÁNTICO,2025-09-19,2025-10-17,5000000.0,5000000.0,100.0,98601604.06,5000000.0,0.9,0,,1,"production_company|set_manual|null|LATINO FILMS, S.R.L.|Document typo Product0or instead of Productor|Resolution PDF header p.1|2026-07-20|JDP",CIPAC-2025-185-LA-NOVIA-DEL-ATLATICO-MERCASID-S.A.pdf
2296,CIPAC-2025-186,2025,,,1204,,art_39,approved,,,"INTERNATIONAL FILMS PRODUCTIONS INFILPROD, S.R.L.",1-32-06766-5,,EXPEDICIÓN SAMANA,2025-09-25,2025-10-17,26147360.0,6536840.0,25.0,181143806.54,26147360.0,1.0,0,,0,,CIPAC-2025-186-EXPEDICION-SAMANA-INTERNATIONAL-FILMS-PRODUCTIONS-INFILPROD-S.R.L.pdf
2297,CIPAC-2025-188,2025,,,1279,815,art_34,approved,"MERCASID, S.A.",1-01-80768-7,"ARRAYANO FILMS, S.R.L.",1-32-28278-7,,LA VUELTA,2025-10-15,2025-11-06,15000000.0,15000000.0,100.0,47788588.66,28384189.55,1.0,0,,0,,CIPAC-2025-188-LA-VUELTA-MERCASID-S.A-1.pdf
2298,CIPAC-2025-189,2025,,,1279,815,art_34,approved,"INGENIERÍA Y MATERIALES ELÉCTRICOS, S.R.L.",1-01-56709-2,"ARRAYANO FILMS, S.R.L.",1-32-28278-7,,LA VUELTA,2025-10-15,2025-11-06,135053.95,135053.95,100.0,47788588.66,28384189.55,1.0,0,,0,,CIPAC-2025-189-LA-VUELTA-INGENIERIA-Y-MATERIALS-ELECTRICOS-S.R.L-1.pdf
2299,CIPAC-2025-190,2025,,,1279,815,art_34,approved,"INDUVECA, S.A.",1-22-01122-6,"ARRAYANO FILMS, S.R.L.",1-32-28278-7,,LA VUELTA,2025-10-15,2025-11-06,9932701.39,9932701.39,100.0,47788588.66,9933000.0,1.0,0,,0,,CIPAC-2025-190-LA-VUELTA-INDUVECA-S.A-1.pdf
2300,CIPAC-2025-191,2025,,,1279,815,art_34,approved,"BANCO DE AHORRO Y CRÉDITO ADOPEM, S.A.",1-03-00310-9,"ARRAYANO FILMS, S.R.L.",1-32-28278-7,,LA VUELTA,2025-10-15,2025-11-06,2566434.21,2566434.21,100.0,47788588.66,2567000.0,0.8,0,,1,"validated_amount_dop|set_manual|null|2566434.21|OCR read RDS2,566.434.21 with wrong decimal separators|Resolution PDF PRIMERO section|2026-07-17|JDP;;tax_credit_dop|set_manual|null|2566434.21|Art.34 tax credit equals validated amount|Resolution PDF SEGUNDO section|2026-07-20|JDP",CIPAC-2025-191-LA-VUELTA-BANCO-DE-AHORRO-Y-CREDITO-ADOPEM-S.A-1.pdf
2301,CIPAC-2025-192,2025,,,1279,815,art_34,approved,"MANANTIALES DE GERICÓ, S.R.L.",1-01-73907-1,"ARRAYANO FILMS, S.R.L.",1-32-28278-7,,LA VUELTA,2025-10-15,2025-11-06,750000.0,750000.0,100.0,47788588.66,28384189.55,0.9,0,,1,resolution_date|set_manual|null|2025-11-06|OCR read loa instead of los in opening paragraph|Resolution PDF opening paragraph|2026-07-20|JDP,CIPAC-2025-192-LA-VUELTA-MANANTIALES-DE-GERICO-S.R.L-1.pdf
2302,CIPAC-2025-193,2025,,,1184,717,art_34,approved,"OUTSTANDING, E.I.R.L.",1-30-73574-3,"ÁMBAR PRODUCCIONES, S.R.L.",1-33-13984-7,,MEDIA ISLA DE EQUIPAJE,2025-10-15,2025-11-06,3515792.0,3515792.0,100.0,24682863.0,23515792.0,1.0,0,,0,,CIPAC-2025-193-MEDIA-ISLA-DE-EQUIPAJE-OR-ADVERTISING-E.I.R.L-1.pdf
2303,CIPAC-2025-194,2025,,,1271,759,art_34,approved,"AFP CRECER, S.A.",1-01-86085-5,"LMA FILMS, S.R.L.",1-33-07103-7,,BAJO EL OJO VIGILANTE,2025-10-20,2025-12-12,5000000.0,5000000.0,100.0,30000000.0,12533070.0,0.9,0,,1,"production_company|set_manual|null|LMA FILMS, S.R.L.|Document typo Product0or instead of Productor|Resolution PDF header p.1|2026-07-20|JDP",CIPAC-2025-194-BAJO-EL-OJO-VIGILANTE-AFP-CRECER-S.A.pdf
2304,CIPAC-2025-195,2025,,,1271,759,art_34,approved,"ADMINISTRADORA DE FONDOS DE PENSIONES SIEMBRA, S.A.",1-01-78432-6,"LMA FILMS, S.R.L.",1-33-07103-7,,BAJO EL OJO VIGILANTE,2025-10-20,2025-12-12,4998750.01,4998750.01,100.0,30000000.0,12533070.0,0.9,0,,1,cpnd_number|set_manual|null|759|OCR read CPND Ido: instead of CPND No. losing the number|Resolution PDF VISTOS section|2026-07-20|JDP,CIPAC-2025-195-BAJO-EL-OJO-VIGILANTE-ADMINISTRADORA-DE-FONDOS-DE-PENSIONES-SIEMBRA-S.A.pdf
2305,CIPAC-2025-196,2025,,,1271,759,art_34,approved,"SOCIEDAD ADMINISTRADORA DE FONDOS DE INVERSIÓN BHD, S.A. (SAFI-BHD)",1-30-90241-2,"LMA FILMS, S.R.L.",1-33-07103-7,,BAJO EL OJO VIGILANTE,2025-10-20,2025-12-12,2533000.0,2533000.0,100.0,30000000.0,12533070.0,1.0,0,,0,,CIPAC-2025-196-BAJO-EL-OJO-VIGILANTE-SOCIEDAD-ADMINISTRADORA-DE-FONDOS-DE-INVERSION-BHD-S.A.pdf
2306,CIPAC-2025-197,2025,,,1167,725,art_34,approved,"HAGE CONSTRUCTORA, S.A.S.",1-01-57115-2,"REGENCY FILMS 16, S.R.L.",1-33-14711-4,,BAÑO DE MUJERES,2025-10-22,2025-12-12,16000000.0,16000000.0,100.0,105318790.0,103537022.56,0.9,0,,1,"production_company|set_manual|null|REGENCY FILMS 16, S.R.L.|Document typo Product0or instead of Productor|Resolution PDF header p.1|2026-07-20|JDP",CIPAC-2025-197-BANO-DE-MUJERES-HAGE-CONSTRUCTORA-S.A.S.pdf
2307,CIPAC-2025-198,2025,,,1271,759,art_34,approved,"ADMINISTRADORA DE FONDOS DE PENSIONES RESERVAS, S.A.",1-01-86939-9,"LMA FILMS, S.R.L.",1-33-07103-7,,BAJO EL OJO VIGILANTE,2025-10-27,2025-12-12,2500000.0,2500000.0,100.0,30000000.0,17930070.0,0.9,0,,1,"production_company|set_manual|null|LMA FILMS, S.R.L.|Document typo Product0or instead of Productor|Resolution PDF header p.1|2026-07-20|JDP",CIPAC-2025-198-BAJO-EL-OJO-VIGILANTE-ADMINISTRADORA-DE-FONDOS-DE-PENSIONES-RESERVAS-S.A.pdf
2308,CIPAC-2025-199,2025,,,1271,759,art_34,approved,"INDUSTRIAS NIGUA, S.A.",1-01-00485-1,"LMA FILMS, S.R.L.",1-33-07103-7,,BAJO EL OJO VIGILANTE,2025-10-27,2025-12-12,2897000.0,2897000.0,100.0,44000000.0,17930070.0,0.9,0,,1,"production_company|set_manual|null|LMA FILMS, S.R.L.|Document typo Product0or instead of Productor|Resolution PDF header p.1|2026-07-20|JDP",CIPAC-2025-199-BAJO-EL-OJO-VIGILANTE-INDUSTRIAS-NIGUA-S.A.pdf
2309,CIPAC-2025-200,2025,,,1282,788,art_34,approved,"INDUVECA, S.A.",1-22-01122-6,"LOUD ALCO, S.R.L.",1-33-01025-9,,BIENAVENTURADAS LAS QUE LLORAN,2025-10-29,2025-12-12,5067000.0,5067000.0,100.0,61575157.0,6567000.0,0.9,0,,1,"production_company|set_manual|null|LOUD ALCO, S.R.L.|Document typo Product0or instead of Productor|Resolution PDF header p.1|2026-07-20|JDP",CIPAC-2025-200-BIENAVENTURADAS-LAS-QUE-LLORAN-INDUVECA-S.A.pdf
2310,CIPAC-2025-201,2025,,,1282,788,art_34,approved,"MULTIEMPAQUES DOMINICANA, S.R.L.",1-01-67462-8,"LOUD ALCO, S.R.L.",1-33-01025-9,,BIENAVENTURADAS LAS QUE LLORAN,2025-10-29,2025-12-12,1500000.0,1500000.0,100.0,61575157.0,6567000.0,0.9,0,,1,"production_company|set_manual|null|LOUD ALCO, S.R.L.|Document typo Product0or instead of Productor|Resolution PDF header p.1|2026-07-20|JDP",CIPAC-2025-201-BIENAVENTURADAS-LAS-QUE-LLORAN-MULTIEMPAQUES-DOMINICANAS-S.R.L.pdf
2311,CIPAC-2025-202,2025,,,1214,,art_39,approved,,,"FILM 061, S.R.L.",1-33-07589-1,,OFFICE ROMANCE,2025-10-30,2025-12-12,363251928.07,90812982.01,25.0,366898116.0,363252362.0,0.9,0,,1,total_budget_approved|set_manual|null|366898116.00|OCR read RDSB instead of RD$ in budget paragraph|Resolution PDF budget section|2026-07-20|JDP,CIPAC-2025-202-OFFICE-ROMANCE-FILM-061-S.R.L.pdf
2312,CIPAC-2025-203,2025,,,1197,707,art_34,approved,"CERVECERÍA NACIONAL DOMINICANA, S.A.",1-01-00372-3,"CACIQUE FILMS, S.R.L.",1-31-09766-9,,CARNADA,2025-10-31,2025-12-12,11968318.0,11968318.0,100.0,25000000.0,24957657.0,0.9,0,,1,"production_company|set_manual|null|CACIQUE FILMS, S.R.L.|Document typo Product0or instead of Productor|Resolution PDF header p.1|2026-07-20|JDP",CIPAC-2025-203-CARNADA-CERVECERIA-NACIONAL-DOMINICANA-S.A.pdf
2313,CIPAC-2025-204,2025,,,1241,,art_39,approved,,,"FILM 058, S.R.L.",1-32-86628-2,,LANDLINE,2025-10-31,2025-12-12,119635960.0,29908990.0,25.0,120879686.0,121129531.0,1.0,0,,0,,CIPAC-2025-204-LANDLINE-FILM-058-S.R.L.pdf
2314,CIPAC-2025-205,2025,,,1268,,art_39,approved,,,"FILM 060, S.R.L.",1-32-92369-3,,SEND HELP,2025-11-19,2025-12-12,50592300.0,12648075.0,25.0,96491262.0,50969165.0,1.0,0,,0,,CIPAC-2025-205-SEND-HELP-FILM-060-S.R.L.pdf
2315,CIPAC-2025-206,2025,,,1277,787,art_34,approved,"BANCO POPULAR DOMINICANO, S. A. BANCO MÚLTIPLE",1-01-01063-2,"SAMAN FILMS, S.R.L.",1-31-88883-6,,EL CORAZÓN DE LA VEGA,2025-11-19,2025-12-12,10000000.0,10000000.0,100.0,13700857.33,10000000.0,0.9,0,,1,total_budget_approved|set_manual|null|13700857.33|OCR missed budget approval paragraph|Resolution PDF budget section|2026-07-20|JDP,CIPAC-2025-206-EL-CORAZON-DE-LA-VEGA-BANCO-POPULAR-DOMINICANO-S.A.pdf
2316,CIPAC-2025-207,2025,,,1266,801,art_34,approved,"BANCO POPULAR DOMINICANO, S. A. BANCO MÚLTIPLE",1-01-01063-2,"JICOTEA FILMS, S.R.L.",1-33-39331-1,,BUSCANDO EL TUREIRO,2025-11-19,2025-12-12,24998861.0,24998861.0,100.0,25000000.0,24998861.0,1.0,0,,0,,CIPAC-2025-207-BUSCANDO-EL-TUREIRO-BANCO-POPULAR-DOMINICANO-S.A.pdf
2317,CIPAC-2025-208,2025,,,1220,735,art_34,approved,"PACIFIC ASSETS, CORP",1-22-01963-4,"VEZLOP GROUP, S.R.L.",1-31-66655-8,,LA ÚLTIMA FRONTERA DE LA EXPLORACIÓN HUMANA,2025-11-18,2025-12-12,2895142.0,2895142.0,100.0,24881855.0,21495142.0,1.0,0,,0,,CIPAC-2025-208-LA-ULTIMA-FRONTERA-DE-LA-EXPLOTACION-HUMANA-PACIFIC-ASSETS-CORP.pdf
2318,CIPAC-2025-209,2025,,,1220,735,art_34,approved,"BANCO MÚLTIPLE SANTA CRUZ, S.A.",1-02-01292-1,"VEZLOP GROUP, S.R.L.",1-31-66655-8,,LA ÚLTIMA FRONTERA DE LA EXPLORACIÓN HUMANA,2025-11-18,2025-12-12,6600000.0,6600000.0,100.0,24881855.0,21495142.0,1.0,0,,0,,CIPAC-2025-209-LA-ULTIMA-FRONTERA-DE-LA-EXPLOTACION-HUMANA-BANCO-POPULAR-DOMINICANO-S.A.pdf
2319,CIPAC-2025-210,2025,,,1220,735,art_34,approved,"ADMINISTRADORA DE FONDOS DE PENSIONES POPULAR, S.A.",1-01-76868-1,"VEZLOP GROUP, S.R.L.",1-31-66655-8,,LA ÚLTIMA FRONTERA DE LA EXPLORACIÓN HUMANA,2025-11-18,2025-12-12,12000000.0,12000000.0,100.0,24881855.0,21495142.0,1.0,0,,0,,CIPAC-2025-210-LA-ULTIMA-FRONTERA-DE-LA-EXPLOTACION-HUMANA-ADMINISTRADORA-DE-FONDOS-DE-PENSIONES-POPULAR-S.A.pdf
2320,CIPAC-2025-211,2025,,,1274,79,art_34,approved,"BANCO POPULAR DOMINICANO, S. A. BANCO MÚLTIPLE",1-01-01063-2,"SKY FILMS, S.R.L.",1-31-72360-8,,LA ALTAGRACIA,2025-11-20,2025-12-12,24993915.0,24993915.0,100.0,24998752.0,24993915.0,1.0,0,,0,,CIPAC-2025-211-LA-ALTAGRACIA-BANCO-POPULAR-DOMINICANO-S.A.pdf
2321,CIPAC-2025-212,2025,,,1249,777,art_34,approved,"BANCO POPULAR DOMINICANO, S. A. BANCO MÚLTIPLE",1-01-01063-2,"ORGULLO DE QUISQUEYA, S.R.L.",1-32-43935-1,,FOLKLORE,2025-11-20,2025-12-12,20000000.0,20000000.0,100.0,24985112.71,24811930.0,0.9,0,,1,"production_company|set_manual|null|ORGULLO DE QUISQUEYA, S.R.L.|Document typo Product0or instead of Productor|Resolution PDF header p.1|2026-07-20|JDP",CIPAC-2025-212-FOLKLORE-BANCO-POPULAR-DOMINICANI-S.A.pdf
2322,CIPAC-2025-213,2025,,,1249,777,art_34,approved,"PASTEURIZADORA RICA, S.A.",1-01-00441-1,"ORGULLO DE QUISQUEYA, S.R.L.",1-32-43935-1,,FOLKLORE,2025-11-20,2025-12-12,4811930.0,4811930.0,100.0,24985112.71,24811930.0,0.9,0,,1,"production_company|set_manual|null|ORGULLO DE QUISQUEYA, S.R.L.|Document typo Product0or instead of Productor|Resolution PDF header p.1|2026-07-20|JDP",CIPAC-2025-213-FOLKLORE-PAASTEURIZADORA-RICA-S.A.pdf
2323,CIPAC-2025-214,2025,,,1273,806,art_34,approved,"ADMINISTRADORA DE FONDOS DE PENSIONES POPULAR, S.A.",1-01-76868-1,"STONE PRODUCTIONS, S.R.L.",1-31-90601-1,,CÓDIGO Z,2025-11-20,2025-12-12,44943000.0,44943000.0,100.0,74969210.0,73437518.0,0.9,0,,1,"production_company|set_manual|null|STONE PRODUCTIONS, S.R.L.|Document typo Product0or instead of Productor|Resolution PDF header p.1|2026-07-20|JDP",CIPAC-2025-214-CODIGO-Z-ADMINISTRADORA-DE-FONDOS-DE-PENSIONES-POPULAR-S.A.pdf
2324,CIPAC-2025-215,2025,,,1273,806,art_34,approved,"BANCO MÚLTIPLE SANTA CRUZ, S.A.",1-02-01292-1,"STONE PRODUCTIONS, S.R.L.",1-31-90601-1,,CÓDIGO Z,2025-11-20,2025-12-12,15000000.0,15000000.0,100.0,74969210.0,73437518.0,0.9,0,,1,"production_company|set_manual|null|STONE PRODUCTIONS, S.R.L.|Document typo Product0or instead of Productor|Resolution PDF header p.1|2026-07-20|JDP",CIPAC-2025-215-CODIGO-Z-BANCO-MULTIPLE-SANTA-CRUZ-S.A.pdf
2325,CIPAC-2025-216,2025,,,1273,806,art_34,approved,"PACIFIC ASSETS, CORP",1-22-01963-4,"STONE PRODUCTIONS, S.R.L.",1-31-90601-1,,CÓDIGO Z,2025-11-20,2025-12-12,2590000.0,2590000.0,100.0,74969210.0,73437518.0,0.9,0,,1,"production_company|set_manual|null|STONE PRODUCTIONS, S.R.L.|Document typo Product0or instead of Productor|Resolution PDF header p.1|2026-07-20|JDP",CIPAC-2025-216-CODIGO-Z-PACIFIC-ASSETS-CORP.pdf
2326,CIPAC-2025-217,2025,,,1273,806,art_34,approved,"PETROMÓVIL, S.A.",1-01-69727-1,"STONE PRODUCTIONS, S.R.L.",1-31-90601-1,,CÓDIGO Z,2025-11-20,2025-12-12,900000.0,900000.0,100.0,74969210.0,73437518.0,0.9,0,,1,"production_company|set_manual|null|STONE PRODUCTIONS, S.R.L.|Document typo Product0or instead of Productor|Resolution PDF header p.1|2026-07-20|JDP",CIPAC-2025-217-CODIGO-Z-PETROMOVIL-S.A.pdf
2327,CIPAC-2025-218,2025,,,1273,806,art_34,approved,"RIZEK, S.A.S.",1-01-66275-1,"STONE PRODUCTIONS, S.R.L.",1-31-90601-1,,CÓDIGO Z,2025-11-20,2025-12-12,10000000.0,10000000.0,100.0,74969210.0,73437518.0,0.9,0,,1,"production_company|set_manual|null|STONE PRODUCTIONS, S.R.L.|Document typo Product0or instead of Productor|Resolution PDF header p.1|2026-07-20|JDP",CIPAC-2025-218-CODIGO-Z-RIZEK-S.A.S.pdf
2328,CIPAC-2025-219,2025,,,1300,773,art_34,approved,"SUIPHAR DOMINICANA, S.R.L.",1-01-56680-9,"LA BODA FILMS, S.R.L.",1-31-88378-8,,ESPERANZA SONORA,2025-11-20,2025-12-12,7000000.0,7000000.0,100.0,25000000.0,7000215.56,0.9,0,,1,"production_company|set_manual|null|LA BODA FILMS, S.R.L.|Document typo Product0or instead of Productor|Resolution PDF header p.1|2026-07-20|JDP",CIPAC-2025-219-ESPERANZA-SONORA-SUIPHAR-DOMINICANA-S.R.L.pdf
2329,CIPAC-2025-220,2025,,,1092,563,art_34,approved,"BANCO MÚLTIPLE BHD, S.A.",1-01-13679-2,"LATINO FILMS, S.R.L.",1-31-28926-6,,LA NOVIA DEL ATLÁNTICO,2025-11-20,2025-12-12,8991999.47,8991999.47,100.0,98601604.06,97825337.0,0.8,0,,1,"production_company|set_manual|null|LATINO FILMS, S.R.L.|Document typo Product0or instead of Productor|Resolution PDF header p.1|2026-07-20|JDP;;total_budget_approved|set_manual|null|98601604.06|OCR read RD$?8,601,604.06 missing first digit 9|Resolution PDF budget section|2026-07-20|JDP",CIPAC-2025-220-LA-NOVIA-DEL-ATLANTICO-BANCO-MULTIPLE-BHD-S.A.pdf
2330,CIPAC-2025-221,2025,,,1092,563,art_34,approved,"BANCO MÚLTIPLE LÓPEZ DE HARO, S.A.",1-01-14588-9,"LATINO FILMS, S.R.L.",1-31-28926-6,,LA NOVIA DEL ATLÁNTICO,2025-11-20,2025-12-12,1000000.0,1000000.0,100.0,98601604.06,97825337.0,0.9,0,,1,"production_company|set_manual|null|LATINO FILMS, S.R.L.|Document typo Product0or instead of Productor|Resolution PDF header p.1|2026-07-20|JDP",CIPAC-2025-221-LA-NOVIA-DEL-ATLANTICO-BANCO-MULTIPLE-LOPEZ-DE-HARO-S.A.pdf
2331,CIPAC-2025-222,2025,,,958,574,art_34,approved,"GRUPO COMETA, S.A.S.",1-01-01943-3,"LARIMAR SERVICES, S.R.L.",1-31-18319-2,,DICEN POR AHÍ,2025-11-20,2025-12-12,1711688.39,1711688.39,100.0,39915630.51,29595056.15,0.9,0,,1,"production_company|set_manual|null|LARIMAR SERVICES, S.R.L.|Document typo Product0or instead of Productor|Resolution PDF header p.1|2026-07-20|JDP",CIPAC-2025-222-DICEN-POR-AHI-GRUPO-COMETA-S.A.S.pdf
2332,CIPAC-2026-001,2026,,,922,534,art_34,approved,"ECO MOTORS, S.A.S.",1-30-91075-8,"ALEXANDRA GUERRERO PRODUCTIONS AGP, S.R.L.",1-32-74306-7,,EL MUNDO SECRETO DE MARINA,2025-11-26,2026-01-15,2000000.0,2000000.0,100.0,79738189.2,65614583.0,0.9,0,,1,total_budget_approved|set_manual|null|79738189.20|OCR missed approval paragraph|Resolution PDF p.2 budget section|2026-07-16|JDP,CIPAC-2026-001-EL-MUNDO-SECRETO-DE-MARINA-ECO-MOTORS-S.A.S.pdf
2333,CIPAC-2026-002,2026,,,922,534,art_34,approved,"ECO PETRÓLEO DOMINICANA, S.A.",1-30-71483-5,"ALEXANDRA GUERRERO PRODUCTIONS AGP, S.R.L.",1-32-74306-7,,EL MUNDO SECRETO DE MARINA,2025-11-26,2026-01-15,500000.0,500000.0,100.0,79738189.2,65614583.0,1.0,0,,0,,CIPAC-2026-002-EL-MUNDO-SECRETO-DE-MARINA-ECO-PETROLEO-DOMINICANO-S.A.pdf
2334,CIPAC-2026-003,2026,,,922,534,art_34,approved,"GRUPO RAMOS, S.A.",1-01-79682-2,"ALEXANDRA GUERRERO PRODUCTIONS AGP, S.R.L.",1-32-74306-7,,EL MUNDO SECRETO DE MARINA,2025-11-26,2026-01-15,15000000.0,15000000.0,100.0,79738187.0,65614583.0,1.0,0,,0,,CIPAC-2026-003-EL-MUNDO-SECRETO-DE-MARINA-GRUPO-RAMOS-S.A.pdf
2335,CIPAC-2026-004,2026,,,922,534,art_34,approved,"LETERAGO, S.R.L.",1-01-01357-5,"ALEXANDRA GUERRERO PRODUCTIONS AGP, S.R.L.",1-32-74306-7,,EL MUNDO SECRETO DE MARINA,2025-11-26,2026-01-15,5969689.0,5969689.0,100.0,79738189.2,65614583.0,1.0,0,,0,,CIPAC-2026-004-EL-MUNDO-SECRETO-DE-MARINA-LETERAGO-S.R.L.pdf
2336,CIPAC-2026-005,2026,,,872,538,art_34,approved,"SUIPHAR DOMINICANA, S.R.L.",1-01-56680-9,"FRONTERA FILMS, S.R.L.",1-31-75564-1,,OPERACIÓN MARRUECOS,2025-12-02,2026-01-15,13000000.0,13000000.0,100.0,68998422.72,60453245.36,1.0,0,,0,,CIPAC-2026-005-OPERACION-MARRUECOS-SUIPHAR-DOMINICANA-S.A.L.pdf
2337,CIPAC-2026-006,2026,,,1231,754,art_34,approved,"BANCO POPULAR DOMINICANO, S. A. BANCO MÚLTIPLE",1-01-01063-2,"EN OLLA MEDIA, S.R.L.",1-32-98058-1,,CIMARRÓN,2025-12-05,2026-01-15,10000000.0,10000000.0,100.0,22928312.74,20004023.56,1.0,0,,0,,CIPAC-2026-006-CIMARRON-BANCO-POPULAR-DOMINICANO-S.A.pdf
2338,CIPAC-2026-007,2026,,,1231,754,art_34,approved,"INDUVECA, S.A.",1-22-01122-6,"EN OLLA MEDIA, S.R.L.",1-32-98058-1,,CIMARRÓN,2025-12-05,2026-01-15,10000000.0,10000000.0,100.0,22928312.74,20004023.56,1.0,0,,0,,CIPAC-2026-007-CIMARRON-INDUVECAS.A.pdf
2339,CIPAC-2026-008,2026,,,1132,694,art_34,approved,"ADMINISTRADORA DE FONDOS DE PENSIONES RESERVAS, S.A.",1-01-86939-9,"LARIMAR SERVICES, S.R.L.",1-31-18319-2,,KIKA Y NITO,2025-12-09,2026-01-15,3000000.0,3000000.0,100.0,38117316.63,24667237.0,1.0,0,,0,,CIPAC-2026-008-KIKA-Y-NITO-ADMINISTRADORA-DE-FONDOS-DE-INVERSIONES-RESERVAS-S.A.pdf
2340,CIPAC-2026-009,2026,,,1132,694,art_34,approved,"TD BONDED WAREHOUSE, S.A.S.",1-30-89063-3,"LARIMAR SERVICES, S.R.L.",1-31-18319-2,,KIKA Y NITO,2025-12-09,2026-01-15,1500000.0,1500000.0,100.0,38117316.63,24667237.0,1.0,0,,0,,CIPAC-2026-009-KIKA-Y-NITO-TD-BONDED-WAREHOUSES-S.A.S.pdf
2341,CIPAC-2026-010,2026,,,1132,694,art_34,approved,"QUALA DOMINICANA, S.A.",1-01-74167-8,"LARIMAR SERVICES, S.R.L.",1-31-18319-2,,KIKA Y NITO,2025-12-09,2026-01-15,2000000.0,2000000.0,100.0,38117316.63,24667237.0,1.0,0,,0,,CIPAC-2026-010-KIKA-Y-NITO-QUALA-DOMINICANA-S.A.pdf
2342,CIPAC-2026-011,2026,,,1132,694,art_34,approved,"GRUPO COMETA, S.A.S.",1-01-01943-3,"LARIMAR SERVICES, S.R.L.",1-31-18319-2,,KIKA Y NITO,2025-12-09,2026-01-15,7288293.17,7288293.17,100.0,38117316.63,24667237.0,1.0,0,,0,,CIPAC-2026-011-KIKJA-Y-NITO-GRUPO-COMETA-S.A.S.pdf
2343,CIPAC-2026-012,2026,,,1162,708,art_34,approved,"AEROPUERTO INTERNACIONAL DEL CIBAO, S.A.",1-02-61324-9,"COTORRA FILMS, S.R.L.",1-33-03011-1,,EL DIABLO NO DUERME EN SU CAMA,2025-12-10,2026-01-15,3500000.0,3500000.0,100.0,69476165.26,66200553.58,0.9,0,,1,resolution_date|set_manual|null|2026-01-15|OCR could not read date|Signature/stamp covers opening paragraph|2026-07-16|JDP,CIPAC-2026-012-EL-DIABLO-NO-DUERME-EN-SU-CAMA-AEROPUERTO-INTERNACIONAL-DEL-CIABAO-S.A.pdf
2344,CIPAC-2026-013,2026,,,1236,768,art_34,approved,"ADMINISTRADORA DE FONDOS DE PENSIONES POPULAR, S.A.",1-01-76868-1,"YUTTAM GROUP, S.R.L.",1-31-28530-9,,LOS RECHAZADOS 2: MISIÓN ESPACIAL,2025-12-11,2026-01-15,40527662.0,40527662.0,100.0,72496849.0,71727662.0,1.0,0,,0,,CIPAC-2026-013-LOS-RECHAZADOS-2-MISION-ESPACIAL-ADMINISTRADORA-DE-FONDOS-DE-PENSIONES-POPULAR-S.A.pdf
2345,CIPAC-2026-014,2026,,,1236,768,art_34,approved,"BANCO MÚLTIPLE SANTA CRUZ, S.A.",1-02-01292-1,"YUTTAM GROUP, S.R.L.",1-31-28530-9,,LOS RECHAZADOS 2: MISIÓN ESPACIAL,2025-12-11,2026-01-15,24500000.0,24500000.0,100.0,72496849.0,71727662.0,1.0,0,,0,,CIPAC-2026-014-LOS-RECHAZADOS-2-MISION-ESPACIAL-BANCO-MULTIPLE-SANTA-CRUZ-S.A.pdf
2346,CIPAC-2026-015,2026,,,1236,768,art_34,approved,"PETROMÓVIL, S.A.",1-01-69727-1,"YUTTAM GROUP, S.R.L.",1-31-28530-9,,LOS RECHAZADOS 2: MISIÓN ESPACIAL,2025-12-11,2026-01-15,6700000.0,6700000.0,100.0,72496849.0,71727662.0,1.0,0,,0,,CIPAC-2026-015-LOS-RECHAZADOS-2-MISION-ESPACIAL-PETROMOVIL-S.A.pdf
2347,CIPAC-2026-016,2026,,,1242,762,art_34,approved,"ADMINISTRADORA DE FONDOS DE PENSIONES POPULAR, S.A.",1-01-76868-1,"GODRANISS GROUP, S.R.L.",1-31-37909-5,,ODA A LA VACA,2025-12-11,2026-01-15,11932418.0,11932418.0,100.0,24902957.0,23332489.0,1.0,0,,0,,CIPAC-2026-016-ODA-LA-VACA-ADMINISTRADORA-DE-FONDOS-DE-PENSIONES-POPULAR-S.A.pdf
2348,CIPAC-2026-017,2026,,,1242,762,art_34,approved,"AGENTE DE REMESAS Y CAMBIO VIMENCA, S.A.",1-01-08899-2,"GODRANISS GROUP, S.R.L.",1-31-37909-5,,ODA A LA VACA,2025-12-11,2026-01-15,10000000.0,10000000.0,100.0,24902957.0,23332489.0,1.0,0,,0,,CIPAC-2026-017-ODA-A-LA-VACA-AGENTE-DE-REMESAS-Y-CAMBIO-VIMENCA-S.A.pdf
2349,CIPAC-2026-018,2026,,,1242,762,art_34,approved,"PETROMOVIL, S.A.",1-0169727-1,"GODRANISS GROUP, S.R.L.",1-31-37909-5,,ODA A LA VACA,2025-12-11,2026-01-15,1400000.0,1400000.0,100.0,24902957.0,23332489.0,1.0,0,,0,,CIPAC-2026-018-ODA-A-LA-VACA-PETROMOVIL-S.A.pdf
2350,CIPAC-2026-019,2026,,,1154,710,art_34,approved,"BANCO POPULAR DOMINICANO, S. A. BANCO MÚLTIPLE",1-01-01063-2,"FAULA FILMS, S.R.L.",1-30-89356-1,,LA PELICULA DE MI TIO,2025-12-11,2026-01-15,4990499.0,4990499.0,100.0,84499765.0,79466611.0,1.0,0,,0,,CIPAC-2026-019-LA-PELICULA-DE-MI-TIO-BANCO-POPULAR-DOMINICANO-S.A.pdf
2351,CIPAC-2026-020,2026,,,1292,819,art_34,approved,"BANCO MÚLTIPLE LÓPEZ DE HARO, S.A.",1-01-14588-9,"VFILMS 2, S.R.L.",1-32-81404-5,,LOS REYES DE PUERTO PLATA,2025-12-15,2026-01-15,24975771.0,24975771.0,100.0,25000000.0,24995974.0,1.0,0,,0,,CIPAC-2026-020-LOS-REYES-DE-PUERTO-PLATA-BANCO-MULTIPLE-LOPEZ-DE-HARO.pdf
2352,CIPAC-2026-021,2026,,,1324,816,art_34,approved,"BRUGAL & CO, S.A.",1-05-00006-7,"GRUPO TRUKEMER, S.R.L.",1-31-08399-4,,CAMINAR CON UN DUENDE,2025-12-15,2026-01-15,7000000.0,7000000.0,100.0,24065233.0,12028948.0,1.0,0,,0,,CIPAC-2026-021-CAMINAR-CON-UN-DUENDE-BRUGAL-Y-CO-S.A.pdf
2353,CIPAC-2026-022,2026,,,1324,816,art_34,approved,"COMPAÑÍA DE ELECTRICIDAD DE SAN PEDRO DE MACORÍS, S.A.",1-01-79912-9,"GRUPO TRUKEMER, S.R.L.",1-31-08399-4,,CAMINAR CON UN DUENDE,2025-12-15,2026-01-15,5000000.0,5000000.0,100.0,24065233.0,12028948.0,1.0,0,,0,,CIPAC-2026-022-CAMINAR-CON-UN-DUENDE-COMPANIA-DE-ELECTRICIDAD-DE-SAN-PEDRO-DE-MACORIS-S.A.pdf
2354,CIPAC-2026-023,2026,,,1127,685,art_34,approved,"AEROPUERTO INTERNACIONAL DEL CIBAO, S.A.",1-02-61324-9,"LAS PATO FILMS, S.R.L.",1-33-00836-1,,ACORDE FINAL,2025-12-15,2026-01-15,1400000.0,1400000.0,100.0,62794147.39,48812394.63,1.0,0,,0,,CIPAC-2026-023-ACORDE-FINAL-AEROPUERTO-INTERNACIONAL-DEL-CIBAO-S.A.pdf
2355,CIPAC-2026-024,2026,,,1132,694,art_34,approved,"CONSTRUCTORA E INMOBILIARIA CELIK, S.R.L.",1-32-17826-2,"LARIMAR SERVICES, S.R.L.",1-31-18319-2,,KIKA Y NITO,2025-12-15,2026-01-15,2360000.0,2360000.0,100.0,38117316.63,27026870.0,1.0,0,,0,,CIPAC-2026-024-KIKA-Y-NITO-CONSTRUCTOTA-E-INMOBILIARIA-CELIK-S.R.L.pdf
2356,CIPAC-2026-025,2026,,,1038,630,art_34,approved,"CONSTRUCTORA MONTEBIANCO, S.R.L.",1-31-47453-5,"SKY FILMS, S.R.L.",1-31-72360-8,,MARCAS EMBLEMATICAS 2,2025-12-16,2026-01-15,2000000.0,2000000.0,100.0,36872434.0,28502691.0,1.0,0,,0,,CIPAC-2026-025-MARCAS-EMBLEMATICAS-2-CONSTRUCTORA-MONTEBIANCO-S.R.L.pdf
2357,CIPAC-2026-026,2026,,,1038,630,art_34,approved,"INDUVECA, S.A.",1-22-01122-6,"SKY FILMS, S.R.L.",1-31-72360-8,,MARCAS EMBLEMÁTICAS 2,2025-12-16,2026-01-15,1500000.0,1500000.0,100.0,36872434.0,1500000.0,1.0,0,,0,,CIPAC-2026-026-MARCAS-EMBLEMATICAS-2-INDUVECA-S.A.pdf
2358,CIPAC-2026-027,2026,,,1038,630,art_34,approved,"MERCASID, S.A.",1-01-80768-7,"SKY FILMS, S.R.L.",1-31-72360-8,,MARCAS EMBLEMÁTICAS 2,2025-12-16,2026-01-15,1500000.0,1500000.0,100.0,36872434.0,28502691.0,1.0,0,,0,,CIPAC-2026-027-MARCAS-EMBLEMATICAS-2-MERCASID-S.A.pdf
2359,CIPAC-2026-028,2026,,,1255,783,art_34,approved,"CERVECERÍA NACIONAL DOMINICANA, S.A.",1-01-00372-3,"REGENGY FILMS 15, S.R.L.",1-33-16284-9,,"DETAL PALO, TAL ASTILLA",2025-12-16,2026-01-15,39927534.89,39927534.89,100.0,74999267.0,49963803.43,1.0,0,,0,,CIPAC-2026-028-DE-TAL-PALO-TAL-ASTILLA-CERVECERIA-NACIONAL-DOMINICANA-S.A.pdf
2360,CIPAC-2026-029,2026,,,1255,783,art_34,approved,"BANCO POPULAR DOMINICANO, S. A. BANCO MÚLTIPLE",1-01-01063-2,"REGENGY FILMS 15, S.R.L.",1-33-16284-9,,"DE TAL PALO, TAL ASTILLA",2025-12-16,2026-01-15,9999603.41,9999603.41,100.0,74999267.0,49963803.43,1.0,0,,0,,CIPAC-2026-029-DE-TAL-PALO-TAL-ASTILLA-BANCO-POPULAR-DOMINICANO-S.A.pdf
2361,CIPAC-2026-030,2026,,,1251,753,art_34,approved,"RETZY IMPORTACIONES Y EXPORTACIONES, S.R.L.",1-01-82379-8,"HELIX, S.R.L.",1-31-39469-8,,LAS EVAS,2025-12-18,2026-01-15,4922580.0,4922580.0,100.0,24962848.82,24928580.0,1.0,0,,0,,CIPAC-2026-030-LAS-EVAS-RETZY-IMPORTACIONES-Y-EXPORTACIONES-S.R.L.pdf
2362,CIPAC-2026-031,2026,,,1247,778,art_34,approved,"BANCO DE AHORRO Y CRÉDITO ADOPEM, S.A.",1-03-00310-9,"RDPOSITIVA FILMS PELÍCULAS Y DOCUMENTALES, S.R.L.",1-33-09607-2,,LA GRAN OPORTUNIDAD: UNA NUEVA SOCIEDAD,2025-12-18,2026-01-15,5000000.0,5000000.0,100.0,24640179.54,19029544.62,1.0,0,,0,,CIPAC-2026-031-LA-GRAN-OPORTUNIDAD-UNA-NUEVA-SOCIEDAD-.pdf
2363,CIPAC-2026-032,2026,,,1247,778,art_34,approved,"BANCO POPULAR DOMINICANO, S. A. BANCO MÚLTIPLE",1-01-01063-2,"RDPOSITIVA FILMS PELÍCULAS Y DOCUMENTALES, S.R.L.",1-33-09607-2,,LA GRAN OPORTUNIDAD: UNA NUEVA SOCIEDAD,2025-12-18,2026-01-15,10000000.0,10000000.0,100.0,24640179.54,19029544.62,1.0,0,,0,,CIPAC-2026-032-LA-GRAN-OPORTUNIDAD-UNA-NUEVA-SOCIEDAD-BANCO-POPULAR-DOMINICANO-S.A.pdf
2364,CIPAC-2026-033,2026,,,1247,778,art_34,approved,"CONSORCIO ENERGÉTICO PUNTA CANA MACAO, S.A.",1-01-58340-1,"RDPOSITIVA FILMS PELÍCULAS Y DOCUMENTALES, S.R.L.",1-33-09607-2,,LA GRAN OPORTUNIDAD: UNA NUEVA SOCIEDAD,2025-12-18,2026-01-15,4000000.0,4000000.0,100.0,24640179.54,19029544.62,1.0,0,,0,,CIPAC-2026-033-LA-GRAN-OPORTUNIDAD-UNA-NUEVA-SOCIEDAD-CONSORCIO-ENERGETICO-PUNTA-CANA-MACAO-MACAO-CEPM-S.A.pdf
2365,CIPAC-2026-034,2026,,,1288,750,art_34,approved,"AFP CRECER, S.A.",1-01-86085-5,"JOYADISE, S.R.L.",1-31-56995-1,,"VETERANOS, PATRIA Y LEGADO",2025-12-18,2026-01-15,3000000.0,3000000.0,100.0,24486166.11,18054860.11,1.0,0,,0,,CIPAC-2026-034-VETERANOS-PATRIA-YLEGADO-AFP-CRECER-S.A.pdf
2366,CIPAC-2026-035,2026,,,1288,750,art_34,approved,"ADMINISTRADORA DE FONDOS DE PENSIONES RESERVAS, S.A.",1-01-86939-9,"JOYADISE, S.R.L.",1-31-56995-1,,"VETERANOS, PATRIA Y LEGADO",2025-12-18,2026-01-15,4000000.0,4000000.0,100.0,24486166.11,18054860.11,1.0,0,,0,,CIPAC-2026-035-VETERANOS-PATRIA-Y-LEGADO-ADMINISTRADORA-DE-FONDOS-DE-PENSIONES-RESERVAS-S.A.pdf
2367,CIPAC-2026-036,2026,,,1288,750,art_34,approved,"COBINCA, S.A.",1-01-19447-2,"JOYADISE, S.R.L.",1-31-56995-1,,"VETERANOS, PATRIA Y LEGADO",2025-12-18,2026-01-15,10000000.0,10000000.0,100.0,24486166.11,18054860.11,1.0,0,,0,,CIPAC-2026-036-VETERANOS-PATRIA-Y-LEGADO-COBINCA-S.A.pdf
2368,CIPAC-2026-037,2026,,,1288,750,art_34,approved,"RETZY IMPORTACIONES Y EXPORTACIONES, S.R.L.",1-01-82379-8,"JOYADISE, S.R.L.",1-31-56995-1,,"VETERANOS, PATRIA Y LEGADO",2025-12-18,2026-01-15,1050000.0,1050000.0,100.0,24486166.11,18054860.11,1.0,0,,0,,CIPAC-2026-037-VETERANOS-PATRIA-Y-LEGADO-RETZY-IMPORTACIONES-Y-EXPORTACIONES-S.R.L.pdf
2369,CIPAC-2026-038,2026,,,1293,792,art_34,approved,"BANCO MÚLTIPLE BHD, S.A.",1-01-13679-2,"JUGANDO ROLES, S.R.L.",1-32-10596-6,,BUENA,2025-12-22,2026-01-15,20000000.0,20000000.0,100.0,74997414.0,37713665.0,1.0,0,,0,,CIPAC-2026-038-BUENA-BANCO-MULTIPLE-BHD-S.A.pdf
2370,CIPAC-2026-039,2026,,,1293,792,art_34,approved,"INDUVECA, S.A.",1-22-01122-6,"JUGANDO ROLES, S.R.L.",1-32-10596-6,,BUENA,2025-12-22,2026-01-15,15000000.0,15000000.0,100.0,74997414.0,37713665.0,1.0,0,,0,,CIPAC-2026-039-BUENA-INDUVECA-S.A.pdf
2371,CIPAC-2026-040,2026,,,889,552,art_34,approved,"BANCO MÚLTIPLE BDI, S.A.",1-01-04029-7,"BATÚ FILMS, S.R.L.",1-31-11476-8,,MIN9TAURO. PICASSO Y LAS MUJERES DEL GUERNICA,2025-12-22,2026-01-15,5000000.0,5000000.0,100.0,105941530.0,95391368.9,1.0,0,,0,,CIPAC-2026-040-MINOTAURO.-PICASSO-Y-LAS-MUJERES-DEL-GUERNICA-BANCO-MULTIPLE-BDI-S.A.pdf
2372,CIPAC-2026-041,2026,,,1317,842,art_34,approved,"AEROPUERTO INTERNACIONAL DEL CIBAO, S.A.",1-02-61324-9,"VIEWFINDER, S.R.L.",1-30-94190-4,,EL AÑO DEL ECLIPSE,2025-12-22,2026-01-15,11999974.77,11999974.77,100.0,24998947.91,11999974.77,1.0,0,,0,,CIPAC-2026-041-EL-ANO-DEL-ECLIPSE-AEROPUERTO-INTERNACIONAL-DEL-CIBAO-S.A.pdf
2373,CIPAC-2026-042,2026,,,1279,815,art_34,approved,"BANCO MÚLTIPLE LÓPEZ DE HARO, S.A.",1-01-14588-9,"ARRAYANO FILMS, S.R.L.",1-32-28278-7,,LA VUELTA,2025-12-22,2026-01-15,1000000.0,1000000.0,100.0,47788588.66,44384148.65,1.0,0,,0,,CIPAC-2026-042-LA-VUELTA-BANCO-MULTIPLE-LOPEZ-DE-HARO-S.A.pdf
2374,CIPAC-2026-043,2026,,,1279,815,art_34,approved,"CONSORCIO DE TARJETAS DOMINICANAS, S.A.",1-01-65432-5,"ARRAYANO FILMS, S.R.L.",1-32-28278-7,,LA VUELTA,2025-12-22,2026-01-15,14994756.57,14994756.57,100.0,47788588.66,44384148.65,1.0,0,,0,,CIPAC-2026-043-LA-VULTA-CONSORCIO-DE-TARJETAS-DOMINICANA-S.A.pdf
2375,CIPAC-2026-044,2026,,,1305,834,art_34,approved,"ARS MONUMENTAL, S.A.",1-30-05800-8,"PRODUCCIONES GUAYACANES 017, S.R.L.",1-33-20996-9,,ARCHIPIÉLAGO,2025-12-22,2026-01-15,5000000.0,5000000.0,100.0,45016160.0,32536956.0,1.0,0,,0,,CIPAC-2026-044-ARCHIPIELAGO-ARS-MONUMENTAL-S.A.pdf
2376,CIPAC-2026-045,2026,,,1305,834,art_34,approved,"DOMICEM, S.A.",1-01-81679-1,"PRODUCCIONES GUAYACANES 017, S.R.L.",1-33-20996-9,,ARCHIPIÉLAGO,2025-12-22,2026-01-15,15000000.0,15000000.0,100.0,45016160.0,32536956.0,1.0,0,,0,,CIPAC-2026-045-ARCHIPIELAGO-DOMICEMS.A.pdf
2377,CIPAC-2026-046,2026,,,1305,834,art_34,approved,"LA MONUMENTAL DE SEGUROS, S.A.",1-02-30854-3,"PRODUCCIONES GUAYACANES 017, S.R.L.",1-33-20996-9,,ARCHIPIÉLAGO,2025-12-22,2026-01-15,5000000.0,5000000.0,100.0,45016160.0,32536956.0,0.9,0,,1,producer_rnc|set_manual|null|1-33-20996-9|OCR corrupted label Fr9ducfor instead of Productor|Resolution PDF header p.1|2026-07-16|JDP,CIPAC-2026-046-ARCHIPIELAGO-LA-MONUMENTAL-DEL-SEGUROS-S.A.pdf
2378,CIPAC-2026-047,2026,,,1305,834,art_34,approved,"PROMOTORA PRADERA VERDE, S.R.L.",1-01-84677-1,"PRODUCCIONES GUAYACANES 017, S.R.L.",1-33-20996-9,,ARCHIPIELAGO,2025-12-22,2026-01-15,7536956.0,7536956.0,100.0,45016160.0,32536956.0,0.8,0,,1,investor_rnc|set_manual|null|1-01-84677-1|OCR read I-01-846?7—l instead of RNC|Resolution PDF header p.1|2026-07-16|JDP;;producer_rnc|set_manual|null|1-33-20996-9|OCR corrupted label Prgducior|Resolution PDF header p.1|2026-07-16|JDP,CIPAC-2026-047-ARCHIPIELAGO-PROMOTORA-PRADERA-VERDE-S.R.L.pdf
2379,CIPAC-2026-049,2026,,,1248,781,art_34,approved,"BANCO MÚLTIPLE BHD, S.A.",1-01-13679-2,"COMPARSA FILMS, S.R.L.",1-32-99343-8,,SU MANO,2025-12-16,2026-02-09,9994933.0,9994933.0,100.0,50000000.0,50001021.05,1.0,0,,0,,CIPAC-2026-049-SU-MANO-BANCO-MLTIPLE-BHD-S.A.pdf
2380,CIPAC-2026-050,2026,,,1248,781,art_34,approved,"FIDUCIARIA RESERVAS, S.A.",1-31-02145-1,"COMPARSA FILMS, S.R.L.",1-32-99343-8,,SU MANO,2025-12-16,2026-02-09,7000000.0,7000000.0,100.0,50000000.0,50001021.05,1.0,0,,0,,CIPAC-2026-050-SU-MANO-FIDUCIARIA-RESERVAS-S.A.pdf
2381,CIPAC-2026-051,2026,,,1248,781,art_34,approved,"ADMINISTRADORA DE FONDOS DE PENSIONES RESERVAS, S.A.",1-01-86939-9,"COMPARSA FILMS, S.R.L.",1-32-99343-8,,SU MANO,2025-12-16,2026-02-09,3000000.0,3000000.0,100.0,50000000.0,50001021.05,0.9,0,,1,pur_number|set_manual|null|1248|OCR read UÚnico instead of Único|Resolution PDF header p.1|2026-07-16|JDP,CIPAC-2026-051-SU-MANO-ADMINISTRADORA-DE-FONDOS-DE-PENSIONES-RESERVAS-S.A.pdf
2382,CIPAC-2026-052,2026,,,1215,681,art_34,approved,"UNITED PETROLEUM GRUPO HAINA, S.R.L.",1-30-07102-2,"SINERGIAFILMS, S.R.L.",1-31-60885-1,,EL SILENCIO DE LA SOCIEDAD DOMINICANA,2025-12-29,2026-02-09,2000000.0,2000000.0,100.0,23907964.05,13700000.0,0.9,0,,1,"production_company|set_manual|null|SINERGIAFILMS, S.R.L.|Document typo Product0or instead of Productor|Resolution PDF header p.1|2026-07-16|JDP",CIPAC-2026-052-EL-SILENCIO-DE-LA-SOCIEDAD-DOMINICANA-UNITED-PETROLEUM-GRUPO-HAINA-S.R.L.pdf
2383,CIPAC-2026-053,2026,,,1215,681,art_34,approved,"COBINCA, S.A.",1-01-19447-2,"SINERGIAFILMS, S.R.L.",1-31-60885-1,,EL SILENCIO DE LA SOCIEDAD DOMINICANA,2025-12-29,2026-02-09,1700000.0,1700000.0,100.0,23907964.05,13700000.0,1.0,0,,0,,CIPAC-2026-053-EL-SILENCIO-DE-LA-SOCIEDAD-DOMINICANA-COBINCA-S.A.pdf
2384,CIPAC-2026-054,2026,,,1187,745,art_34,approved,"LABORATORIOS DE APLICACIONES MÉDICAS, S.A.",1-01-16846-3,"YG VEGA PICTURES, S.R.L.",1-33-14478-6,,EL VISITADOR,2025-12-29,2026-02-09,7996085.25,7996085.25,100.0,74999987.68,72996085.25,0.9,0,,1,"production_company|set_manual|null|YG VEGA PICTURES, S.R.L.|Document typo Product0or instead of Productor|Resolution PDF header p.1|2026-07-16|JDP",CIPAC-2026-054-EL-VISITADOR-LABORATORIOS-DE-APLICACIONES-MEDICS-S.A.pdf
2385,CIPAC-2026-055,2026,,,962,565,art_34,approved,"CONSORCIO MINERO DOMINICANO, S.A.",1-30-03639-1,"BOLECA FILMS, S.R.L.",1-32-38372-9,,VÍCTOR,2025-12-29,2026-02-09,5000000.0,5000000.0,100.0,98636570.0,98885024.61,0.9,0,,1,"production_company|set_manual|null|BOLECA FILMS, S.R.L.|Document typo Product0or instead of Productor|Resolution PDF header p.1|2026-07-16|JDP",CIPAC-2026-055-VICTOR-CONSORCIO-MINERO-DOMINICANO-S.A.pdf
2386,CIPAC-2026-056,2026,,,1031,621,art_34,approved,"AEROPUERTO INTERNACIONAL DEL CIBAO, S.A.",1-02-61324-9,"CARAMBOLA FILMS, S.R.L.",1-32-87129-4,,LOS BORRACHOS,2026-01-06,2026-02-09,1100000.0,1100000.0,100.0,59624524.82,47482922.12,0.9,0,,1,"production_company|set_manual|null|CARAMBOLA FILMS, S.R.L.|Document typo Product0or instead of Productor|Resolution PDF header p.1|2026-07-16|JDP",CIPAC-2026-056-LOS-BORRACHOS-AEROPUERTO-INTERNACIONAL-DEL-CIBAO-S.A.pdf
2387,CIPAC-2026-057,2026,,,728,463,art_34,approved,"LABORATORIOS DE APLICACIONES MÉDICAS, S.A.",1-01-16846-3,"DOMINICAN NIGHTSCAPE, S.R.L.",1-32-23885-2,,BUTYTO,2026-01-08,2026-02-09,3000000.0,3000000.0,100.0,66943888.5,27999074.0,1.0,0,,0,,CIPAC-2026-057-BUTYTO-LABORATORIOS-DE-APLICACIONES-MEDICAS-S.A.pdf
2388,CIPAC-2026-058,2026,,,1272,583,art_34,approved,"BANCO POPULAR DOMINICANO, S. A. BANCO MÚLTIPLE",1-01-01063-2,"LABERINTO FILMS, S.R.L.",1-32-07945-2,,JENNY,2026-01-08,2026-02-09,24851356.0,24851356.0,100.0,24853989.4,24851356.0,1.0,0,,0,,CIPAC-2026-058-JENNY-BANCO-POPULAR-DOMINICANO-S.A.pdf
2389,CIPAC-2026-059,2026,,,1314,796,art_34,approved,"CONSORCIO DE TARJETAS DOMINICANAS, S.A.",1-01-65432-5,"PURPLELINE PRODUCTIONS, S.R.L.",1-31-29747-1,,LA VOZ DEL AUTISTA,2026-01-12,2026-02-09,10000000.0,10000000.0,100.0,22457451.0,10000000.0,1.0,0,,0,,CIPAC-2026-059-LA-VOZ-DEL-AUTISTA-CONSORCIO-DE-TARJETAS-DOMINICANAS-S.A.pdf
2390,CIPAC-2026-060,2026,,,1271,759,art_34,approved,"INTERNACIONAL DE TRANSPORTES, S.A.S.",1-01-12667-1,"LMA FILMS, S.R.L.",1-33-07103-7,,BAJO EL OJO VIGILANTE,2026-01-12,2026-02-09,1200000.0,1200000.0,100.0,30000000.0,20130070.0,0.9,0,,1,"production_company|set_manual|null|LMA FILMS, S.R.L.|Document typo Product0or instead of Productor|Resolution PDF header p.1|2026-07-16|JDP",CIPAC-2026-060-BAJO-EL-OJO-VIGILANTE-INTERNACIONAL-DE-TRANSPORTE-S.R.L.pdf
2391,CIPAC-2026-061,2026,,,1271,759,art_34,approved,"TERRA AGROCORP, S.A.",1-30-88535-4,"LMA FILMS, S.R.L.",1-33-07103-7,,BAJO EL OJO VIGILANTE,2026-01-12,2026-02-09,1000000.0,1000000.0,100.0,30000000.0,20130070.0,0.9,0,,1,"production_company|set_manual|null|LMA FILMS, S.R.L.|Document typo Product0or instead of Productor|Resolution PDF header p.1|2026-07-16|JDP",CIPAC-2026-061-BAJO-EL-OJO-VIGILANTE-TERRA-AGROCORP-S.A.pdf
2392,CIPAC-2026-062,2026,,,1291,774,art_34,approved,"BANCO MÚLTIPLE BHD, S.A.",1-01-13679-2,"METRO FILMS, S.R.L.",1-30-97291-5,,EL ORIGEN DE LOS APELLIDOS DOMINICANOS,2026-01-12,2026-02-09,9999145.0,9999145.0,100.0,23345239.47,10000000.0,0.9,0,,1,"validated_amount_dop|set_manual|null|9999145.00|OCR read RDS?,999,145.00 missing first digit|Resolution PDF PRIMERO section|2026-07-16|JDP",CIPAC-2026-062-EL-ORIGEN-DE-LOS-APELLIDOS-DOMINICANOS-BANCO-MULTIPLE-BHD-S.A.pdf
2393,CIPAC-2026-063,2026,,,1290,741,art_34,approved,"DOMICEM, S.A.",1-01-81679-1,"PRODUCCIONES GUAYACANES 015, S.R.L.",1-33-12433-5,,COMEMIERDA,2026-01-12,2026-02-09,64994303.0,64994303.0,100.0,74875470.0,64998000.0,1.0,0,,0,,CIPAC-2026-063-COMEMIERDA-DOMICEM-S.A.pdf
2394,CIPAC-2026-064,2026,,,1299,782,art_34,approved,"INDUVECA, S.A.",1-22-01122-6,"REY DAVID LA PELÍCULA, S.R.L.",1-33-45221-9,,"DAVID, EL REY ESCOGIDO",2026-01-12,2026-02-09,7500000.0,7500000.0,100.0,84969210.0,15006212.0,1.0,0,,0,,CIPAC-2026-064-DAVID-EL-REY-ESCOGIDO-INDUVECA-S.A.pdf
2395,CIPAC-2026-065,2026,,,1299,782,art_34,approved,"MERCASID, S.A.",1-01-80768-7,"REY DAVID LA PELÍCULA, S.R.L.",1-33-45221-9,,"DAVID, EL REY ESCOGIDO",2026-01-12,2026-02-09,7500000.0,7500000.0,100.0,84969210.0,15006212.0,1.0,0,,0,,CIPAC-2026-065-DAVID-EL-REY-ESCOGIDO-MERCASID-S.A.pdf
2396,CIPAC-2026-066,2026,,,1051,648,art_34,approved,"BANCO POPULAR DOMINICANO, S. A. BANCO MÚLTIPLE",1-01-01063-2,"METRO FILMS, S.R.L.",1-30-97291-5,,HISTORIA DE LA MÚSICA DOMINICANA | (EL MERENGUE),2026-01-12,2026-02-09,24991602.0,24991602.0,100.0,59005943.86,53006600.0,0.9,0,,1,"production_company|set_manual|null|METRO FILMS, S.R.L.|Document typo Product0or instead of Productor|Resolution PDF header p.1|2026-07-16|JDP",CIPAC-2026-066-HISTORIA-DE-LA-MUSICA-DOMINICANA-I-EL-MERENGUE-BANCO-POPULAR-DOMINICANO-S.A.pdf
2397,CIPAC-2026-067,2026,,,1140,706,art_34,approved,"BANCO POPULAR DOMINICANO, S. A. BANCO MÚLTIPLE",1-01-01063-2,"METRO FILMS, S.R.L.",1-30-97291-5,,HISTORIA DE LA MÚSICA DOMINICANA II (LA BACHATA),2026-01-12,2026-02-09,5000000.0,5000000.0,100.0,23600319.51,6501197.0,0.9,0,,1,"production_company|set_manual|null|METRO FILMS, S.R.L.|Document typo Product0or instead of Productor|Resolution PDF header p.1|2026-07-16|JDP",CIPAC-2026-067-HISTORIA-DE-LA-MUSICA-DOMINICANA-II-LA-BACHATA-BANCO-POPULAR-DOMINICANO-S.A.pdf
2398,CIPAC-2026-068,2026,,,1078,,art_39,approved,,,"DIAMOND MB PRODUCTIONS, S.R.L.",1-31-70716-5,,EXATLON 2024,2026-01-12,2026-02-09,1474072196.01,368518049.0,25.0,2176647214.0,2118551442.0,1.0,0,,0,,CIPAC-2026-068-XATLON-2024-DIAMOND-MB-PRODUCTIONS-S.R.L.pdf
2399,CIPAC-2026-069,2026,,,1239,727,art_34,approved,"BANCO POPULAR DOMINICANO, S. A. BANCO MÚLTIPLE",1-01-01063-2,"CARULA FILMS, S.R.L.",1-32-82177-7,,MEDIAS HERMANAS,2026-01-13,2026-02-09,74986211.0,74986211.0,100.0,105000000.0,102153151.72,0.9,0,,1,producer_rnc|set_manual|null|1-32-82177-7|OCR corrupted label Prgducfor instead of Productor|Resolution PDF header p.1|2026-07-16|JDP,CIPAC-2026-069-MEDIAS-HERMANAS-BANCO-POPULAR-DOMINICANO-S.A.pdf
2400,CIPAC-2026-070,2026,,,1239,727,art_34,approved,"BANCO MÚLTIPLE BDI, S.A.",1-01-04029-7,"CARULA FILMS, S.R.L.",1-32-82177-7,,MEDIAS HERMANAS,2026-01-13,2026-02-09,20000000.0,20000000.0,100.0,105000000.0,102153151.72,0.9,0,,1,producer_rnc|set_manual|null|1-32-82177-7|OCR corrupted label Fr9ducfor instead of Productor|Resolution PDF header p.1|2026-07-16|JDP,CIPAC-2026-070-MEDIAS-HERMANAS-BANCO-MULTIPLE-BDI-S.A.pdf
2401,CIPAC-2026-071,2026,,,1239,727,art_34,approved,"BUSINESS OF APTOSRD, S.R.L.",1-31-50411-6,"CARULA FILMS, S.R.L.",1-32-82177-7,,MEDIAS HERMANAS,2026-01-13,2026-02-09,3000000.0,3000000.0,100.0,105000000.0,102153151.72,1.0,0,,0,,CIPAC-2026-071-MEDIAS-HERMANAS-BUSINESS-OF-APTOSRD-S.R.L.pdf
2402,CIPAC-2026-072,2026,,,1239,727,art_34,approved,"REFRIPARTES, S.A.",1-01-03323-1,"CARULA FILMS, S.R.L.",1-32-82177-7,,MEDIAS HERMANAS,2026-01-13,2026-02-09,4153098.0,4153098.0,100.0,105000000.0,102153151.72,1.0,0,,0,,CIPAC-2026-072-MEDIAS-HERMANAS-REFRIPARTES-S.A.pdf
2403,CIPAC-2026-073,2026,,,1180,736,art_34,approved,"LEAR INVESTMENTS, S.A.",1-31-29583-5,"CUABA, S.R.L.",1-31-36014-9,,CABAÑAS,2026-01-13,2026-02-09,8000000.0,8000000.0,100.0,25000000.0,19000207.12,0.9,0,,1,producer_rnc|set_manual|null|1-31-36014-9|OCR corrupted label Pr9ducior instead of Productor|Resolution PDF header p.1|2026-07-16|JDP,CIPAC-2026-073-CABANAS-LEAR-INVESTMENTS-S.A.pdf
2404,CIPAC-2026-074,2026,,,1321,757,art_34,approved,"BANCO MÚLTIPLE BHD, S.A.",1-01-13679-2,"TARASIOS INVESTMENTS, S.R.L.",1-30-89431-2,,ARRECIFES EN EL PRECIPICIO,2026-01-13,2026-02-09,14827000.0,14827000.0,100.0,24827178.67,14827000.0,1.0,0,,0,,CIPAC-2026-074-ARRECIFES-EN-EL-PRECIPICIO-BANCO-MULTIPLE-BHD-S.A.pdf
2405,CIPAC-2026-075,2026,,,1282,788,art_34,approved,"ADMINISTRADORA DE FONDOS DE PENSIONES RESERVAS, S.A.",1-01-86939-9,"LOUD ALCO, S.R.L.",1-33-01025-9,,BIENAVENTURADAS LAS QUE LLORAN,2026-01-13,2026-02-09,2500000.0,2500000.0,100.0,61575157.0,59034107.52,0.9,0,,1,"production_company|set_manual|null|LOUD ALCO, S.R.L.|Document typo Product0or instead of Productor|Resolution PDF header p.1|2026-07-16|JDP;;total_budget_executed|correct_value|5.0|59034107.52|OCR read RDS5?9,034,107.52 missing digit after question mark|Resolution PDF budget executed section|2026-07-16|JDP",CIPAC-2026-075-BIENAVENTURADAS-LAS-QUE-LLORAN-ADMINISTRADORA-DE-FONDOS-DE-PENSIONES-RESERVAS-S.A.pdf
2406,CIPAC-2026-076,2026,,,1282,788,art_34,approved,"BANCO MÚLTIPLE LÓPEZ DE HARO, S.A.",1-01-14588-9,"LOUD ALCO, S.R.L.",1-33-01025-9,,BIENAVENTURADAS LAS QUE LLORAN,2026-01-13,2026-02-09,15000000.0,15000000.0,100.0,61575157.0,59034107.52,0.9,0,,1,"production_company|set_manual|null|LOUD ALCO, S.R.L.|Document typo Product0or instead of Productor|Resolution PDF header p.1|2026-07-16|JDP",CIPAC-2026-076-BIENAVENTURADAS-LAS-QUE-LLORAN-BANCO-MULTIPLE-LOPEZ-DE-HARO-S.A.pdf
2407,CIPAC-2026-077,2026,,,1282,788,art_34,approved,"BANCO POPULAR DOMINICANO, S. A. BANCO MÚLTIPLE",1-01-01063-2,"LOUD ALCO, S.R.L.",1-33-01025-9,,BIENAVENTURADAS LAS QUE LLORAN,2026-01-13,2026-02-09,30000000.0,30000000.0,100.0,61575157.0,59034107.52,0.9,0,,1,"production_company|set_manual|null|LOUD ALCO, S.R.L.|Document typo Product0or instead of Productor|Resolution PDF header p.1|2026-07-16|JDP;;total_budget_executed|correct_value|5.0|59034107.52|OCR read RDS5?9,034,107.52 missing digit after question mark|Resolution PDF budget executed section|2026-07-16|JDP",CIPAC-2026-077-BIENAVENTURADAS-LAS-QUE-LLORAN-BANCO-POPULAR-DOMINICANO-S.A.pdf
2408,CIPAC-2026-078,2026,,,1282,788,art_34,approved,"LEAR INVESTMENTS, S.A.",1-31-29583-5,"LOUD ALCO, S.R.L.",1-33-01025-9,,BIENAVENTURADAS LAS QUE LLORAN,2026-01-13,2026-02-09,3000000.0,3000000.0,100.0,61575157.0,59034107.52,0.9,0,,1,"production_company|set_manual|null|LOUD ALCO, S.R.L.|Document typo Product0or instead of Productor|Resolution PDF header p.1|2026-07-16|JDP",CIPAC-2026-078-BIENAVENTURADAS-LAS-QUE-LLORAN-LEAR-INVESTMENTS-S.A.pdf
2409,CIPAC-2026-079,2026,,,1282,788,art_34,approved,"SOCIEDAD ADMINISTRADORA DE FONDOS DE INVERSIÓN BHD, S.A. (SAFI-BHD)",1-30-90241-2,"LOUD ALCO, S.R.L.",1-33-01025-9,,BIENAVENTURADAS LAS QUE LLORAN,2026-01-13,2026-02-09,1967000.0,1967000.0,100.0,61575157.0,59034107.52,0.9,0,,1,"production_company|set_manual|null|LOUD ALCO, S.R.L.|Document typo Product0or instead of Productor|Resolution PDF header p.1|2026-07-16|JDP",CIPAC-2026-079-BIENAVENTURADAS-LAS-QUE-LLORAN-SOCIEDAD-ADMINISTRADORA-DE-FONDOS-DE-INVERSION-BHD-S.A.pdf
2410,CIPAC-2026-080,2026,,,1151,712,art_34,approved,"PIMENTEL & CO, S.R.L.",1-02-00113-8,"MOSTLY 001, S.R.L.",1-33-07904-6,,A MARTE,2026-01-13,2026-02-09,10000000.0,10000000.0,100.0,54225348.98,40600397.28,0.9,0,,1,"production_company|set_manual|null|MOSTLY 001, S.R.L.|Document typo Product0or instead of Productor|Resolution PDF header p.1|2026-07-16|JDP",CIPAC-2026-080-A-MARTE-PIMENTEL-CO-S.R.L.pdf
2411,CIPAC-2026-081,2026,,,1079,569,art_34,approved,"COMPAÑÍA DE ELECTRICIDAD DE SAN PEDRO DE MACORÍS, S.A.",1-01-79912-9,"LA BODA FILMS, S.R.L.",1-31-88378-8,,JUAN CANELA,2026-01-13,2026-02-09,3000000.0,3000000.0,100.0,54145112.97,50399776.07,1.0,0,,0,,CIPAC-2026-081-JUAN-CANELA-COMPANIA-DE-ELECTRICIDAD-DE-SAN-PEDRO-DE-MACORIS-S.A.pdf
2412,CIPAC-2026-082,2026,,,1327,672,art_34,approved,"CIELOS ACÚSTICOS, S.R.L.",1-01-75637-3,"LA FLOR DE AUYAMA FILMS, S.R.L.",1-31-45390-2,,ARTESANOS - ARTÍFICES DE SUEÑOS,2026-01-14,2026-02-09,2500000.0,2500000.0,100.0,44337459.37,33500196.82,1.0,0,,0,,CIPAC-2026-082-ARTESANOS-ARTIFICES-DE-SUENOS-CIELOS-ACUSTICOS-S.R.L.pdf
2413,CIPAC-2026-083,2026,,,1327,672,art_34,approved,"COPY SOLUTIONS INTERNATIONAL, S.A.",1-01-89885-2,"LA FLOR DE AUYAMA FILMS, S.R.L.",1-31-45390-2,,ARTESANOS - ARTÍFICES DE SUEÑOS,2026-01-14,2026-02-09,10000000.0,10000000.0,100.0,44337459.37,33500196.82,1.0,0,,0,,CIPAC-2026-083-ARTESANOS-ARTIFICES-DE-SUENOS-COPY-SOLUTIONS-INTERNATIONAL-S.A.pdf
2414,CIPAC-2026-084,2026,,,1327,872,art_34,approved,"JARDÍN CONSTANZA, S.R.L.",1-30-53998-7,"LA FLOR DE AUYAMA FILMS, S.R.L.",1-31-45390-2,,ARTESANOS - ARTÍFICES DE SUEÑOS,2026-01-14,2026-02-09,1000000.0,1000000.0,100.0,44337459.37,33500196.82,1.0,0,,0,,CIPAC-2026-084-ARTESANOS-ARTIFICES-DE-SUENOS-JARDIN-COSNTANZA-S.R.L.pdf
2415,CIPAC-2026-085,2026,,,1327,672,art_34,approved,"TERMO ENVASES, S.A.",1-01-57338-4,"LA FLOR DE AUYAMA FILMS, S.R.L.",1-31-45390-2,,ARTESANOS - ARTÍFICES DE SUEÑOS,2026-01-14,2026-02-09,20000000.0,20000000.0,100.0,44337459.37,33500196.82,1.0,0,,0,,CIPAC-2026-085-ARTESANOS-ARTIFICES-DE-SUENOS-TERMO-ENVASES-S.R.L.pdf
2416,CIPAC-2026-086,2026,,,1324,816,art_34,approved,"G. C. NEW HORIZONS NET, S.R.L.",1-01-80154-9,"GRUPO TRUKEMER, S.R.L.",1-31-08399-4,,CAMINAR CON UN DUENDE,2026-01-14,2026-02-09,2000000.0,2000000.0,100.0,24065233.0,18987170.0,0.9,0,,1,"production_company|set_manual|null|GRUPO TRUKEMER, S.R.L.|Document typo Product0or instead of Productor|Resolution PDF header p.1|2026-07-16|JDP",CIPAC-2026-086-CAMINAR-CON-UN-DUENDE-G.C.NEW-HORIZONS.NET-S.R.L.pdf
2417,CIPAC-2026-087,2026,,,1324,816,art_34,approved,"LA COLONIAL, S.A. - COMPANÍA DE SEGUROS",1-01-03122-2,"GRUPO TRUKEMER, S.R.L.",1-31-08399-4,,CAMINAR CON UN DUENDE,2026-01-14,2026-02-09,3000000.0,3000000.0,100.0,24065233.0,18987170.0,0.9,0,,1,"production_company|set_manual|null|GRUPO TRUKEMER, S.R.L.|Document typo Product0or instead of Productor|Resolution PDF header p.1|2026-07-16|JDP",CIPAC-2026-087-CAMINAR-CON-UN-DUENDE-LA-COLONIAL-S.A-COMPANIA-DE-SEGUROS.pdf
2418,CIPAC-2026-088,2026,,,1245,738,art_34,approved,"COBINCA, S.A.",1-01-19447-2,"RITMO FILMS, S.R.L.",1-33-11533-6,,SOY MERENGUE,2026-01-15,2026-02-09,2900000.0,2900000.0,100.0,24613311.15,23900000.0,1.0,0,,0,,CIPAC-2026-088-SOR-MERENGUE-COBINCA-S.A.pdf
2419,CIPAC-2026-090,2026,,,1328,845,art_34,approved,"BANCO POPULAR DOMINICANO, S. A. BANCO MÚLTIPLE",1-01-01063-2,"PONCHO MORADO FILMS, S.R.L.",1-30-75618-1,,MI PEDRO,2026-01-16,2026-02-26,10000000.0,10000000.0,100.0,24725987.0,10000000.0,1.0,0,,0,,CIPAC-2026-090-MI-PEDRO-BANCO-POPULAR-DOMINICANO-S.A.pdf
2420,CIPAC-2026-091,2026,,,1211,739,art_34,approved,"GRUPO COMETA, S.A.S.",1-01-01943-3,"LA CHOZA FILMS, S.R.L.",1-32-92761-3,,CAGUAMA,2026-01-16,2026-02-26,6000000.0,6000000.0,100.0,24152084.0,23800000.0,1.0,0,,0,,CIPAC-2026-091-CAGUAMA-GRUPO-COMETA-S.A.S.pdf
2421,CIPAC-2026-092,2026,,,1211,739,art_34,approved,"COBINCA, S.A.",1-01-19447-2,"LA CHOZA FILMS, S.R.L.",1-32-92761-3,,CAGUAMA,2026-01-16,2026-02-26,1800000.0,1800000.0,100.0,24152084.0,23800000.0,1.0,0,,0,,CIPAC-2026-092-CAGUAMA-COBINCA-S.A.pdf
2422,CIPAC-2026-093,2026,,,1191,686,art_34,approved,"COBINCA, S.A.",1-01-19447-2,"BOHUCO FILMS, S.R.L.",1-32-92636-6,,JULIQUEO DOMINICANO,2026-01-16,2026-02-26,1600000.0,1600000.0,100.0,54523833.75,52600000.0,0.9,0,,1,"production_company|set_manual|null|BOHUCO FILMS, S.R.L.|Document typo Product0or instead of Productor|Resolution PDF header p.1|2026-07-16|JDP",CIPAC-2026-093-JULIQUEO-DOMINICANO-COBINCA-S.A.pdf
2423,CIPAC-2026-094,2026,,,1300,773,art_34,approved,"KINNOX, S.A.",1-30-39219-6,"LA BODA FILMS, S.R.L.",1-31-88378-8,,ESPERANZA SONORA,2026-01-16,2026-02-26,3200000.0,3200000.0,100.0,25000000.0,10200253.22,1.0,0,,0,,CIPAC-2026-094-ESPERANZA-SONORA-KINNOX-S.A.pdf
2424,CIPAC-2026-095,2026,,,1331,848,art_34,approved,"CARIBETRANS, S.A.S.",1-01-03496-3,"DUHO CINEMA, S.R.L.",1-31-29320-4,,GULOYA,2026-01-19,2026-02-26,5000000.0,5000000.0,100.0,24994524.04,20000000.0,0.9,0,,1,request_date|set_manual|null|2026-01-19|OCR did not capture Solicitud de fecha line|Resolution PDF VISTOS section item 1|2026-07-16|JDP,CIPAC-2026-095-GULOYA-CARIBETRANS-S.A.S.pdf
2425,CIPAC-2026-096,2026,,,1331,848,art_34,approved,"CONCRESOL, S.R.L.",1-33-04747-2,"DUHO CINEMA, S.R.L.",1-31-29320-4,,GULOYA,2026-01-19,2026-02-26,5000000.0,5000000.0,100.0,24994524.04,20000000.0,0.9,0,,1,resolution_date|set_manual|null|2026-02-26|Stamp covers opening paragraph date|Resolution PDF opening paragraph|2026-07-16|JDP,CIPAC-2026-096-GULOYA-CONCRESOL-S.R.L.pdf
2426,CIPAC-2026-097,2026,,,1331,848,art_34,approved,"MARÍTIMA DEL CARIBE DOMINICANA, S.A.S.",1-01-66984-5,"DUHO CINEMA, S.R.L.",1-31-29320-4,,GULOYA,2026-01-19,2026-02-26,5000000.0,5000000.0,100.0,24994524.04,20000000.0,0.9,0,,1,resolution_date|set_manual|null|2026-02-26|Stamp covers opening paragraph date|Resolution PDF opening paragraph|2026-07-16|JDP,CIPAC-2026-097-GULOYA-MARITIMA-DEL-CARIBE-DOMINICANA-S.A.S.pdf
2427,CIPAC-2026-098,2026,,,1331,848,art_34,approved,"MARÍTIMA DOMINICANA, S.A.S.",1-01-02960-9,"DUHO CINEMA, S.R.L.",1-31-29320-4,,GULOYA,2026-01-19,2026-02-26,5000000.0,5000000.0,100.0,24994524.04,20000000.0,1.0,0,,0,,CIPAC-2026-098-GULOYA-MARITIMA-DOMINICANA-S.A.S.pdf
2428,CIPAC-2026-099,2026,,,1264,791,art_34,approved,"AFP CRECER, S.A.",1-01-86085-5,"METRO FILMS, S.R.L.",1-30-97291-5,,SUPERPOBLADO,2026-01-19,2026-02-26,5000000.0,5000000.0,100.0,58577787.6,43465851.0,0.9,0,,1,"production_company|set_manual|null|METRO FILMS, S.R.L.|Document typo Product0or instead of Productor|Resolution PDF header p.1|2026-07-16|JDP",CIPAC-2026-099-SUPERPOBLADO-AFP-CRECER-S.A.pdf
2429,CIPAC-2026-100,2026,,,1264,791,art_34,approved,"ADMINISTRADORA DE RIESGOS DE SALUD FUTURO, S.A.",1-01-55754-2,"METRO FILMS, S.R.L.",1-30-97291-5,,SUPERPOBLADO,2026-01-19,2026-02-26,10000000.0,10000000.0,100.0,58577787.8,43465851.0,0.9,0,,1,"production_company|set_manual|null|METRO FILMS, S.R.L.|Document typo Product0or instead of Productor|Resolution PDF header p.1|2026-07-16|JDP",CIPAC-2026-100-SUPERPOBLADO-ARS-FUTURO-S.A.pdf
2430,CIPAC-2026-101,2026,,,1264,791,art_34,approved,"EDITORA EL NUEVO DIARIO, S.A.",1-01-10050-8,"METRO FILMS, S.R.L.",1-30-97291-5,,SUPERPOBLADO,2026-01-19,2026-02-26,1500000.0,1500000.0,100.0,58577787.6,43465851.0,0.9,0,,1,"production_company|set_manual|null|METRO FILMS, S.R.L.|Document typo Product0or instead of Productor|Resolution PDF header p.1|2026-07-16|JDP",CIPAC-2026-101-SUPERPOBLADO-EDITORA-EL-NUEVO-DIARIO-S.A.pdf
2431,CIPAC-2026-102,2026,,,1264,721,art_34,approved,"J.D. GUERRERO, S.R.L.",1-01-00510-6,"METRO FILMS, S.R.L.",1-30-97291-5,,SUPERPOBLADO,2026-01-19,2026-02-26,1965851.0,1965851.0,100.0,58577787.6,43465851.0,0.9,0,,1,"production_company|set_manual|null|METRO FILMS, S.R.L.|Document typo Product0or instead of Productor|Resolution PDF header p.1|2026-07-16|JDP",CIPAC-2026-102-SUPERPOBLADO-J.D.-GUERRERO-S.R.L.pdf
2432,CIPAC-2026-103,2026,,,1264,791,art_34,approved,"VICTORIA YEB, S.A.",1-30-05391-1,"METRO FILMS, S.R.L.",1-30-97291-5,,SUPERPOBLADO,2026-01-19,2026-02-26,25000000.0,25000000.0,100.0,58577787.6,43465851.0,0.9,0,,1,"production_company|set_manual|null|METRO FILMS, S.R.L.|Document typo Product0or instead of Productor|Resolution PDF header p.1|2026-07-16|JDP",CIPAC-2026-103-SUPERPOBLADO-VICTORIA-YEB-S.A.pdf
2433,CIPAC-2026-104,2026,,,1325,849,art_34,approved,"PASTEURIZADORA RICA, S.A.",1-01-00441-1,"SKY FILMS, S.R.L.",1-31-72360-8,,HUBRIS TRUJILLO 1956-1960,2026-01-20,2026-02-26,24868460.0,24868460.0,100.0,25000000.0,24980960.0,1.0,0,,0,,CIPAC-2026-104-HUBRIS-TRUJILLO-1956-1960-PASTEURIZADORA-RICA-S.A.pdf
2434,CIPAC-2026-105,2026,,,1038,630,art_34,approved,"PASTEURIZADORA RICA, S.A.",1-01-00441-1,"SKY FILMS, S.R.L.",1-31-72360-8,,MARCAS EMBLEMÁTICAS 2,2026-01-20,2026-02-26,4000000.0,4000000.0,100.0,36872434.0,32509375.0,0.9,0,,1,producer_rnc|set_manual|null|1-31-72360-8|OCR corrupted label Pr9ducfor instead of Productor|Resolution PDF header p.1|2026-07-16|JDP,CIPAC-2026-105-MARCAS-EMBLEMATICAS2-PASTEURIZDORA-S.A.pdf
2435,CIPAC-2026-106,2026,,,1215,681,art_34,approved,"JJ ELECTRIC, S.A.",1-01-72549-4,"SINERGIAFILMS, S.R.L.",1-31-60885-1,,EL SILENCIO DE LA SOCIEDAD DOMINICANA,2026-01-23,2026-02-26,6000000.0,6000000.0,100.0,23907964.05,19700000.0,1.0,0,,0,,CIPAC-2026-106-EL-SILENCIO-DE-LA-SOCIEDAD-DOMINICANA-JJ-ELECTRIC-S.A.pdf
2436,CIPAC-2026-107,2026,,,1072,628,art_34,approved,"PASTEURIZADORA RICA, S.A.",1-01-00441-1,"LUNE FILMS PRODUCTIONS, S.R.L.",1-32-35784-1,,¿SUBES O BAJAS?,2026-01-23,2026-02-26,5000000.0,5000000.0,100.0,64817003.3,48000339.6,0.9,0,,1,"production_company|set_manual|null|LUNE FILMS PRODUCTIONS, S.R.L.|Document typo Product0or instead of Productor|Resolution PDF header p.1|2026-07-16|JDP",CIPAC-2026-107-¿SUBES-O-BAJAS-PASTEURIZADORA-RICA-S.A.pdf
2437,CIPAC-2026-108,2026,,,1072,628,art_34,approved,"FLOR DE ORO, S.R.L.",1-01-04469-1,"LUNE FILMS PRODUCTIONS, S.R.L.",1-32-35784-1,,¿SUBES O BAJAS?,2026-01-23,2026-02-26,7000000.0,7000000.0,100.0,64817003.3,48000339.6,0.9,0,,1,"production_company|set_manual|null|LUNE FILMS PRODUCTIONS, S.R.L.|Document typo Product0or instead of Productor|Resolution PDF header p.1|2026-07-16|JDP",CIPAC-2026-108-%C2%BFSUBES-O-BAJAS-FLOR-DE-ORO-S.R.L.pdf
2438,CIPAC-2026-109,2026,,,1330,742,art_34,approved,"REFRIPARTES, S.A.",1-01-03323-1,"LA ALEGORIA, S.R.L.",1-33-12635-4,,ELENA Y EL MAR,2026-01-30,2026-02-26,12500000.0,12500000.0,100.0,74659763.43,22000000.0,1.0,0,,0,,CIPAC-2026-109-ELENA-Y-EL-MAR-REFRIPARTES-S.A.pdf
2439,CIPAC-2026-110,2026,,,1330,742,art_34,approved,"CIELOS ACÚSTICOS, S.R.L.",1-01-75637-3,"LA ALEGORIA, S.R.L.",1-33-12635-4,,ELENA Y EL MAR,2026-01-30,2026-02-26,2000000.0,2000000.0,100.0,74659763.43,22000000.0,1.0,0,,0,,CIPAC-2026-110-ELENA-Y-EL-MAR-CIELOS-ACUSTICOS-S.R.L.pdf
2440,CIPAC-2026-111,2026,,,1330,742,art_34,approved,"UNITED PETROLEUM GRUPO HAINA, S.R.L.",1-30-07102-2,"LA ALEGORIA, S.R.L.",1-33-12635-4,,ELENA Y EL MAR,2026-01-30,2026-02-26,2500000.0,2500000.0,100.0,74659763.43,22000000.0,1.0,0,,0,,CIPAC-2026-111-ELENA-Y-EL-MAR-UNITED-PETROLEUM-GRUPO-HAINA-S.R.L.pdf
2441,CIPAC-2026-112,2026,,,1330,742,art_34,approved,"INDUVECA, S.A.",1-22-01122-6,"LA ALEGORIA, S.R.L.",1-33-12635-4,,ELENA Y EL MAR,2026-01-30,2026-02-26,5000000.0,5000000.0,100.0,74659763.43,22000000.0,1.0,0,,0,,CIPAC-2026-112-ELENA-Y-EL-MAR-INDUVECA-S.A.pdf
2442,CIPAC-2026-113,2026,,,1307,841,art_34,approved,"AFP CRECER, S.A.",1-01-86085-5,"INGENIO LATERAL, S.R.L.",1-30-96216-2,,LA NIÑA QUE SALVÓ LA NAVIDAD,2026-02-02,2026-02-26,7963378.0,7963378.0,100.0,66952525.0,65034042.0,0.9,0,,1,production_company|set_manual|null|INGENIO LATERAL S.R.L.|Document typo Product0or instead of Productor|Resolution PDF header p.1|2026-07-16|JDP,CIPAC-2026-113-LA-NINA-QUE-SALVO-LA-NAVIDAD-AFP-CRECER-S.A.pdf
2443,CIPAC-2026-114,2026,,,1307,841,art_34,approved,"CONSORCIO MINERO DOMINICANO, S.A.",1-30-03639-1,"INGENIO LATERAL, S.R.L.",1-30-96216-2,,LA NIÑA QUE SALVÓ LA NAVIDAD,2026-02-02,2026-02-26,13670000.0,13670000.0,100.0,66952525.0,65034042.0,0.8,0,,1,"production_company|set_manual|null|INGENIO LATERAL, S.R.L.|Document typo Product0or instead of Productor|Resolution PDF header p.1|2026-07-16|JDP;;total_budget_approved|set_manual|null|66952525.00|OCR noise in budget approval paragraph|Resolution PDF budget section|2026-07-16|JDP",CIPAC-2026-114-LA-NNA-QUE-SALVO-LA-NAVIDAD-CONSORCIO-MINERO-DOMINICANO-S.A.pdf
2444,CIPAC-2026-115,2026,,,1307,841,art_34,approved,"INDUVECA, S.A.",1-22-01122-6,"INGENIO LATERAL, S.R.L.",1-30-96216-2,,LA NIÑA QUE SALVÓ LA NAVIDAD,2026-02-02,2026-02-26,5000000.0,5000000.0,100.0,66952525.0,65034042.0,0.8,0,,1,"production_company|set_manual|null|INGENIO LATERAL, S.R.L.|Document typo Product0or instead of Productor|Resolution PDF header p.1|2026-07-16|JDP;;total_budget_approved|set_manual|null|66952525.00|OCR noise in budget approval paragraph|Resolution PDF budget section|2026-07-16|JDP",CIPAC-2026-115-LA-NINA-QUE-SALVO-LA-NAVIDAD-INDUVECA-S.A.pdf
2445,CIPAC-2026-116,2026,,,1307,841,art_34,approved,"MERCASID, S.A.",1-01-80768-7,"INGENIO LATERAL, S.R.L.",1-30-96216-2,,LA NIÑA QUE SALVÓ LA NAVIDAD,2026-02-02,2026-02-26,5000000.0,5000000.0,100.0,66952525.0,65034042.0,0.9,0,,1,production_company|set_manual|null|INGENIO LATERAL S.R.L.|Document typo Product0or instead of Productor|Resolution PDF header p.1|2026-07-16|JDP,CIPAC-2026-116-LA-NINA-QUE-SALVO-LA-NAVIDAD-MMERCASID-S.A.pdf
2446,CIPAC-2026-117,2026,,,1307,841,art_34,approved,"PETROMÓVIL, S.A.",1-01-69727-1,"INGENIO LATERAL, S.R.L.",1-30-96216-2,,LA NIÑA QUE SALVÓ LA NAVIDAD,2026-02-02,2026-02-26,11000000.0,11000000.0,100.0,66952525.0,65034042.0,0.9,0,,1,production_company|set_manual|null|INGENIO LATERAL S.R.L.|Document typo Product0or instead of Productor|Resolution PDF header p.1|2026-07-16|JDP,CIPAC-2026-117-LA-NINA-QUE-SALVO-LA-NAVIDAD-PETROMOVIL-S.A.pdf
2447,CIPAC-2026-118,2026,,,1307,841,art_34,approved,"PASTEURIZADORA RICA, S.A.",1-01-00441-1,"INGENIO LATERAL, S.R.L.",1-30-96216-2,,LA NIÑA QUE SALVÓ LA NAVIDAD,2026-02-02,2026-02-26,15000000.0,15000000.0,100.0,66952525.0,65034042.0,0.9,0,,1,production_company|set_manual|null|INGENIO LATERAL S.R.L.|Document typo Product0or instead of Productor|Resolution PDF header p.1|2026-07-16|JDP,CIPAC-2026-118-LA-NINA-QUE-SALVO-LA-NAVIDAD-PASTEURIZADORA-RICA-S.A.pdf
2448,CIPAC-2026-119,2026,,,1307,841,art_34,approved,"RIZEK, S.A.S.",1-01-66275-1,"INGENIO LATERAL, S.R.L.",1-30-96216-2,,LA NIÑA QUE SALVÓ LA NAVIDAD,2026-02-02,2026-02-26,7400000.0,7400000.0,100.0,66952525.0,65034042.0,0.9,0,,1,production_company|set_manual|null|INGENIO LATERAL S.R.L.|Document typo Product0or instead of Productor|Resolution PDF header p.1|2026-07-16|JDP,CIPAC-2026-119-LA-NINA-QUE-SALVO-LA-NAVIDAD-RIZEK-S.A.S.pdf
2449,CIPAC-2026-120,2026,,,1287,800,art_34,approved,"BANCO MÚLTIPLE SANTA CRUZ, S.A.",1-02-01292-1,"VEZLOP GROUP, S.R.L.",1-31-66655-8,,ANTOLOGÍA DEL DULCE DOMINICANO,2026-02-02,2026-02-26,2405814.0,2405814.0,100.0,24325476.0,21838436.0,0.9,0,,1,"production_company|set_manual|null|VEZLOP GROUP, S.R.L.|Document typo Product0or instead of Productor|Resolution PDF header p.1|2026-07-16|JDP",CIPAC-2026-120-ANTOLOGIA-DE-UN-DULCE-DOMINICANO-BANCO-MULTIPLE-SANTA-CRUZ-S.A.pdf
2450,CIPAC-2026-121,2026,,,1287,800,art_34,approved,"CONSORCIO MINERO DOMINICANO, S.A.",1-30-03639-1,"VEZLOP GROUP, S.R.L.",1-31-66655-8,,ANTOLOGÍA DEL DULCE DOMINICANO,2026-02-02,2026-02-26,10330000.0,10330000.0,100.0,24325476.0,21838436.0,0.9,0,,1,"production_company|set_manual|null|VEZLOP GROUP, S.R.L.|Document typo Product0or instead of Productor|Resolution PDF header p.1|2026-07-16|JDP",CIPAC-2026-121-ANTOLOGIA-DE-UN-DULCE-DOMINICANO-CONSORCIO-MINERO-DOMINICANO-S.A.pdf
2451,CIPAC-2026-122,2026,,,1287,800,art_34,approved,"PACIFIC ASSETS, CORP",1-22-01963-4,"VEZLOP GROUP, S.R.L.",1-31-66655-8,,ANTOLOGÍA DEL DULCE DOMINICANO,2026-02-02,2026-02-26,9100000.0,9100000.0,100.0,24325476.0,21838436.0,0.9,0,,1,"production_company|set_manual|null|VEZLOP GROUP, S.R.L.|Document typo Product0or instead of Productor|Resolution PDF header p.1|2026-07-16|JDP",CIPAC-2026-122-ANTOLOGIA-DE-UN-DULCE-DOMINICANO-PACIFIC-ASSETS-CORP.pdf
2452,CIPAC-2026-123,2026,,,1333,645,art_34,approved,"CENTROS DEL CARIBE, S.A.S.",1-01-70451-9,"ALMAFUERTE CINE 001, S.R.L.",1-32-62276-6,,EL MISTERIO DEL CARIBE,2026-02-03,2026-02-26,7000000.0,7000000.0,100.0,101500000.0,7000000.0,0.8,0,,1,"production_company|set_manual|null|ALMAFUERTE CINE 001, S.R.L.|Document typo Product0or instead of Productor|Resolution PDF header p.1|2026-07-16|JDP;;total_budget_approved|set_manual|null|101500000.00|OCR noise in budget approval paragraph|Resolution PDF budget section|2026-07-16|JDP",CIPAC-2026-123-EL-MISTERIO-DEL-CARIBE-CENTROS-DEL-CARIBE-S.A.S.pdf
2453,CIPAC-2026-124,2026,,,1333,645,art_34,approved,"SOCIEDAD ADMINISTRADORA DE FONDOS DE INVERSIÓN BHD, S.A. (SAFI-BHD)",1-30-90241-2,"ALMAFUERTE CINE 001, S.R.L.",1-32-62276-6,,EL MISTERIO DEL CARIBE,2026-02-03,2026-02-26,6000000.0,6000000.0,100.0,101500000.0,6000000.0,0.9,0,,1,"production_company|set_manual|null|ALMAFUERTE CINE 001, S.R.L.|Document typo Product0or instead of Productor|Resolution PDF header p.1|2026-07-16|JDP",CIPAC-2026-124-EL-MIWSTERIO-DEL-CARIBE-SOCIEDAD-ADMINISTRADORA-DE-FONDOS-DE-INVERSION-BHD-S.A.pdf
2454,CIPAC-2026-125,2026,,,1333,645,art_34,approved,"UNITED PETROLEUM GRUPO HAINA, S.R.L.",1-30-07102-2,"ALMAFUERTE CINE 001, S.R.L.",1-32-62276-6,,EL MISTERIO DEL CARIBE,2026-02-03,2026-02-26,1500000.0,1500000.0,100.0,101500000.0,1500000.0,0.9,0,,1,"production_company|set_manual|null|ALMAFUERTE CINE 001, S.R.L.|Document typo Product0or instead of Productor|Resolution PDF header p.1|2026-07-16|JDP",CIPAC-2026-125-EL-MISTERIO-DEL-CARIBE-UNITEDPETROLEUM-GRUPO-HAINA.-S.R.L.pdf
2455,CIPAC-2026-126,2026,,,1333,645,art_34,approved,"LA COLONIAL, S.A. - COMPANÍA DE SEGUROS",1-01-03122-2,"ALMAFUERTE CINE 001, S.R.L.",1-32-62276-6,,EL MISTERIO DEL CARIBE,2026-02-03,2026-02-26,4000000.0,4000000.0,100.0,101500000.0,4000000.0,0.9,0,,1,"production_company|set_manual|null|ALMAFUERTE CINE 001, S.R.L.|Document typo Product0or instead of Productor|Resolution PDF header p.1|2026-07-16|JDP",CIPAC-2026-126-EL-MISTERIO-DEL-CARIBE-LA-COLONIAL-S.A.-COMPANIA-DE-SEGUROS.pdf
2456,CIPAC-2026-127,2026,,,1333,645,art_34,approved,"REFRIPARTES, S.A.",1-01-03323-1,"ALMAFUERTE CINE 001, S.R.L.",1-32-62276-6,,EL MISTERIO DEL CARIBE,2026-02-03,2026-02-26,10000000.0,10000000.0,100.0,101500000.0,10000000.0,0.8,0,,1,"production_company|set_manual|null|ALMAFUERTE CINE 001, S.R.L.|Document typo Product0or instead of Productor|Resolution PDF header p.1|2026-07-16|JDP;;total_budget_approved|set_manual|null|101500000.00|OCR noise in budget approval paragraph|Resolution PDF budget section|2026-07-16|JDP",CIPAC-2026-127-EL-MISTERIO-DEL-CARIBE-REFRIPARTES-S.A.pdf
2457,CIPAC-2026-128,2026,,,1332,809,art_34,approved,"CERVECERÍA NACIONAL DOMINICANA, S.A.",1-01-00372-3,"XEPINON INVESTMENT, S.R.L.",1-31-38635-2,,EL SOÑADOR,2026-02-03,2026-02-26,30000000.0,30000000.0,100.0,79996057.0,53000000.0,1.0,0,,0,,CIPAC-2026-128-EL-SONADOR-CERVECERIA-NACIONAL-DOMINICANA-S.A.pdf
2458,CIPAC-2026-129,2026,,,1332,809,art_34,approved,"CONSORCIO MINERO DOMINICANO, S.A.",1-30-03639-1,"XEPINON INVESTMENT, S.R.L.",1-31-38635-2,,EL SOÑADOR,2026-02-03,2026-02-26,5000000.0,5000000.0,100.0,79996057.0,53000000.0,1.0,0,,0,,CIPAC-2026-129-EL-SONADOR-CONSORCIO-MINERO-DOMINICANO-S.A.pdf
2459,CIPAC-2026-130,2026,,,1332,809,art_34,approved,"CONSTRUCTORA 4G, S.R.L.",1-30-97866-2,"XEPINON INVESTMENT, S.R.L.",1-31-38635-2,,EL SOÑADOR,2026-02-03,2026-02-26,5000000.0,5000000.0,100.0,79996057.0,53000000.0,1.0,0,,0,,CIPAC-2026-130-EL-SONADOR-CONSTRUCTORA-4G-S.R.L.pdf
2460,CIPAC-2026-131,2026,,,1332,809,art_34,approved,"QUALA DOMINICANA, S.A.",1-01-74167-8,"XEPINON INVESTMENT, S.R.L.",1-31-38635-2,,EL SOÑADOR,2026-02-03,2026-02-26,13000000.0,13000000.0,100.0,79996057.0,53000000.0,1.0,0,,0,,CIPAC-2026-131-EL-SONADOR-QUALA-DOMINICANA-S.A.pdf
2461,CIPAC-2026-132,2026,,,1285,763,art_34,approved,"AEROPUERTO INTERNACIONAL DEL CIBAO, S.A.",1-02-61324-9,"SR11 FILMS, S.R.L.",1-33-17440-5,,LA BOCA DEL INFIERNO,2026-02-03,2026-02-26,21966344.0,21966344.0,100.0,87998885.0,80001060.0,1.0,0,,0,,CIPAC-2026-132-LA-BOCA-DEL-INFIERNO-AEROPUERTO-INTERNACIONAL-DEL-CIBAO-S.A.pdf
2462,CIPAC-2026-133,2026,,,1285,763,art_34,approved,"BANCO POPULAR DOMINICANO, S. A. BANCO MÚLTIPLE",1-01-01063-2,"SR11 FILMS, S.R.L.",1-33-17440-5,,LA BOCA DEL INFIERNO,2026-02-03,2026-02-26,55000000.0,55000000.0,100.0,87998885.0,80001060.0,1.0,0,,0,,CIPAC-2026-133-LA-BOCA-DEL-INFIRENO-BANCO-POPULAR-DOMINICANO-S.A.pdf
2463,CIPAC-2026-134,2026,,,1285,763,art_34,approved,"MORTEROS DE EUROPA, S.A.S.",1-02-62071-7,"SR11 FILMS, S.R.L.",1-33-17440-5,,LA BOCA DEL INFIERNO,2026-02-03,2026-02-26,3000000.0,3000000.0,100.0,87998885.0,80001060.0,1.0,0,,0,,CIPAC-2026-134-LA-BOCA-DEL-INFIRENO-MONTEROS-DE-EUROPA-S.A.S.pdf
2464,CIPAC-2026-135,2026,,,1329,846,art_34,approved,"BANCO MÚLTIPLE BHD, S.A.",1-01-13679-2,"ORGULLO DE QUISQUEYA, S.R.L.",1-32-43935-1,,GULOYA LLEGADA DE LOS ANCESTROS,2026-02-03,2026-02-26,24987162.0,24987162.0,100.0,25000000.0,24987162.0,1.0,0,,0,,CIPAC-2026-135-GULOYA-LA-LLEGADA-DE-LOS-ANCESTROS-BANCO-MULTIPLE-BHD-S.A.pdf
2465,CIPAC-2026-136,2026,,,1315,772,art_34,approved,"CERVECERÍA NACIONAL DOMINICANA, S.A.",1-01-00372-3,"GAME TIME FILMS, S.R.L.",1-32-77190-7,,LA CUMBRE: ASFALTO Y PASIÓN,2026-02-03,2026-02-26,20000000.0,20000000.0,100.0,24993831.0,20000421.0,0.9,0,,1,"production_company|set_manual|null|GAME TIME FILMS, S.R.L.|Document typo Product0or instead of Productor|Resolution PDF header p.1|2026-07-16|JDP",CIPAC-2026-136-LA-CUMBRE-ASFALTO-Y-PASION-S.A.pdf
2466,CIPAC-2026-137,2026,,,1306,599,art_34,approved,"BANCO MÚLTIPLE LÓPEZ DE HARO, S.A.",1-01-14588-9,"ZUMAIA 01, S.R.L.",1-32-80389-2,,LA HOGUERA,2026-02-03,2026-02-26,5000000.0,5000000.0,100.0,62500000.0,38001058.0,1.0,0,,0,,CIPAC-2026-137-LA-HOGUERA-BANCO-MULTIPLE-LOPEZ-DE-HARO-S.A.pdf
2467,CIPAC-2026-138,2026,,,1306,599,art_34,approved,"CERARTE, S.A.",1-01-50805-1,"ZUMAIA 01, S.R.L.",1-32-80389-2,,LA HOGUERA,2026-02-03,2026-02-26,5000000.0,5000000.0,100.0,62500000.0,38001058.0,1.0,0,,0,,CIPAC-2026-138-LA-HOGUERA-CERARTE-S.A.pdf
2468,CIPAC-2026-139,2026,,,1306,599,art_34,approved,"CONSORCIO ENERGÉTICO PUNTA CANA MACAO, S.A.",1-01-58340-1,"ZUMAIA 01, S.R.L.",1-32-80389-2,,LA HOGUERA,2026-02-03,2026-02-26,3000000.0,3000000.0,100.0,62500000.0,38001058.0,1.0,0,,0,,CIPAC-2026-139-LA-HOGUERA-CONSORCIO-ENERGETICO-PUNTA-CANA-MACAO-CEPM-S.A.pdf
2469,CIPAC-2026-140,2026,,,1306,599,art_34,approved,"CONSTRUCTORA MONTEBIANCO, S.R.L.",1-31-47453-5,"ZUMAIA 01, S.R.L.",1-32-80389-2,,LA HOGUERA,2026-02-03,2026-02-26,8500000.0,8500000.0,100.0,62500000.0,38001058.0,1.0,0,,0,,CIPAC-2026-140-LA-HOGUERA-CONSTRUCTORA-MONTEBIANCO-S.R.L.pdf
2470,CIPAC-2026-141,2026,,,1306,599,art_34,approved,"LA COLONIAL, S.A. - COMPANÍA DE SEGUROS",1-01-03122-2,"ZUMAIA 01, S.R.L.",1-32-80389-2,,LA HOGUERA,2026-02-03,2026-02-26,5000000.0,5000000.0,100.0,62500000.0,38001058.0,1.0,0,,0,,CIPAC-2026-141-LA-HOGUERA-LA-COLONIAL-S.A.-COMPANIA-DE-SEGUROS.pdf
2471,CIPAC-2026-142,2026,,,1306,599,art_34,approved,"MAGNA CORREDORES, S.R.L.",1-30-68202-1,"ZUMAIA 01, S.R.L.",1-32-80389-2,,LA HOGUERA,2026-02-03,2026-02-26,1500000.0,1500000.0,100.0,62500000.0,38001058.0,1.0,0,,0,,CIPAC-2026-142-LA-HOGUERA-MAGNA-CORREDORES-S.R.L.pdf
2472,CIPAC-2026-143,2026,,,1306,599,art_34,approved,"MARÍTIMA DOMINICANA, S.A.S.",1-01-02960-9,"ZUMAIA 01, S.R.L.",1-32-80389-2,,LA HOGUERA,2026-02-03,2026-02-26,5000000.0,5000000.0,100.0,62500000.0,38001058.0,0.9,0,,1,total_budget_approved|set_manual|null|62500000.00|OCR missed approval paragraph|Resolution PDF budget section|2026-07-16|JDP,CIPAC-2026-143-LA-HOGUERA-MARITIMA-DOMINICANA-S.A.S.pdf
2473,CIPAC-2026-144,2026,,,1262,698,art_34,approved,"AEROPUERTO INTERNACIONAL DEL CIBAO, S.A.",1-02-61324-9,"GAME TIME FILMS, S.R.L.",1-32-77190-7,,EL CAMINO DE SANAR,2026-02-03,2026-02-26,5000000.0,5000000.0,100.0,25000000.0,18907269.0,1.0,0,,0,,CIPAC-2026-144-EL-CAMINO-DE-SANAR-AEROPUERTO-INTERNACIONAL-DEL-CIBAO-S.A.pdf
2474,CIPAC-2026-145,2026,,,1262,698,art_34,approved,"ARS MONUMENTAL, S.A.",1-30-05800-8,"GAME TIME FILMS, S.R.L.",1-32-77190-7,,EL CAMINO DE SANAR,2026-02-03,2026-02-26,3907269.0,3907269.0,100.0,25000000.0,18907269.0,1.0,0,,0,,CIPAC-2026-145-EL-CAMINO-DE-SANAR-ARS-MONUMENTAL-S.A.pdf
2475,CIPAC-2026-146,2026,,,1262,698,art_34,approved,"CONSORCIO MINERO DOMINICANO, S.A.",1-30-03639-1,"GAME TIME FILMS, S.R.L.",1-32-77190-7,,EL CAMINO DE SANAR,2026-02-03,2026-02-26,5000000.0,5000000.0,100.0,25000000.0,18907269.0,1.0,0,,0,,CIPAC-2026-146-EL-CAMINO-DE-SANAR-CONSORCIO-MINERO-DOMINICANO-S.A.pdf
2476,CIPAC-2026-147,2026,,,1334,850,art_34,approved,"ABONOS DOMINICANOS ABODOM, S.R.L.",1-31-06888-1,"HELIX, S.R.L.",1-31-39469-8,,RÍO BLANCO,2026-02-03,2026-02-26,1500000.0,1500000.0,100.0,24997669.11,18555923.69,0.9,0,,1,"production_company|set_manual|null|HELIX, S.R.L.|Document typo Product0or instead of Productor|Resolution PDF header p.1|2026-07-16|JDP",CIPAC-2026-147-RIO-BLANCO-ABONOS-DOMINICANOS-ABODOM-S.R.L.pdf
2477,CIPAC-2026-148,2026,,,1334,850,art_34,approved,"DISASHOP DOMINICANA, S.R.L.",1-30-17301-1,"HELIX, S.R.L.",1-31-39469-8,,RÍO BLANCO,2026-02-03,2026-02-26,7000000.0,7000000.0,100.0,24997669.11,18555923.69,0.9,0,,1,"production_company|set_manual|null|HELIX, S.R.L.|Document typo Product0or instead of Productor|Resolution PDF header p.1|2026-07-16|JDP",CIPAC-2026-148-RIO-BLANCO-DISASHOP-DOMINICANA-S.R.L.pdf
2478,CIPAC-2026-149,2026,,,1334,850,art_34,approved,"TERMO ENVASES, S.A.",1-01-57338-4,"HELIX, S.R.L.",1-31-39469-8,,RÍO BLANCO,2026-02-03,2026-02-26,10000000.0,10000000.0,100.0,24997669.11,18555923.69,0.9,0,,1,"production_company|set_manual|null|HELIX, S.R.L.|Document typo Product0or instead of Productor|Resolution PDF header p.1|2026-07-16|JDP",CIPAC-2026-149-RIO-BLANCO-TERMO-ENVASES-S.A.pdf
2479,CIPAC-2026-150,2026,,,997,575,art_34,approved,"ENVASES MUNDIAL, S.R.L.",1-01-50276-2,"HANNAH FILMS, S.R.L.",1-31-97461-9,,MILLONETA: EL REGRESO,2026-02-04,2026-02-26,3900000.0,3900000.0,100.0,64850769.5,58854695.62,0.9,0,,1,"production_company|set_manual|null|HANNAH FILMS, S.R.L.|Document typo Product0or instead of Productor|Resolution PDF header p.1|2026-07-16|JDP",CIPAC-2026-150-MILLONETA-EL-REGRESO-ENVASES-MUNDIAL-S.R.L.pdf
2480,CIPAC-2026-151,2026,,,1343,730,art_34,approved,"COMPAÑÍA DE ELECTRICIDAD DE SAN PEDRO DE MACORÍS, S.A.",1-01-79912-9,"BOLECA FILMS, S.R.L.",1-32-38372-9,,EL PROTOCOLO,2026-02-04,2026-02-26,4000000.0,4000000.0,100.0,79932213.0,15000000.0,0.9,0,,1,"production_company|set_manual|null|BOLECA FILMS, S.R.L.|Document typo Product0or instead of Productor|Resolution PDF header p.1|2026-07-16|JDP",CIPAC-2026-151-EL-PROTOCOLO-COMPANIA-DE-ELECTRICIDAD-DE-SAN-PEDRO-DE-MACORIS-S.A.pdf
2481,CIPAC-2026-152,2026,,,1343,730,art_34,approved,"MARÍTIMA DOMINICANA, S.A.S.",1-01-02960-9,"BOLECA FILMS, S.R.L.",1-32-38372-9,,EL PROTOCOLO,2026-02-04,2026-02-26,1000000.0,1000000.0,100.0,79932213.0,15000000.0,0.9,0,,1,"production_company|set_manual|null|BOLECA FILMS, S.R.L.|Document typo Product0or instead of Productor|Resolution PDF header p.1|2026-07-16|JDP",CIPAC-2026-152-EL-PROTOCOLO-MARITIMA-DOMINICANA.-S.A.S-1.pdf
2482,CIPAC-2026-153,2026,,,1343,730,art_34,approved,"PASTEURIZADORA RICA, S.A.",1-01-00441-1,"BOLECA FILMS, S.R.L.",1-32-38372-9,,EL PROTOCOLO,2026-02-04,2026-02-26,5000000.0,5000000.0,100.0,79932213.0,15000000.0,0.9,0,,1,"production_company|set_manual|null|BOLECA FILMS, S.R.L.|Document typo Product0or instead of Productor|Resolution PDF header p.1|2026-07-16|JDP",CIPAC-2026-153-EL-PROTOCOLO-PASTEURIZADORA-RICA-S.A-1.pdf
2483,CIPAC-2026-154,2026,,,1343,730,art_34,approved,"INDUVECA, S.A.",1-22-01122-6,"BOLECA FILMS, S.R.L.",1-32-38372-9,,EL PROTOCOLO,2026-02-04,2026-02-26,5000000.0,5000000.0,100.0,79932213.0,15000000.0,0.9,0,,1,"production_company|set_manual|null|BOLECA FILMS, S.R.L.|Document typo Product0or instead of Productor|Resolution PDF header p.1|2026-07-16|JDP",CIPAC-2026-154-EL-PROTOCOLO-INDUVECA-S.A-1.pdf
2484,CIPAC-2026-155,2026,,,1316,839,art_34,approved,"ABONOS DOMINICANOS ABODOM, S.R.L.",1-31-06888-1,"MAFE FILMS, S.R.L.",1-31-02473-4,,ALZADOS,2026-02-04,2026-02-26,678770.0,678770.0,100.0,58733299.0,57178770.0,0.9,0,,1,"production_company|set_manual|null|MAFE FILMS, S.R.L.|Document typo Product0or instead of Productor|Resolution PDF header p.1|2026-07-16|JDP",CIPAC-2026-155-ALZADOS-ABONOS-DOMINICANOS-ABODOM-S.R.L-1.pdf
2485,CIPAC-2026-156,2026,,,1316,839,art_34,approved,"CONSORCIO ENERGÉTICO PUNTA CANA MACAO, S.A.",1-01-58340-1,"MAFE FILMS, S.R.L.",1-31-02473-4,,ALZADOS,2026-02-04,2026-02-26,4000000.0,4000000.0,100.0,58733299.0,57178770.0,0.9,0,,1,"production_company|set_manual|null|MAFE FILMS, S.R.L.|Document typo Product0or instead of Productor|Resolution PDF header p.1|2026-07-16|JDP",CIPAC-2026-156-ALZADOS-CONSORCIO-ENERGETICO-PUNTACANA-MACAO-CEPM-S.A-1.pdf
2486,CIPAC-2026-157,2026,,,1316,839,art_34,approved,"LOTERÍA ELECTRÓNICA INTERNACIONAL DOMINICANA, S.A.",1-01-70527-2,"MAFE FILMS, S.R.L.",1-31-02473-4,,ALZADOS,2026-02-04,2026-02-26,50000000.0,50000000.0,100.0,58733299.0,57178770.0,0.9,0,,1,"production_company|set_manual|null|MAFE FILMS, S.R.L.|Document typo Product0or instead of Productor|Resolution PDF header p.1|2026-07-16|JDP",CIPAC-2026-157-ALZADOS-LOTERIA-ELECTRONICA-INTERNACIONAL-DOMINICANA-S.A-1.pdf
2487,CIPAC-2026-158,2026,,,1316,839,art_34,approved,"MORTEROS DE EUROPA, S.A.S.",1-02-62071-7,"MAFE FILMS, S.R.L.",1-31-02473-4,,ALZADOS,2026-02-04,2026-02-26,2500000.0,2500000.0,100.0,58733299.0,57178770.0,0.9,0,,1,"production_company|set_manual|null|MAFE FILMS, S.R.L.|Document typo Product0or instead of Productor|Resolution PDF header p.1|2026-07-16|JDP",CIPAC-2026-158-ALZADOS-MONTEROS-DE-EUROPA-S.A.S-1.pdf
2488,CIPAC-2026-162,2026,,,1262,698,art_34,approved,"HOSPITAL METROPOLITANO DE SANTIAGO, S.A.",1-11-12794-7,"GAME TIME FILMS, S.R.L.",1-32-77190-7,,EL CAMINO DE SANAR,2026-02-03,2026-02-26,5000000.0,5000000.0,100.0,25000000.0,18907269.0,1.0,0,,0,,CIPAC-2026-162-EL-CAMINO-DE-SANAR-HOSPITAL-METROPOLITADO-DE-SANTIAGO-S.A.pdf
2489,CIPAC-2026-163,2026,,,1035,265,art_34,approved,"FARMACIA SAN LUIS DE SANTIAGO DE LOS CABALLEROS, S.R.L.",1-30-62353-8,"FÉNIX LEGENDARIO STUDIOS, S.R.L.",1-31-25185-4,,"BORU PELOTA (BÉISBOL, EL LENGUAJE QUE NOS UNE)",2026-02-05,2026-03-10,3000000.0,3000000.0,100.0,28896550.22,26016245.07,0.9,0,,1,"production_company|set_manual|null|FÉNIX LEGENDARIO STUDIOS, S.R.L.|Document typo Product0or instead of Productor|Resolution PDF header p.1|2026-07-16|JDP",CIPAC-2026-163-BORU-PELOTA-BEISBOL-EL-LENGUAJE-QUE-NOS-UNE-FARMACIA-SAN-LUIS-DE-SANTIAGO-DE-LOS-CABALLEROS-S.R.L.pdf
2490,CIPAC-2026-164,2026,,,1035,265,art_34,approved,"TRANSPORTE 720, S.R.L.",1-30-17109-2,"FÉNIX LEGENDARIO STUDIOS, S.R.L.",1-31-25185-4,,"BORU PELOTA (BÉISBOL, EL LENGUAJE QUE NOS UNE)",2026-02-05,2026-03-10,1000000.0,1000000.0,100.0,28896550.22,26016245.07,0.9,0,,1,"production_company|set_manual|null|FÉNIX LEGENDARIO STUDIOS, S.R.L.|Document typo Product0or instead of Productor|Resolution PDF header p.1|2026-07-16|JDP",CIPAC-2026-164-BORU-PELOTA-BEISBOL-EL-LENGUAJE-QUE-NOS-UNE-TRANSPORTE-720-S.R.L.pdf
2491,CIPAC-2026-165,2026,,,1035,265,art_34,approved,"TRANSPORTE MA, S.R.L.",1-30-11886-8,"FÉNIX LEGENDARIO STUDIOS, S.R.L.",1-31-25185-4,,"BORU PELOTA (BÉISBOL, EL LENGUAJE QUE NOS UNE)",2026-02-05,2026-03-10,2000000.0,2000000.0,100.0,28896550.22,26016245.07,0.9,0,,1,"production_company|set_manual|null|FÉNIX LEGENDARIO STUDIOS, S.R.L.|Document typo Product0or instead of Productor|Resolution PDF header p.1|2026-07-16|JDP",CIPAC-2026-165-BORU-PELOTA-BEISBOL-EL-LENGUAJE-QUE-NOS-UNE-TRANSPORTE-MA-S.R.L.pdf
2492,CIPAC-2026-166,2026,,,1035,265,art_34,approved,"ENA INGENIERIA Y MATERIALES, S.R.L.",1-30-95640-5,"FÉNIX LEGENDARIO STUDIOS, S.R.L.",1-31-25185-4,,"BORU PELOTA (BÉISBOL, EL LENGUAJE QUE NOS UNE)",2026-02-05,2026-03-10,1000000.0,1000000.0,100.0,28896550.22,26016245.07,0.9,0,,1,"production_company|set_manual|null|FÉNIX LEGENDARIO STUDIOS, S.R.L.|Document typo Product0or instead of Productor|Resolution PDF header p.1|2026-07-16|JDP",CIPAC-2026-166-BORU-PELOTA-BEISBOL-EL-LENGUAJE-QUE-NOS-UNE-ENA-INGENIERIA-Y-MATERIALES-S.R.L.pdf
2493,CIPAC-2026-167,2026,,,825,489,art_34,approved,"SERVICIOS ÁLVAREZ DE ADMINISTRACIÓN TÉCNICA, S.R.L.",1-01-13714-2,"HANNAH FILMS, S.R.L.",1-31-97461-9,,UNA HERMOSA COINCIDENCIA,2026-02-10,2026-03-10,300000.0,300000.0,100.0,51815455.27,49167441.29,0.8,0,,1,"production_company|set_manual|null|HANNAH FILMS, S.R.L.|Document typo Product0or instead of Productor|Resolution PDF header p.1|2026-07-16|JDP;;total_budget_approved|set_manual|null|51815455.27|OCR noise in budget approval paragraph|Resolution PDF budget section|2026-07-16|JDP",CIPAC-2026-167-UNA-HERMOSA-COINCIDENCIA-SERVICIOS-ALVAREZ-DE-ADMINISTRACION-TECNICA-S.R.L.pdf
2494,CIPAC-2026-168,2026,,,825,489,art_34,approved,"RAFAEL ÁLVAREZ, S.R.L.",1-02-00040-9,"HANNAH FILMS, S.R.L.",1-31-97461-9,,UNA HERMOSA COINCIDENCIA,2026-02-10,2026-03-10,2000000.0,2000000.0,100.0,51815455.27,49167441.29,0.9,0,,1,"production_company|set_manual|null|HANNAH FILMS, S.R.L.|Document typo Product0or instead of Productor|Resolution PDF header p.1|2026-07-16|JDP",CIPAC-2026-168-UNA-HERMOSA-COINCIDENCIA-RAFAEL-ALVAREZ-S.R.L.pdf
2495,CIPAC-2026-169,2026,,,1335,561,art_34,approved,"COBINCA, S.A.",1-01-19447-2,"PRENDE & ENTIENDE FILMS, S.R.L.",1-32-66309-8,,PALO,2026-02-11,2026-03-10,11453344.28,11453344.28,100.0,38029679.0,27003552.78,0.9,0,,1,"production_company|set_manual|null|PRENDE & ENTIENDE FILMS, S.R.L.|Document typo Product0or instead of Productor|Resolution PDF header p.1|2026-07-16|JDP",CIPAC-2026-169-PALO-COBINCA-S.A.pdf
2496,CIPAC-2026-170,2026,,,1335,561,art_34,approved,"CONSORCIO MINERO DOMINICANO, S.A.",1-30-03639-1,"PRENDE & ENTIENDE FILMS, S.R.L.",1-32-66309-8,,PALO,2026-02-11,2026-03-10,5000000.0,5000000.0,100.0,38029679.0,27003552.78,0.9,0,,1,"production_company|set_manual|null|PRENDE & ENTIENDE FILMS, S.R.L.|Document typo Product0or instead of Productor|Resolution PDF header p.1|2026-07-16|JDP",CIPAC-2026-170-PALO-CONSORCIO-MINERO-DOMINICANO-S.A.pdf
2497,CIPAC-2026-171,2026,,,1335,561,art_34,approved,"LABELS CARIBE, INC",1-30-70227-6,"PRENDE & ENTIENDE FILMS, S.R.L.",1-32-66309-8,,PALO,2026-02-11,2026-03-10,2000000.0,2000000.0,100.0,38029679.0,27003552.78,0.9,0,,1,"production_company|set_manual|null|PRENDE & ENTIENDE FILMS, S.R.L.|Document typo Product0or instead of Productor|Resolution PDF header p.1|2026-07-16|JDP",CIPAC-2026-171-PALO-LABELS-CARIBE-INC.pdf
2498,CIPAC-2026-172,2026,,,1335,561,art_34,approved,"PETROMÓVIL, S.A.",1-01-69727-1,"PRENDE & ENTIENDE FILMS, S.R.L.",1-32-66309-8,,PALO,2026-02-11,2026-03-10,5000000.0,5000000.0,100.0,38029679.0,27003552.78,0.9,0,,1,"production_company|set_manual|null|PRENDE & ENTIENDE FILMS, S.R.L.|Document typo Product0or instead of Productor|Resolution PDF header p.1|2026-07-16|JDP",CIPAC-2026-172-PALO-PETROMOVIL-S.A.pdf
2499,CIPAC-2026-173,2026,,,1335,561,art_34,approved,"RAVI CARIBE, S.A.",1-30-28788-2,"PRENDE & ENTIENDE FILMS, S.R.L.",1-32-66309-8,,PALO,2026-02-11,2026-03-10,3000000.0,3000000.0,100.0,38029679.0,27003552.78,0.9,0,,1,"production_company|set_manual|null|PRENDE & ENTIENDE FILMS, S.R.L.|Document typo Product0or instead of Productor|Resolution PDF header p.1|2026-07-16|JDP",CIPAC-2026-173-PALO-RAVI-CARIBE-S.A.pdf
2500,CIPAC-2026-174,2026,,,1303,821,art_34,approved,"GRUPO RAMOS, S.A.",1-01-79682-2,"GAME TIME FILMS, S.R.L.",1-32-77190-7,,DANDO PELO,2026-02-11,2026-03-10,17000000.0,17000000.0,100.0,17002305.0,17001452.0,0.9,0,,1,"production_company|set_manual|null|GAME TIME FILMS, S.R.L.|Document typo Product0or instead of Productor|Resolution PDF header p.1|2026-07-16|JDP",CIPAC-2026-174-DANDO-PELO-GRUPO-RAMOS-S.A.pdf
2501,CIPAC-2026-175,2026,,,707,247,art_34,approved,"DISASHOP DOMINICANA, S.R.L.",1-30-17301-1,"INFINITO PRODUCTIONS, S.R.L.",1-32-07836-5,,LA HORA DE VOLVE,2026-02-12,2026-03-10,2082443.06,2082443.06,100.0,21830653.0,17522321.79,0.8,0,,1,"film_title|set_manual|null|LA HORA DE VOLVE|OCR missed closing quote preventing title extraction|Resolution PDF header p.1|2026-07-16|JDP;;production_company|set_manual|null|INFINITO PRODUCTIONS, S.R.L.|Document typo Product0or instead of Productor|Resolution PDF header p.1|2026-07-16|JDP",CIPAC-2026-175-LA-HORA-DE-VOLVE-DISASHOP-DOMINICANA-S.R.L.pdf
2502,CIPAC-2026-176,2026,,,1350,854,art_34,approved,"INDUVECA, S.A.",1-22-01122-6,"FINAL LAYER FILMS, S.R.L.",1-33-47409-3,,A SIMPLE VISTA - FLORIDA,2026-02-12,2026-03-10,10999998.01,10999998.01,100.0,24982076.0,10999998.01,0.8,0,,1,production_company|set_manual|null|FINAL LAYER FILMS S.R.L.|Document typo Product0or instead of Productor|Resolution PDF header p.1|2026-07-16|JDP;;total_budget_approved|set_manual|null|24982076.00|OCR noise in budget approval paragraph|Resolution PDF budget section|2026-07-16|JDP,CIPAC-2026-176-A-SIMPLE-VISTA-INDUVECA-S.A.pdf
2503,CIPAC-2026-177,2026,,,879,519,art_34,approved,"BANCO POPULAR DOMINICANO, S. A. BANCO MÚLTIPLE",1-01-01063-2,"BAHÍA CAREY FILMS, S.R.L.",1-32-67051-5,,500 AÑOS DESPUÉS: LA HISTORIA CONTINÚA,2026-02-12,2026-03-10,19505821.5,19505821.5,100.0,67679986.0,59541947.5,0.9,0,,1,"production_company|set_manual|null|BAHÍA CAREY FILMS, S.R.L.|Document typo Product0or instead of Productor|Resolution PDF header p.1|2026-07-16|JDP",CIPAC-2026-177-500-ANOS-DESPUES-LA-HISTORIA-CONTINUA-BANCO-POPULAR-DOMINICANO-S.A.pdf
2504,CIPAC-2026-178,2026,,,1324,816,art_34,approved,"COLEGIO BILINGUE NEW HORIZONS, S.R.L.",1-01-15300-8,"GRUPO TRUKEMER, S.R.L.",1-31-08399-4,,CAMINAR CON UN DUENDE,2026-02-12,2026-03-10,1986603.0,1986603.0,100.0,24065233.0,18987170.0,0.9,0,,1,"production_company|set_manual|null|GRUPO TRUKEMER, S.R.L.|Document typo Product0or instead of Productor|Resolution PDF header p.1|2026-07-16|JDP",CIPAC-2026-178-CAMINAR-CON-UN-DUENDE-COLEGIO-BILINGUE-NEW-HORIZONS-S.R.L.pdf
2505,CIPAC-2026-179,2026,,,640,351,art_34,approved,"LUBRICANTES DOMINICANOS, S.R.L.",1-01-05451-4,"HANNAH FILMS, S.R.L.",1-31-97461-9,,CON UN PIE AQUÍ Y EL OTRO ALLÁ,2026-02-12,2026-03-10,6269292.74,6269292.74,100.0,41279417.81,35191861.86,1.0,0,,0,,CIPAC-2026-179-CON-UN-PIE-AQUI-Y-OTRO-ALLA-LUBRICANTES-DOMINICANOS-S.R.L.pdf
2506,CIPAC-2026-180,2026,,,1150,709,art_34,approved,"BANCO POPULAR DOMINICANO, S. A. BANCO MÚLTIPLE",1-01-01063-2,"BAHÍA CAREY FILMS, S.R.L.",1-32-67051-5,,SANA Y SALVA,2026-02-12,2026-03-10,20000000.0,20000000.0,100.0,67969976.0,60062088.14,1.0,0,,0,,CIPAC-2026-180-SANA-Y-SALVA-BANCO-POPULAR-DOMINICANO-S.A.pdf
2507,CIPAC-2026-181,2026,,,1288,750,art_34,approved,"ABONOS DOMINICANOS ABODOM, S.R.L.",1-31-06888-1,"JOYADISE, S.R.L.",1-31-56995-1,,"VETERANOS, PATRIA Y LEGADO",2026-02-13,2026-03-10,3000000.0,3000000.0,100.0,24486166.11,22487345.15,1.0,0,,0,,CIPAC-2026-181-VETERANOS-PATRIA-Y-LEGADO-ABONOS-DOMINICANOS-ABODOM-S.R.L.pdf
2508,CIPAC-2026-182,2026,,,1288,750,art_34,approved,"CIELOS ACÚSTICOS, S.R.L.",1-01-75637-3,"JOYADISE, S.R.L.",1-31-56995-1,,"VETERANOS, PATRIA Y LEGADO",2026-02-13,2026-03-10,1434255.03,1434255.03,100.0,24486166.11,22487345.15,1.0,0,,0,,CIPAC-2026-182-VETERANOS-PATRIA-Y-LEGADO-CIELOS-ACUTICOS-S.R.L.pdf
2509,CIPAC-2026-183,2026,,,1352,559,art_34,approved,"ADMINISTRADORA DE FONDOS DE PENSIONES RESERVAS, S.A.",1-01-86939-9,"F & B FILMS, S.R.L.",1-30-78516-3,,FRANK & ANA,2026-02-17,2026-03-10,5000000.0,5000000.0,100.0,73734632.26,5000000.0,0.9,0,,1,"production_company|set_manual|null|F & B FILMS, S.R.L.|Document typo Product0or instead of Productor|Resolution PDF header p.1|2026-07-16|JDP",CIPAC-2026-183-FRANK-ANA-ADMINISTRADORA-DE-FONDOS-DE-PENSIONES-RESERVAS-S.A.pdf
2510,CIPAC-2026-185,2026,,,1306,599,art_34,approved,"SINERCON, S.A.",1-01-65694-8,"ZUMAIA 01, S.R.L.",1-32-80389-2,,LA HOGUERA,2026-02-26,2026-04-15,5000000.0,5000000.0,100.0,62500000.0,38001058.0,1.0,0,,0,,CIPAC-2026-185-LA-HOGUERA-CINERCON-S.A.pdf
2511,CIPAC-2026-187,2026,,,1351,833,art_34,approved,"ISIDRO BORDAS, S.A.",1-02-00080-8,"POQ FILMS, S.R.L.",1-33-10062-2,,HIJO POR HIJO,2026-04-07,2026-05-07,14000000.0,14000000.0,100.0,46000000.0,14000000.0,0.8,0,,1,"production_company|set_manual|null|POQ FILMS, S.R.L.|Document typo Product0or instead of Productor|Resolution PDF header p.1|2026-07-16|JDP;;total_budget_approved|set_manual|null|46000000.00|OCR noise in budget approval paragraph|Resolution PDF budget section|2026-07-16|JDP",CIPAC-2026-187-HIJO-POR-HIJO-ISIDRO-BORDAS-S.A.pdf
2512,CIPAC-2026-188,2026,,,1351,833,art_34,approved,"BANCO MÚLTIPLE LÓPEZ DE HARO, S.A.",1-01-14588-9,"POQ FILMS, S.R.L.",1-33-10062-2,,HIJO POR HIJO,2026-04-07,2026-05-07,6000000.0,6000000.0,100.0,46000000.0,20004255.43,0.9,0,,1,"production_company|set_manual|null|POQ FILMS, S.R.L.|Document typo Product0or instead of Productor|Resolution PDF header p.1|2026-07-16|JDP",CIPAC-2026-188-HIJO-POR-HIJO-BANCO-MULTIPLE-LOPEZ-DE-HARO-S.A.pdf
2513,CIPAC-2026-190,2026,,,1255,783,art_34,approved,"BANCO MÚLTIPLE BDI, S.A.",1-01-04029-7,"REGENGY FILMS 15, S.R.L.",1-33-16284-9,,"DETAL PALO, TAL ASTILLA",2026-04-14,2026-05-07,4900000.0,4900000.0,100.0,74999267.0,74770232.58,1.0,0,,0,,CIPAC-2026-190-DE-TAL-PALO-TAL-ASTILLA-BANCO-MULTIPLE-BDI-S.A.pdf
2514,CIPAC-2026-191,2026,,,1341,836,art_34,approved,"CORPORACIÓN AEROPORTUARIA DEL ESTE, S.A.S.",1-01-09214-9,"ANBECA FILMS, S.R.L.",1-33-43891-7,,APORTE PATRIÓTICO DEL MERENGUE DOMINICANO,2026-04-14,2026-05-07,20000000.0,20000000.0,100.0,22382474.57,20087000.0,1.0,0,,0,,CIPAC-2026-191-APORTE-PATRIOTICO-DEL-MERENGUE-DOMINICANO-CORPORACION-AEROPORTUARIA-DEL-ESTE-S.A.S.pdf
2515,CIPAC-2026-192,2026,,,1333,645,art_34,approved,"BANCO MÚLTIPLE BDI, S.A.",1-01-04029-7,"ALMAFUERTE CINE 001, S.R.L.",1-32-62276-6,,EL MISTERIO DEL CARIBE,2026-04-14,2026-05-07,5000000.0,5000000.0,100.0,101500000.0,5000000.0,0.9,0,,1,"production_company|set_manual|null|ALMAFUERTE CINE 001, S.R.L.|Document typo Product0or instead of Productor|Resolution PDF header p.1|2026-07-16|JDP",CIPAC-2026-192-EL-MISTERIO-DEL-CARIBE-BANCO-MULTIPLE-BDI-S.A.pdf
2516,CIPAC-2026-193,2026,,,1333,645,art_34,approved,"GUNITEC, S.R.L.",1-30-69274-2,"ALMAFUERTE CINE 001, S.R.L.",1-32-62276-6,,EL MISTERIO DEL CARIBE,2026-04-14,2026-05-07,1200000.0,1200000.0,100.0,101500000.0,1200000.0,0.9,0,,1,"production_company|set_manual|null|ALMAFUERTE CINE 001, S.R.L.|Document typo Product0or instead of Productor|Resolution PDF header p.1|2026-07-16|JDP",CIPAC-2026-193-EL-MISTERIO-DEL-CARIBE-GUNITEC-S.R.L.pdf
2517,CIPAC-2026-194,2026,,,1330,742,art_34,approved,"CORPORACIÓN AEROPORTUARIA DEL ESTE, S.A.S.",1-01-09214-9,"LA ALEGORIA, S.R.L.",1-33-12635-4,,ELENA Y EL MAR,2026-04-14,2026-05-07,40000000.0,40000000.0,100.0,74659763.43,62000000.0,1.0,0,,0,,CIPAC-2026-194-ELENA-Y-EL-MAR-CORPORACION-AEROPORTUARIA-DEL-ESTE-S.A.S.pdf
2518,CIPAC-2026-196,2026,,,1283,,art_39,approved,,,"FILM 059, S.R.L.",1-32-92368-5,,THE ALTRUISTS,2026-05-21,2026-06-18,359254920.0,89813730.0,25.0,360777309.0,360580344.0,1.0,0,,0,,CIPAC-2026-196-THE-ALTRIISTS-FILM-059-S.R.L.pdf
2519,CIPAC-2026-197,2026,,,1334,850,art_34,approved,"ALMACENES IBERIA, S.R.L.",1-11-00047-5,"HELIX, S.R.L.",1-31-39469-8,,RÍO BLANCO,2026-05-27,2026-06-18,6000000.0,6000000.0,100.0,24997669.11,24545081.08,0.9,0,,1,"production_company|set_manual|null|HELIX, S.R.L.|Document typo Product0or instead of Productor|Resolution PDF header p.1|2026-07-16|JDP",CIPAC-2026-197-RIO-BLANCO-ALMACENES-IBERIA-S.R.L.pdf
2520,CIPAC-2026-198,2026,,,1372,752,art_34,approved,"CONSTRUCTORA DEL PAÍS, S.R.L.",1-02-30847-2,"LA CLAQUETA FS, S.R.L.",1-32-75161-2,,GUARDIANES DE MICHES UN SUEÑO VITAL,2026-05-28,2026-06-18,10000000.0,10000000.0,100.0,24160012.47,18002480.0,0.9,0,,1,"production_company|set_manual|null|LA CLAQUETA FS, S.R.L.|Document typo Product0or instead of Productor|Resolution PDF header p.1|2026-07-16|JDP",CIPAC-2026-198-GUARDIANES-DE-MICHES-UN-SUENO-VITAL-CONSTRUCTORA-DEL-PAIS-S.R.L.pdf
2521,CIPAC-2026-199,2026,,,1372,752,art_34,approved,"ALMACENES IBERIA, S.R.L.",1-11-00047-5,"LA CLAQUETA FS, S.R.L.",1-32-75161-2,,GUARDIANES DE MICHES UN SUEÑO VITAL,2026-05-28,2026-06-18,8000000.0,8000000.0,100.0,24160012.47,18002480.0,1.0,0,,0,,CIPAC-2026-199-GUARDIANES-DE-MICHES-UN-SUENO-VITAL-ALMACENES-IBERIA-S.R.L.pdf
2522,CIPAC-2026-200,2026,,,1352,559,art_34,approved,"CORPORACIÓN AEROPORTUARIA DEL ESTE, S.A.S.",1-01-09214-9,"F & B FILMS, S.R.L.",1-30-78516-3,,FRANK & ANA,2026-05-27,2026-07-16,35000000.0,35000000.0,100.0,73734632.26,40000000.0,1.0,0,,0,,CIPAC-2026-200-FRANK-ANA-CORPORACION-AEROPORTUARIA-DEL-ESTE-S.A.S.pdf
2523,CIPAC-2026-201,2026,,,1324,816,art_34,approved,"CORPORACIÓN AEROPORTUARIA DEL ESTE, S.A.S.",1-01-09214-9,"GRUPO TRUKEMER, S.R.L.",1-31-08399-4,,CAMINAR CON UN DUENDE,2026-07-09,2026-07-16,5000000.0,5000000.0,100.0,24065233.0,23998165.0,1.0,0,,0,,CIPAC-2026-201-CAMINAR-CON-UN-DUENDE-CORPORACION-AEROPORTUARIA-DEL-ESTE-S.A.S.pdf
2524,CIPAC-2026-202,2026,,,1338,,art_39,approved,,,"CARIBEMOTION RD, S.R.L.",1-01-86889-9,,NONWIVES S1,2026-05-25,2026-05-25,183752395.41,45938098.85,25.0,546169618.0,183752395.41,1.0,0,,0,,CIPAC-2026-202-NONWIVES-S1-CARIBEMOTION-RD-S.R.L.pdf
2525,CIPAC-2026-203,2026,,,1333,645,art_34,approved,"CORPORACIÓN AEROPORTUARIA DEL ESTE, S.A.S.",1-01-09214-9,"ALMAFUERTE CINE 001, S.R.L.",1-32-62276-6,,EL MISTERIO DEL CARIBE,2026-06-24,2026-07-16,25000000.0,25000000.0,100.0,101500000.0,79050516.36,1.0,0,,1,"production_company|set_manual|null|ALMAFUERTE CINE 001, S.R.L.|Document typo Product0or instead of Productor|Resolution PDF header p.1|2026-08-18|JDP",CIPAC-2026-203-EL-MISTERIO-DEL-CARIBE-CORPORACION-AEROPORTUARIA-DEL-ESTE-S.A.S.pdf
2526,CIPAC-2026-204,2026,,,1333,645,art_34,approved,"CASA PACO, S.A.",1-01-19151-1,"ALMAFUERTE CINE 001, S.R.L.",1-32-62276-6,,EL MISTERIO DEL CARIBE,2026-06-24,2026-07-16,15000000.0,15000000.0,100.0,101500000.0,79050516.36,1.0,0,,1,"production_company|set_manual|null|ALMAFUERTE CINE 001, S.R.L.|Document typo Product0or instead of Productor|Resolution PDF header p.1|2026-08-18|JDP",CIPAC-2026-204-EL-MISTERIO-DEL-CARIBE-CASA-PACO-S.A.pdf
2527,CIPAC-2026-205,2026,,,1333,645,art_34,approved,"BANCO POPULAR DOMINICANO, S.A.",1-01-01063-2,"ALMAFUERTE CINE 001, S.R.L.",1-32-62276-6,,EL MISTERIO DEL CARIBE,2026-06-24,2026-07-16,4350516.37,4350516.37,100.0,101500000.0,79050516.36,1.0,0,,1,"production_company|set_manual|null|ALMAFUERTE CINE 001, S.R.L.|Document typo Product0or instead of Productor|Resolution PDF header p.1|2026-08-18|JDP",CIPAC-2026-205-EL-MISTERIO-DEL-CARIBE-BANCO-POPULAR-DOMINICANO-S.A.pdf
2528,CIPAC-2026-206,2026,,,1317,842,art_34,approved,"BANCO DE AHORRO Y CRÉDITO ADOPEM, S.A.",1-03-00310-9,"VIEWFINDER, S.R.L.",1-30-94190-4,,EL AÑO DEL ECLIPSE,2026-06-25,2026-07-16,3894000.0,3894000.0,100.0,24998947.91,21894004.78,0.9,0,,1,investor_rnc|set_manual|null|1-03-00310-9|OCR read RN:C:: instead of R.N.C.|Resolution PDF header p.1|2026-08-18|JDP,CIPAC-2026-206-EL-ANO-DEL-ECLIPSE-BANCO-DE-AHORRO-Y-CREDITO-ADOPEM-S.A.pdf
2529,CIPAC-2026-207,2026,,,1317,842,art_34,approved,"BANCO MULTIPLE LOPEZ DE HARO, S.A.",1-01-14588-9,"VIEWFINDER, S.R.L.",1-30-94190-4,,EL AÑO DEL ECLIPSE,2026-06-25,2026-07-16,6000000.0,6000000.0,100.0,24998947.91,21894004.78,1.0,0,,0,,CIPAC-2026-207-EL-ANO-DEL-ECLIPSE-BANCO-MULTIPLE-LOPEZ-DE-HARO-S.A.pdf
2530,CIPAC-2026-208,2026,,,1386,873,art_34,approved,"AORDOMINICANA, S.A.S.",1-01-88872-5,"DOBLE CERO CINEMA, S.R.L.",1-33-16329-2,,OPTIMIZADA,2026-06-29,2026-07-16,12000000.0,12000000.0,100.0,35651898.04,12000000.0,1.0,0,,0,,CIPAC-2026-208-OPTIMIZADA-AORDOMINICANA-S.A.S.pdf
2531,CIPAC-2026-209,2026,,,1290,741,art_34,approved,"FERTILIZANTES SANTO DOMINGO, S.A.",1-01-00095-3,"PRODUCCIONES GUAYACANES 015, S.R.L.",1-33-12433-5,,COMEMIERDA,2026-06-29,2026-07-16,9800000.0,9800000.0,100.0,74875470.0,75051390.0,1.0,0,,0,,CIPAC-2026-209-COMEMIERDA-FERTILIZANTES-SANTO-DONINGO-S.A.pdf
2532,CIPAC-2026-210,2026,,,1330,742,art_34,approved,"CORPORACIÓN AEROPORTUARIA DEL ESTE, S.A.S.",1-01-09214-9,"LA ALEGORIA, S.R.L.",1-33-12635-4,,ELENA Y EL MAR,2026-06-29,2026-07-16,10000000.0,10000000.0,100.0,74659763.43,72000000.0,1.0,0,,0,,CIPAC-2026-210-ELENA-Y-EL-MAR-CORPORACION-AEROPORTUARIA-DEL-ESTE-S.A.S.pdf
2533,CIPAC-2026-211,2026,,,1282,788,art_34,approved,"BANCO DE AHORRO Y CRÉDITO ADOPEM, S.A.",1-03-00310-9,"LOUD ALCO, S.R.L.",1-33-01025-9,,BIENAVENTURADAS LAS QUE LLORAN,2026-07-01,2026-08-05,1193600.0,1193600.0,100.0,61575157.0,60227707.52,1.0,0,,1,"production_company|set_manual|null|LOUD ALCO, S.R.L.|Document typo Product0or instead of Productor|Resolution PDF header p.1|2026-08-18|JDP",CIPAC-2026-211-BIENAVENTURADAS-LAS-QUE-LLORAN-BANCO-DE-AHORRO-Y-CREDITO-ADOPEM-S.A.pdf
2534,CIPAC-2026-212,2026,,,1300,773,art_34,approved,"PETROMOVIL, S.A.",1-01-69727-1,"LA BODA FILMS, S.R.L.",1-31-88378-8,,ESPERANZA SONORA,2026-07-01,2026-08-05,2999100.71,2999100.71,100.0,25000000.0,13199588.51,1.0,0,,0,,CIPAC-2026-212-ESPERANZA-SONORA-PETROMOVIL-S.A.pdf
2535,CIPAC-2026-213,2026,,,1300,773,art_34,approved,"MADESOL, S.A.",1-01-67633-7,"LA BODA FILMS, S.R.L.",1-31-88378-8,,ESPERANZA SONORA,2026-07-08,2026-08-05,2000000.0,2000000.0,100.0,25000000.0,15199710.75,1.0,0,,0,,CIPAC-2026-213-ESPERANZA-SONORA-MADESOL-S.A.pdf
2536,CIPAC-2026-214,2026,,,1352,559,art_34,approved,"CORPORACIÓN AEROPORTUARIA DEL ESTE, S.A.S.",1-01-09214-9,"F & B FILMS, S.R.L.",1-30-78516-3,,FRANK & ANA,2026-07-09,2026-08-05,25000000.0,25000000.0,100.0,73734632.26,65000000.0,1.0,0,,0,,CIPAC-2026-214-FRANK-ANA-CORPORACION-AEROPORTUARIA-DEL-ESTE-S.A.S.pdf
2537,CIPAC-2026-215,2026,,,1405,827,art_34,approved,"CORPORACIÓN AEROPORTUARIA DEL ESTE, S.A.S.",1-01-09214-9,"ARAHUACOS FILMS, S.R.L.",1-33-28609-2,,TAÍNOS,2026-07-09,2026-08-05,14000000.0,14000000.0,100.0,25000000.0,14000000.0,1.0,0,,0,,CIPAC-2026-215-TAINOS-CORPORACION-AEROPORTUARIA-DEL-ESTE-S.A.S.pdf
2538,CIPAC-2026-216,2026,,,1271,759,art_34,approved,"BANCO DE AHORRO Y CRÉDITO ADOPEM, S.A.",1-03-00310-9,"LMA FILMS, S.R.L.",1-33-07103-7,,BAJO EL OJO VIGILANTE,2026-07-10,2026-08-05,1371999.99,1371999.99,100.0,30000000.0,29802060.99,1.0,0,,0,,CIPAC-2026-216-BAJO-EL-OJO-VIGILANTE-BANCO-DE-AHORRO-Y-CREDITO-ADOPEM-S.A.pdf
2539,CIPAC-2026-217,2026,,,1271,759,art_34,approved,"CORPORACIÓN AEROPORTUARIA DEL ESTE, S.A.S.",1-01-09214-9,"LMA FILMS, S.R.L.",1-33-07103-7,,BAJO EL OJO VIGILANTE,2026-07-10,2026-08-05,3299991.0,3299991.0,100.0,30000000.0,29802060.99,0.8,0,,1,cpnd_number|set_manual|null|759|OCR noise around CPND number in resolution text|Resolution PDF VISTOS section|2026-08-18|JDP;;total_budget_executed|set_manual|null|29802060.99|Stamp covers budget executed paragraph|Resolution PDF budget section|2026-08-18|JDP,CIPAC-2026-217-BAJO-EL-OJO-VIGILANTE-CORPORACIO-AEROPORTUARIA-DEL-ESTE-S.A.S.pdf
2540,CIPAC-2026-218,2026,,,1271,759,art_34,approved,"RIZEK, S.A.S.",1-01-66275-1,"LMA FILMS, S.R.L.",1-33-07103-7,,BAJO EL OJO VIGILANTE,2026-07-10,2026-08-05,5000000.0,5000000.0,100.0,30000000.0,29802060.99,1.0,0,,0,,CIPAC-2026-218-BAJO-EL-OJO-VIGILANTE-RIZEX-S.A.S.pdf
2541,CIPAC-2026-219,2026,,,1407,808,art_34,approved,"CORPORACIÓN AEROPORTUARIA DEL ESTE, S.A.S.",1-01-09214-9,"ANACAONA FLOR DE ORO FILMS, S.R.L.",1-32-31314-3,,GULOYAS: GUARDIANES DE UNA HERENCIA INMORTAL,2026-07-14,2026-08-05,15000000.0,15000000.0,100.0,24999958.72,15000000.87,1.0,0,,0,,CIPAC-2026-219-GULOYAS-GUARDIANES-DE-UNA-HERENCIA-INMORTAL-CORPORACION-AEROPORTUARIA-DEL-ESTE-S.A.S.pdf
2542,CIPAC-2026-220,2026,,,1359,856,art_34,approved,"CORPORACIÓN AEROPORTUARIA DEL ESTE, S.A.S.",1-01-09214-9,"EN OLLA MEDIA, S.R.L.",1-32-98058-1,,RELATOS CIMARRONES II,2026-07-14,2026-08-05,6699637.36,6699637.36,100.0,21624105.88,6699637.36,1.0,0,,0,,CIPAC-2026-220-RELATOS-CIMARRONES-II-CORPORACIUN-AEROPORTUARIA-DEL-ESTE-S.A.S.pdf
2543,CIPAC-2026-221,2026,,,1393,876,art_34,approved,"CORPORACIÓN AEROPORTUARIA DEL ESTE, S.A.S.",1-01-09214-9,"TIMECODE, S.R.L.",1-30-32923-2,,FANTASMAS,2026-07-15,2026-08-05,64904654.0,64904654.0,100.0,65000000.0,64904654.0,1.0,0,,0,,CIPAC-2026-221-FANTASMAS-CORPORACION-AEROPORTUARIA-DEL-ESTE-S.A.S.pdf
